kind,name,category,autocad_doc_url,nexus_implemented,nexus_source,notes
command,-3DOSNAP,,https://help.autodesk.com/cloudhelp/2026/ENU/AutoCAD-Core/files/GUID-94EC3384-D47B-418D-BBF4-FA54CF3BCB93.htm,parked,,out of scope under SD-05 (3D/mesh/surface/render)
command,-ACTSTOP,,https://help.autodesk.com/cloudhelp/2026/ENU/AutoCAD-Core/files/GUID-D90F7325-5000-4CFC-9529-6BCCFFCDA88C.htm,no,,"Stops the Action Recorder and, from the command line, provides the option of saving the recorded actions to an action macro file"
command,-ACTUSERMESSAGE,,https://help.autodesk.com/cloudhelp/2026/ENU/AutoCAD-Core/files/GUID-240E7E85-69FC-4919-863E-4E041B7A460B.htm,no,,"From the command line, inserts a user message into an action macro."
command,-ARCHIVE,,https://help.autodesk.com/cloudhelp/2026/ENU/AutoCAD-Core/files/GUID-22509544-FC8E-4E87-9BFA-F9D896B96557.htm,no,,"From the command prompt, packages the current sheet set files for storage."
command,-ARRAY,,https://help.autodesk.com/cloudhelp/2026/ENU/AutoCAD-Core/files/GUID-8336B4CD-5375-4290-BD08-7D9E022741F6.htm,no,,"From the command line, creates copies of objects arranged in a pattern."
command,-ATTACH,,https://help.autodesk.com/cloudhelp/2026/ENU/AutoCAD-Core/files/GUID-A58A40E8-6586-4025-8F76-E05AA0E67B9A.htm,no,,"From the Command prompt, inserts references to external files such as other drawings, raster images, point clouds, coordination models, and underlays."
command,-ATTDEF,,https://help.autodesk.com/cloudhelp/2026/ENU/AutoCAD-Core/files/GUID-5C99524B-B5BB-4067-AE18-BD3575F29DBF.htm,yes,packages/kernel/src/commands.rs:695,"At the Command prompt, creates an attribute definition for storing data in a block."
command,-ATTEDIT,,https://help.autodesk.com/cloudhelp/2026/ENU/AutoCAD-Core/files/GUID-B1B9504C-A75A-4CF4-8D12-C193C1D9CDD0.htm,no,,"At the Command prompt, changes attribute information in a block."
command,-ATTEXT,,https://help.autodesk.com/cloudhelp/2026/ENU/AutoCAD-Core/files/GUID-BE49A430-DACA-4B9C-A0B0-34EB55D0EE26.htm,no,,"From the Command prompt, extracts attribute data, informational text associated with a block, into a file."
command,-BCPARAMETER,,https://help.autodesk.com/cloudhelp/2026/ENU/AutoCAD-Core/files/GUID-046DDE9D-A13E-45C9-92EF-62D61B61A02D.htm,no,,"Applies constraint parameters to selected objects, or converts dimensional constraints to parameter constraints."
command,-BEDIT,,https://help.autodesk.com/cloudhelp/2026/ENU/AutoCAD-Core/files/GUID-8140793D-79BF-4A31-B062-3F1F6B6A2EB4.htm,yes,packages/kernel/src/commands.rs:713; packages/kernel/src/commands.rs:716,Opens the block definition in the Block Editor from the Command prompt.
command,-BLOCK,,https://help.autodesk.com/cloudhelp/2026/ENU/AutoCAD-Core/files/GUID-816B2D9C-F518-4E8B-971F-08E0E43006E7.htm,yes,packages/kernel/src/commands.rs:191,"At the Command prompt, creates a block definition from selected objects."
command,-BOUNDARY,,https://help.autodesk.com/cloudhelp/2026/ENU/AutoCAD-Core/files/GUID-B95DD3D4-BDEA-40C0-85CD-1C1CD61BBDA7.htm,no,,"At the Command prompt, creates regions or polylines from enclosed areas."
command,-BREPLACE,,https://help.autodesk.com/cloudhelp/2026/ENU/AutoCAD-Core/files/GUID-06BD6E4D-5060-4628-B4DC-88BE802AD32E.htm,no,,"At the Command prompt, replaces specified block references with a different block."
command,-BSEARCH,,https://help.autodesk.com/cloudhelp/2026/ENU/AutoCAD-Core/files/GUID-6C8167C4-2849-4823-8003-37B3C79941F5.htm,no,,"At the Command prompt, converts the selected entities and identical instances into blocks."
command,-BVSTATE,,https://help.autodesk.com/cloudhelp/2026/ENU/AutoCAD-Core/files/GUID-02DEB284-3E53-4AFA-8924-87864CBB330B.htm,no,,"At the command prompt, creates, sets, or deletes a visibility state in a dynamic block."
command,-COLOR,,https://help.autodesk.com/cloudhelp/2026/ENU/AutoCAD-Core/files/GUID-94630133-72B7-4EC7-859C-5798F1ADBB8C.htm,no,,Sets the color for new objects from the Command prompt.
command,-COMPARE,,https://help.autodesk.com/cloudhelp/2026/ENU/AutoCAD-Core/files/GUID-5EBAB3C3-AE1F-42FC-BE56-F018E2E17E0E.htm,no,,"At the Command prompt, compares a specified drawing to the current drawing."
command,-COORDINATIONMODELATTACH,,https://help.autodesk.com/cloudhelp/2026/ENU/AutoCAD-Core/files/GUID-FE727B97-4918-480C-9C90-DF148371BE47.htm,no,,"From the Command prompt, inserts references to coordination models such as NWD and NWC Navisworks files."
command,-COPYTOLAYER,,https://help.autodesk.com/cloudhelp/2026/ENU/AutoCAD-Core/files/GUID-4327BDE7-58FB-4199-93D4-ECD356C0E89E.htm,no,,Copies one or more objects to another layer from the Command prompt.
command,-DATAEXTRACTION,,https://help.autodesk.com/cloudhelp/2026/ENU/AutoCAD-Core/files/GUID-FCF91624-D9DB-4D07-8958-6A8E823E3888.htm,no,,Extracts data as specified in an existing attribute extraction template (BLK) file or data extraction (DXE or DXEX) file.
command,-DGNATTACH,,https://help.autodesk.com/cloudhelp/2026/ENU/AutoCAD-Core/files/GUID-05666320-4737-4599-9D0A-03165E161657.htm,no,,Attach a DGN underlay from the command line.
command,-DGNBIND,,https://help.autodesk.com/cloudhelp/2026/ENU/AutoCAD-Core/files/GUID-757D2268-C0BB-465D-A304-321FCFEE80A1.htm,no,,Binds DGN underlays to the current drawing.
command,-DGNEXPORT,,https://help.autodesk.com/cloudhelp/2026/ENU/AutoCAD-Core/files/GUID-9E309147-34D2-4222-8D91-BC8AF7383CA1.htm,no,,"At the Command prompt, creates one or more DGN files from the current drawing."
command,-DGNIMPORT,,https://help.autodesk.com/cloudhelp/2026/ENU/AutoCAD-Core/files/GUID-9211BFCA-B2AF-42FE-A4E4-5BEA213BBD34.htm,no,,"At the Command prompt, imports data from DGN files."
command,-DIMINSPECT,,https://help.autodesk.com/cloudhelp/2026/ENU/AutoCAD-Core/files/GUID-A8AC3ACB-6722-44E1-B4F8-1E4F1CE45B78.htm,no,,"From the Command prompt, adds or removes inspection information from a selected dimension."
command,-DIMSTYLE,,https://help.autodesk.com/cloudhelp/2026/ENU/AutoCAD-Core/files/GUID-61AD7FCE-E7C5-401E-BAA4-3059F914FAD9.htm,no,,"At the Command prompt, creates and modifies dimension styles."
command,-DWFATTACH,,https://help.autodesk.com/cloudhelp/2026/ENU/AutoCAD-Core/files/GUID-8CBD320C-1A80-43A0-B8C1-BC9A35AC5960.htm,no,,"From the Command prompt, attach a DWF underlay."
command,-EATTEXT,,https://help.autodesk.com/cloudhelp/2026/ENU/AutoCAD-Core/files/GUID-912DAC33-2FBA-4830-B94F-5D25EC740AFE.htm,no,,"From the Command line, extracts data as specified in an existing attribute extraction template (BLK) file or data extraction (DXE or DXEX) file."
command,-ETRANSMIT,,https://help.autodesk.com/cloudhelp/2026/ENU/AutoCAD-Core/files/GUID-B6F7102A-4C14-45F0-B3B4-D5E5E4086EE5.htm,no,,"From the Command line, packages a set of files for internet transmission."
command,-EXPORT,,https://help.autodesk.com/cloudhelp/2026/ENU/AutoCAD-Core/files/GUID-EC98464B-D222-4673-BBE1-AF4B20EBF150.htm,no,,"Creates a DWF, DWFx, or PDF file from the command line."
command,-GRAPHICSCONFIG,,https://help.autodesk.com/cloudhelp/2026/ENU/AutoCAD-Core/files/GUID-0A5B89D1-0A3F-4895-8392-4FAF876D5048.htm,no,,Sets hardware acceleration on or off and provides access to display performance options on the command line.
command,-GROUP,,https://help.autodesk.com/cloudhelp/2026/ENU/AutoCAD-Core/files/GUID-2AED1AD1-95C7-4445-9975-4632D809B53C.htm,yes,packages/kernel/src/commands.rs:540; packages/kernel/src/commands.rs:547; packages/kernel/src/commands.rs:550; packages/kernel/src/commands.rs:554; packages/kernel/src/commands.rs:558; packages/kernel/src/commands.rs:562,Creates and manages saved sets of objects called groups.
command,-HATCH,,https://help.autodesk.com/cloudhelp/2026/ENU/AutoCAD-Core/files/GUID-410ECEBF-7CC2-4000-A45E-18F1F6BEE423.htm,no,,"Uses command prompts to fill an enclosed area or selected objects with a hatch pattern, solid fill, or gradient fill."
command,-HATCHEDIT,,https://help.autodesk.com/cloudhelp/2026/ENU/AutoCAD-Core/files/GUID-B2F5A812-81A8-48C2-83E1-C21708732CD5.htm,no,,"From the Command prompt, modifies existing hatches or fills."
command,-HYPERLINK,,https://help.autodesk.com/cloudhelp/2026/ENU/AutoCAD-Core/files/GUID-AA172BC1-5402-4884-8697-6EE4490B2FB8.htm,no,,"From the Command prompt, inserts and removes hyperlinks from areas or to selected objects."
command,-IMAGE,,https://help.autodesk.com/cloudhelp/2026/ENU/AutoCAD-Core/files/GUID-304332F2-A8EE-462A-9FE3-2A265096BA8D.htm,no,,Attaches a raster image to the drawing.
command,-IMAGEADJUST,,https://help.autodesk.com/cloudhelp/2026/ENU/AutoCAD-Core/files/GUID-27E2796C-642F-4649-A903-5FE6597263C4.htm,no,,"Controls the brightness, contrast, and fade values of images."
command,-INPUTSEARCHOPTIONS,,https://help.autodesk.com/cloudhelp/2026/ENU/AutoCAD-Core/files/GUID-3B84DB63-C960-45CF-A8E1-3BB405CF3A46.htm,no,,"From the command line, controls settings for display of the command line suggestion list for commands, system variables, and named objects."
command,-INSERT,,https://help.autodesk.com/cloudhelp/2026/ENU/AutoCAD-Core/files/GUID-BB831F94-6385-4490-8DE9-7C565CD1B639.htm,yes,packages/kernel/src/commands.rs:197,Inserts a block or drawing into the current drawing.
command,-INSERTCONTENT,,https://help.autodesk.com/cloudhelp/2026/ENU/AutoCAD-Core/files/GUID-B5D64510-561E-4FA9-8AD6-625445CCD81F.htm,no,,Inserts a drawing or block into the current drawing.
command,-INTERFERE,,https://help.autodesk.com/cloudhelp/2026/ENU/AutoCAD-Core/files/GUID-A3EDAAAF-7963-46B6-8EC7-6B0F3E6654C3.htm,parked,,out of scope under SD-05 (3D/mesh/surface/render)
command,-LAYDEL,,https://help.autodesk.com/cloudhelp/2026/ENU/AutoCAD-Core/files/GUID-D34784C7-4C6F-4DCE-B0F2-A26E97BD01F0.htm,no,,"At the Command prompt, deletes all objects on a layer and purges the layer."
command,-LAYER,,https://help.autodesk.com/cloudhelp/2026/ENU/AutoCAD-Core/files/GUID-2C75A883-10CA-4B6C-96AC-BCD7A7794614.htm,yes,packages/kernel/src/commands.rs:109; packages/kernel/src/commands.rs:113; packages/kernel/src/commands.rs:128; packages/kernel/src/commands.rs:124; packages/kernel/src/commands.rs:116; packages/kernel/src/commands.rs:120,Manages layers and layer properties.
command,-LAYMCH,,https://help.autodesk.com/cloudhelp/2026/ENU/AutoCAD-Core/files/GUID-EB2CEB75-FF85-4719-94DF-9A9DC8BFA8A7.htm,no,,Changes the layer of a selected object to match the layer of a selected object.
command,-LAYMRG,,https://help.autodesk.com/cloudhelp/2026/ENU/AutoCAD-Core/files/GUID-0976544F-76F9-444C-86D3-91BEAABECCD8.htm,no,,"At the Command prompt, merges selected layers into a target layer."
command,-LINETYPE,,https://help.autodesk.com/cloudhelp/2026/ENU/AutoCAD-Core/files/GUID-A6089331-227F-44F1-BA0C-06BC1568C3BB.htm,no,,"At the Command prompt, loads, sets, and modifies linetypes."
command,-LWEIGHT,,https://help.autodesk.com/cloudhelp/2026/ENU/AutoCAD-Core/files/GUID-B67E6B06-D2FE-49FB-8289-96DBD74F8A0C.htm,no,,"Sets the current lineweight, lineweight display options, and lineweight units."
command,-MARKUPASSIST,,https://help.autodesk.com/cloudhelp/2026/ENU/AutoCAD-Core/files/GUID-26A9073B-A2E2-4E2C-AB90-53614C9F9795.htm,no,,"At the Command prompt, analyzes an imported markup and can help place text callouts and revision clouds faster and with less manual effort."
command,-MARKUPIMPORT,,https://help.autodesk.com/cloudhelp/2026/ENU/AutoCAD-Core/files/GUID-5B1F0D89-D858-45DB-89C5-4093037DF959.htm,no,,"At the command prompt, imports a marked up drawing (image/pdf) in-place into your DWG as a new trace."
command,-MLEDIT,,https://help.autodesk.com/cloudhelp/2026/ENU/AutoCAD-Core/files/GUID-92446C44-2F3B-464B-8F8E-6CD8D96BC8EC.htm,no,,"Edits multiline intersections, breaks, and vertices."
command,-MTEXT,,https://help.autodesk.com/cloudhelp/2026/ENU/AutoCAD-Core/files/GUID-F94BE932-DA31-437E-9610-27F46ACD5711.htm,no,,Creates a multiline text object.
command,-OBJECTSCALE,,https://help.autodesk.com/cloudhelp/2026/ENU/AutoCAD-Core/files/GUID-56A9DC12-D049-4384-BDD3-E8D60091AF36.htm,no,,"From the Command prompt, adds or deletes supported scales for annotative objects."
command,-OVERKILL,,https://help.autodesk.com/cloudhelp/2026/ENU/AutoCAD-Core/files/GUID-0916FE53-F816-4C40-AA5E-5E8CBFD7F73F.htm,no,,"Removes duplicate or overlapping lines, arcs, and polylines. Also, combines partially overlapping or contiguous ones."
command,-PAGESETUP,,https://help.autodesk.com/cloudhelp/2026/ENU/AutoCAD-Core/files/GUID-8BCC8A24-E396-4FFB-BA91-10D8DCB3359E.htm,no,,"Modifies the current page layout settings for the plotting device, paper size, plot scale, and several other settings in the command line."
command,-PAN,,https://help.autodesk.com/cloudhelp/2026/ENU/AutoCAD-Core/files/GUID-E7E03AF4-6AEA-405E-8FC4-4C271E6F599A.htm,no,,Shifts the view by specifying up to two points to determine a distance and direction.
command,-PARAMETERS,,https://help.autodesk.com/cloudhelp/2026/ENU/AutoCAD-Core/files/GUID-552B93BC-1F01-46B4-8A55-91196EEF909B.htm,no,,"Opens the Parameters Manager palette that includes all dimensional constraint parameters, reference parameters, and user variables in the current drawing."
command,-PARTIALOAD,,https://help.autodesk.com/cloudhelp/2026/ENU/AutoCAD-Core/files/GUID-C72F21B8-5720-43FA-AC4C-E19DA3E37A84.htm,no,,Loads additional geometry into a partially opened drawing from the command line.
command,-PDFATTACH,,https://help.autodesk.com/cloudhelp/2026/ENU/AutoCAD-Core/files/GUID-BF58207C-52B7-437B-87F5-5201939A1AC8.htm,no,,Attach a PDF underlay from the command line.
command,-PDFIMPORT,,https://help.autodesk.com/cloudhelp/2026/ENU/AutoCAD-Core/files/GUID-ADEE1DE4-3CEF-432D-95F2-014F326E8B2A.htm,no,,Imports the objects in a PDF file or an attached PDF underlay from the command line.
command,-PDFSHXTEXT,,https://help.autodesk.com/cloudhelp/2026/ENU/AutoCAD-Core/files/GUID-178F4A46-2D7B-419D-BC4D-F7F3BCA87E40.htm,no,,Converts the SHX geometry imported from PDF files into individual multiline text objects from the command line.
command,-PLOT,,https://help.autodesk.com/cloudhelp/2026/ENU/AutoCAD-Core/files/GUID-625E395D-143A-494F-A1EA-1BF119B927DC.htm,no,,"Plots a drawing to a plotter, printer, or file in the command line."
command,-PLOTSTAMP,,https://help.autodesk.com/cloudhelp/2026/ENU/AutoCAD-Core/files/GUID-C137FAE3-04A1-4BDE-8D64-D4C969E52060.htm,no,,Places a plot stamp on a specified corner of each drawing and logs it to a file.
command,-PLOTSTYLE,,https://help.autodesk.com/cloudhelp/2026/ENU/AutoCAD-Core/files/GUID-559D1E6D-23CD-4BF3-A6E4-42FF90E9F2C2.htm,no,,Lists all available plotstyles in the current drawing and to set a plotstyle current.
command,-POINTCLOUDATTACH,,https://help.autodesk.com/cloudhelp/2026/ENU/AutoCAD-Core/files/GUID-4FA5FD9C-0683-419A-829F-14249AD64A8F.htm,parked,,out of scope under SD-05 (3D/mesh/surface/render)
command,-PSETUPIN,,https://help.autodesk.com/cloudhelp/2026/ENU/AutoCAD-Core/files/GUID-7F2B9B98-B3DF-4404-BA01-EBB9F8467729.htm,no,,Imports a user-defined page setup into a new drawing layout using the command line.
command,-PUBLISH,,https://help.autodesk.com/cloudhelp/2026/ENU/AutoCAD-Core/files/GUID-8FA15020-3D44-4ABC-9708-E5194D2A3EFB.htm,no,,"Publishes drawings to DWF, DWFx, and PDF files, or to printers or plotters using the command line."
command,-PURGE,,https://help.autodesk.com/cloudhelp/2026/ENU/AutoCAD-Core/files/GUID-C3876E92-3478-449C-8FAB-DA760B2EDD09.htm,no,,"Removes unused named objects, such as block definitions and layers, from the current drawing using the command line."
command,-REFEDIT,,https://help.autodesk.com/cloudhelp/2026/ENU/AutoCAD-Core/files/GUID-C2F74110-2DA4-46DA-99EB-E89CF32D30B9.htm,no,,Edits an xref or a block definition directly within the current drawing.
command,-RENAME,,https://help.autodesk.com/cloudhelp/2026/ENU/AutoCAD-Core/files/GUID-3C68B0FF-A56F-401E-A58B-6174259252A6.htm,no,,Changes the names assigned to named objects from the Command prompt.
command,-RENDER,,https://help.autodesk.com/cloudhelp/2026/ENU/AutoCAD-Core/files/GUID-318D7E8B-6ECC-421D-84E3-9CA6961742AE.htm,parked,,out of scope under SD-05 (3D/mesh/surface/render)
command,-SCALELISTEDIT,,https://help.autodesk.com/cloudhelp/2026/ENU/AutoCAD-Core/files/GUID-BF3A0E9D-E009-45C1-A778-C6148C5CAEC8.htm,no,,"Controls the list of scales available for layout viewports, page layouts, and plotting."
command,-SHADEMODE,,https://help.autodesk.com/cloudhelp/2026/ENU/AutoCAD-Core/files/GUID-A39F669D-DD11-46DD-BD20-7C41F2FF5326.htm,no,,Provides simple shading for 3D solids and surfaces.
command,-SHAREVIEW,,https://help.autodesk.com/cloudhelp/2026/ENU/AutoCAD-Core/files/GUID-3CF76D65-DA2D-4FF4-9585-3D99070062E5.htm,no,,Publishes a representation of the current space or the entire drawing for online viewing and sharing.
command,-STYLE,,https://help.autodesk.com/cloudhelp/2026/ENU/AutoCAD-Core/files/GUID-0496BC60-0D07-4982-A395-B83E39EA5CF4.htm,no,,"Creates, modifies, or specifies text styles."
command,-TABLE,,https://help.autodesk.com/cloudhelp/2026/ENU/AutoCAD-Core/files/GUID-B958B73F-E812-41DC-8AA3-074A1E125BF4.htm,no,,Creates an empty table object.
command,-TOOLBAR,,https://help.autodesk.com/cloudhelp/2026/ENU/AutoCAD-Core/files/GUID-0CFBD067-D736-4198-BC09-3A9092ECE005.htm,no,,"Displays, hides, and customizes toolbars from the Command prompt."
command,-UNITS,,https://help.autodesk.com/cloudhelp/2026/ENU/AutoCAD-Core/files/GUID-D396FBFE-6171-4A89-9E68-6CB082EBE0E1.htm,yes,packages/kernel/src/commands.rs:882; packages/kernel/src/commands.rs:889,"Controls the precision and display formats for coordinates, distances, and angles."
command,-VBARUN,,https://help.autodesk.com/cloudhelp/2026/ENU/AutoCAD-Core/files/GUID-B63DFE34-A23A-49EB-9380-C87EFCD12444.htm,no,,Runs a VBA macro from the Command prompt.
command,-VIEW,,https://help.autodesk.com/cloudhelp/2026/ENU/AutoCAD-Core/files/GUID-21738F8B-82B0-4911-A215-227EB54FCE5D.htm,yes,packages/kernel/src/commands.rs:583; packages/kernel/src/commands.rs:591; packages/kernel/src/commands.rs:594,"Saves and restores named model space views, layout views, and preset views from the Command prompt."
command,-VISUALSTYLES,,https://help.autodesk.com/cloudhelp/2026/ENU/AutoCAD-Core/files/GUID-080E88D6-89BB-407A-A7B4-08E8A5A4FBEE.htm,no,,Creates and modifies visual styles from the command line.
command,-VPOINT,,https://help.autodesk.com/cloudhelp/2026/ENU/AutoCAD-Core/files/GUID-1E89B0D5-BFE2-4D2C-8396-07929A9416E8.htm,no,,Sets the viewing direction for a 3D visualization of the drawing.
command,-VPORTS,,https://help.autodesk.com/cloudhelp/2026/ENU/AutoCAD-Core/files/GUID-BC2E6DC6-2AC3-42AB-A07B-B36E56E4F10A.htm,no,,Creates multiple viewports in model space or paper space.
command,-WBLOCK,,https://help.autodesk.com/cloudhelp/2026/ENU/AutoCAD-Core/files/GUID-F26FC1CE-45C9-4C85-9DB9-19B6A597D87B.htm,yes,packages/kernel/src/commands.rs:690,Saves selected objects or converts a block to a specified drawing file.
command,-XBIND,,https://help.autodesk.com/cloudhelp/2026/ENU/AutoCAD-Core/files/GUID-C3391298-3F46-4CA3-BFB9-B0EEB75E292D.htm,no,,Binds one or more definitions of named objects in an xref to the current drawing.
command,-XREF,,https://help.autodesk.com/cloudhelp/2026/ENU/AutoCAD-Core/files/GUID-70599862-DF52-4291-B64B-8A4C45599F39.htm,no,,"From the Command prompt, manages drawings inserted as external references (xrefs)."
command,+CONSTRAINTSETTINGS,,https://help.autodesk.com/cloudhelp/2026/ENU/AutoCAD-Core/files/GUID-E1E8EFAB-BC51-4B9C-9D70-7C5311CE98A6.htm,no,,Displays the Constraint Settings dialog box with a specific tab set current.
command,3DALIGN,,https://help.autodesk.com/cloudhelp/2026/ENU/AutoCAD-Core/files/GUID-26823DD2-BAA5-4494-81A0-713B746DD94B.htm,parked,,out of scope under SD-05 (3D/mesh/surface/render)
command,3DARRAY,,https://help.autodesk.com/cloudhelp/2026/ENU/AutoCAD-Core/files/GUID-824FE05E-A1C8-4944-8092-A73F4A94B646.htm,parked,,out of scope under SD-05 (3D/mesh/surface/render)
command,3DCLIP,,https://help.autodesk.com/cloudhelp/2026/ENU/AutoCAD-Core/files/GUID-EB201BB0-E1DD-41C5-AF2D-F7EB97CF666B.htm,parked,,out of scope under SD-05 (3D/mesh/surface/render)
command,3DCORBIT,,https://help.autodesk.com/cloudhelp/2026/ENU/AutoCAD-Core/files/GUID-37B17D6B-2B21-4D41-9769-27CDEBD663D2.htm,parked,,out of scope under SD-05 (3D/mesh/surface/render)
command,3DDISTANCE,,https://help.autodesk.com/cloudhelp/2026/ENU/AutoCAD-Core/files/GUID-34CE9B45-F3CB-44BE-978B-6450C5D0B194.htm,parked,,out of scope under SD-05 (3D/mesh/surface/render)
command,3DDWF,,https://help.autodesk.com/cloudhelp/2026/ENU/AutoCAD-Core/files/GUID-8D5FEF23-3399-4948-98FE-B3DDCF50E269.htm,parked,,out of scope under SD-05 (3D/mesh/surface/render)
command,3DEDITBAR,,https://help.autodesk.com/cloudhelp/2026/ENU/AutoCAD-Core/files/GUID-5A1D1B60-B9DF-447F-BA38-188EE797EF9B.htm,parked,,out of scope under SD-05 (3D/mesh/surface/render)
command,3DFACE,,https://help.autodesk.com/cloudhelp/2026/ENU/AutoCAD-Core/files/GUID-5E88BB23-9110-45FB-B54A-3FF2E2002585.htm,parked,,out of scope under SD-05 (3D/mesh/surface/render)
command,3DFLY,,https://help.autodesk.com/cloudhelp/2026/ENU/AutoCAD-Core/files/GUID-6A1B8B91-AF54-419D-9AD0-0CCE864FC971.htm,parked,,out of scope under SD-05 (3D/mesh/surface/render)
command,3DFORBIT,,https://help.autodesk.com/cloudhelp/2026/ENU/AutoCAD-Core/files/GUID-8EE0E22A-1D66-40C6-9AEB-78F74AEB47E7.htm,parked,,out of scope under SD-05 (3D/mesh/surface/render)
command,3DMESH,,https://help.autodesk.com/cloudhelp/2026/ENU/AutoCAD-Core/files/GUID-BA35CABA-6FDF-419C-AE83-9E28690A4B15.htm,parked,,out of scope under SD-05 (3D/mesh/surface/render)
command,3DMOVE,,https://help.autodesk.com/cloudhelp/2026/ENU/AutoCAD-Core/files/GUID-35FD374D-CD9F-4EC6-B50E-7C368B67DFB5.htm,parked,,out of scope under SD-05 (3D/mesh/surface/render)
command,3DORBIT,,https://help.autodesk.com/cloudhelp/2026/ENU/AutoCAD-Core/files/GUID-85CE824C-0AF4-4890-8487-ADBC92BF08F1.htm,parked,,out of scope under SD-05 (3D/mesh/surface/render)
command,3DORBITCTR,,https://help.autodesk.com/cloudhelp/2026/ENU/AutoCAD-Core/files/GUID-85427F3B-0880-4B28-9E26-85BE84FFEB80.htm,parked,,out of scope under SD-05 (3D/mesh/surface/render)
command,3DOSNAP,,https://help.autodesk.com/cloudhelp/2026/ENU/AutoCAD-Core/files/GUID-D2C4AB61-9F54-4513-9921-B959815C6C5E.htm,parked,,out of scope under SD-05 (3D/mesh/surface/render)
command,3DPAN,,https://help.autodesk.com/cloudhelp/2026/ENU/AutoCAD-Core/files/GUID-8D216DAA-9C16-4C7C-949A-A244E104B1D3.htm,parked,,out of scope under SD-05 (3D/mesh/surface/render)
command,3DPOLY,,https://help.autodesk.com/cloudhelp/2026/ENU/AutoCAD-Core/files/GUID-10E0EDAB-BF4C-442C-93DA-E516F6DEAA7B.htm,parked,,out of scope under SD-05 (3D/mesh/surface/render)
command,3DPRINT,,https://help.autodesk.com/cloudhelp/2026/ENU/AutoCAD-Core/files/GUID-117F46FA-AD52-4436-8972-63E419C72F86.htm,parked,,out of scope under SD-05 (3D/mesh/surface/render)
command,3DPRINTSERVICE,,https://help.autodesk.com/cloudhelp/2026/ENU/AutoCAD-Core/files/GUID-68587522-C86C-4C41-B973-E68D950C6F76.htm,parked,,out of scope under SD-05 (3D/mesh/surface/render)
command,3DROTATE,,https://help.autodesk.com/cloudhelp/2026/ENU/AutoCAD-Core/files/GUID-A16B7027-1346-480F-AFDC-3A3A89EB08D8.htm,parked,,out of scope under SD-05 (3D/mesh/surface/render)
command,3DSCALE,,https://help.autodesk.com/cloudhelp/2026/ENU/AutoCAD-Core/files/GUID-DCF3573A-268A-42D3-92F7-7B8A290C8427.htm,parked,,out of scope under SD-05 (3D/mesh/surface/render)
command,3DSIN,,https://help.autodesk.com/cloudhelp/2026/ENU/AutoCAD-Core/files/GUID-A28A2118-11C4-49D3-B8E5-A99EE46C1D32.htm,parked,,out of scope under SD-05 (3D/mesh/surface/render)
command,3DSWIVEL,,https://help.autodesk.com/cloudhelp/2026/ENU/AutoCAD-Core/files/GUID-D73E5086-144A-42F4-A7AB-2506BFA562EE.htm,parked,,out of scope under SD-05 (3D/mesh/surface/render)
command,3DWALK,,https://help.autodesk.com/cloudhelp/2026/ENU/AutoCAD-Core/files/GUID-6AFE55B7-C031-40C7-AB11-A2EE566A65F9.htm,parked,,out of scope under SD-05 (3D/mesh/surface/render)
command,3DZOOM,,https://help.autodesk.com/cloudhelp/2026/ENU/AutoCAD-Core/files/GUID-0F2FE0AA-01AD-47B2-9923-06AACECEC8FD.htm,parked,,out of scope under SD-05 (3D/mesh/surface/render)
command,ABOUT,,https://help.autodesk.com/cloudhelp/2026/ENU/AutoCAD-Core/files/GUID-CDBAD44E-F661-430C-A99E-192B83D41C10.htm,no,,Displays information about your product.
command,ACISIN,,https://help.autodesk.com/cloudhelp/2026/ENU/AutoCAD-Core/files/GUID-22CE4285-C2BC-437D-BBCC-5E66250C74D7.htm,no,,"Imports an ACIS (SAT) file and creates 3D solid, body, or region objects."
command,ACISOUT,,https://help.autodesk.com/cloudhelp/2026/ENU/AutoCAD-Core/files/GUID-2C08F928-710D-4E3D-B02C-EDFF67C28809.htm,no,,"Exports 3D solid, region, or body objects to an ACIS file."
command,ACTBASEPOINT,,https://help.autodesk.com/cloudhelp/2026/ENU/AutoCAD-Core/files/GUID-F2AC63E6-7DA4-4501-A6A7-BC152392256C.htm,no,,Inserts a base point or base point prompt in an action macro.
command,ACTIVITYINSIGHTSCLOSE,,https://help.autodesk.com/cloudhelp/2026/ENU/AutoCAD-Core/files/GUID-236D94C3-FAD9-4F45-832F-A76D71C0EAB6.htm,no,,Closes the Activity Insights palette which displays activities for the current drawing.
command,ACTIVITYINSIGHTSOPEN,,https://help.autodesk.com/cloudhelp/2026/ENU/AutoCAD-Core/files/GUID-8FB3681A-F022-466E-B5C6-C13B0758EA3A.htm,no,,Opens the Activity Insights palette to view activities for the current drawing.
command,ACTMANAGER,,https://help.autodesk.com/cloudhelp/2026/ENU/AutoCAD-Core/files/GUID-1DA03958-D894-4FD4-BCA2-42C5517D2FE3.htm,no,,Manages action macro files.
command,ACTRECORD,,https://help.autodesk.com/cloudhelp/2026/ENU/AutoCAD-Core/files/GUID-FC7560BC-9367-49C2-A813-288AC89E8907.htm,no,,Starts the recording an action macro.
command,ACTSTOP,,https://help.autodesk.com/cloudhelp/2026/ENU/AutoCAD-Core/files/GUID-94B6E003-B7BF-4A65-8E62-AF92D757C43B.htm,no,,Stops the Action Recorder and provides the option of saving the recorded actions to an action macro file.
command,ACTUSERINPUT,,https://help.autodesk.com/cloudhelp/2026/ENU/AutoCAD-Core/files/GUID-6E613662-D0B1-4AD2-803A-15C00070FDDE.htm,no,,Pauses for user input in an action macro.
command,ACTUSERMESSAGE,,https://help.autodesk.com/cloudhelp/2026/ENU/AutoCAD-Core/files/GUID-9893C613-2DD1-4E14-B830-1DEF59D971F2.htm,no,,Inserts a user message into an action macro.
command,ADCCLOSE,,https://help.autodesk.com/cloudhelp/2026/ENU/AutoCAD-Core/files/GUID-5ACFF611-AC97-4EBA-AA23-83530C0EFE26.htm,no,,Closes DesignCenter.
command,ADCENTER,,https://help.autodesk.com/cloudhelp/2026/ENU/AutoCAD-Core/files/GUID-00527F82-BE93-4E36-AA2E-35B042059347.htm,no,,"Manages and inserts content such as blocks, xrefs, and hatch patterns."
command,ADCNAVIGATE,,https://help.autodesk.com/cloudhelp/2026/ENU/AutoCAD-Core/files/GUID-FE421165-22DD-4030-AEC1-2A5B0934326A.htm,no,,"Loads a specified drawing file, folder, or network path in the DesignCenter Folders tab."
command,ADDSELECTED,,https://help.autodesk.com/cloudhelp/2026/ENU/AutoCAD-Core/files/GUID-771C0F16-58B6-4752-A05D-792FE5D76050.htm,no,,"Creates a new object of the same type and general properties as a selected object, but with different geometric values."
command,ADJUST,,https://help.autodesk.com/cloudhelp/2026/ENU/AutoCAD-Core/files/GUID-0EB806F7-5FA0-4944-B39D-A7B2A5F6B346.htm,no,,"Adjusts the fade, contrast and monochrome settings of the selected underlay (DWF, DWFx, PDF, or DGN), or image."
command,ALIGN,,https://help.autodesk.com/cloudhelp/2026/ENU/AutoCAD-Core/files/GUID-D0FA10D5-76EE-4B80-A285-43C7F39916DB.htm,yes,packages/kernel/src/commands.rs:782,Aligns objects with other objects in 2D and 3D.
command,AMECONVERT,,https://help.autodesk.com/cloudhelp/2026/ENU/AutoCAD-Core/files/GUID-3535641E-8090-41C7-A910-200C559D5720.htm,no,,Converts AME solid models to AutoCAD solid objects.
command,ANALYSISCURVATURE,,https://help.autodesk.com/cloudhelp/2026/ENU/AutoCAD-Core/files/GUID-98134942-122F-4874-BE3D-7EA35A603DA0.htm,no,,Displays a color gradient onto a surface to evaluate different aspects of its curvature.
command,ANALYSISDRAFT,,https://help.autodesk.com/cloudhelp/2026/ENU/AutoCAD-Core/files/GUID-C28E9ECC-289A-4CFF-8D6C-DB2AD004EDBA.htm,no,,Displays a color gradient onto a 3D model to evaluate whether there is adequate space between a part and its mold.
command,ANALYSISOPTIONS,,https://help.autodesk.com/cloudhelp/2026/ENU/AutoCAD-Core/files/GUID-975AAD9B-6979-4F72-ADBF-FE30C92E6523.htm,no,,"Sets the display options for zebra, curvature, and draft analysis."
command,ANALYSISZEBRA,,https://help.autodesk.com/cloudhelp/2026/ENU/AutoCAD-Core/files/GUID-59583A47-B141-42FA-9B8D-E7591CB81F8B.htm,no,,Projects stripes onto a 3D model to analyze surface continuity.
command,ANIPATH,,https://help.autodesk.com/cloudhelp/2026/ENU/AutoCAD-Core/files/GUID-4B806FDB-C6BC-41FF-879B-148F44E09D14.htm,parked,,out of scope under SD-05 (3D/mesh/surface/render)
command,ANNORESET,,https://help.autodesk.com/cloudhelp/2026/ENU/AutoCAD-Core/files/GUID-47705AD0-651E-49AA-B23E-D12529D5BA1F.htm,no,,Resets the locations of all alternate scale representations of the selected annotative objects.
command,ANNOUPDATE,,https://help.autodesk.com/cloudhelp/2026/ENU/AutoCAD-Core/files/GUID-574C4E2C-C261-44EB-8E10-A01E8D1BB0C8.htm,no,,Updates existing annotative objects to match the current properties of their styles.
command,APERTURE,,https://help.autodesk.com/cloudhelp/2026/ENU/AutoCAD-Core/files/GUID-C8603032-7E55-4EEF-B2DF-CD2FD9EDEF91.htm,no,,Controls the size of the object snap target box.
command,APPAUTOLOADER,,https://help.autodesk.com/cloudhelp/2026/ENU/AutoCAD-Core/files/GUID-CD3386C1-9E69-4C88-8BE6-046C081AEB41.htm,no,,Lists or reloads all plug-ins in the application plug-in folder.
command,APPLOAD,,https://help.autodesk.com/cloudhelp/2026/ENU/AutoCAD-Core/files/GUID-47621BB1-F29D-4A69-9C99-A6E1495FBA38.htm,no,,Loads and unloads applications and defines which applications to load at startup.
command,APPSTORE,,https://help.autodesk.com/cloudhelp/2026/ENU/AutoCAD-Core/files/GUID-51D7FD80-6761-44CA-99B1-61EC5F5F8218.htm,no,,Opens the Autodesk App Store website.
command,ARC,,https://help.autodesk.com/cloudhelp/2026/ENU/AutoCAD-Core/files/GUID-30ECFD30-A1D6-4D60-9DD1-B487603F6772.htm,yes,packages/kernel/src/commands.rs:43,Creates an arc.
command,ARCHIVE,,https://help.autodesk.com/cloudhelp/2026/ENU/AutoCAD-Core/files/GUID-BBC54E74-523D-49BF-BA4A-C32847218625.htm,no,,Packages the current sheet set files for storage.
command,AREA,,https://help.autodesk.com/cloudhelp/2026/ENU/AutoCAD-Core/files/GUID-0591351F-8750-425C-9F1C-98B1C73D9D55.htm,yes,packages/kernel/src/commands.rs:249,Calculates the area and perimeter of objects or of defined areas.
command,ARRAY,,https://help.autodesk.com/cloudhelp/2026/ENU/AutoCAD-Core/files/GUID-E23F6125-E5E9-4645-9615-23717902C33B.htm,yes,packages/kernel/src/commands.rs:275; packages/kernel/src/commands.rs:282; packages/kernel/src/commands.rs:760,Creates copies of objects arranged in a pattern.
command,ARRAYCLASSIC,,https://help.autodesk.com/cloudhelp/2026/ENU/AutoCAD-Core/files/GUID-01258C43-66E4-457E-BBD3-F7A670BC5F54.htm,no,,Creates arrays using the legacy dialog box.
command,ARRAYCLOSE,,https://help.autodesk.com/cloudhelp/2026/ENU/AutoCAD-Core/files/GUID-D3E79D10-2151-45F4-AD49-A598DAB80723.htm,no,,Saves or discards changes made to an array's source objects and exits the array editing state.
command,ARRAYEDIT,,https://help.autodesk.com/cloudhelp/2026/ENU/AutoCAD-Core/files/GUID-BD2D21A1-ED66-4A1A-B1DE-551D41C5D7E3.htm,no,,Edits associative array objects and their source objects.
command,ARRAYPATH,,https://help.autodesk.com/cloudhelp/2026/ENU/AutoCAD-Core/files/GUID-D36C46CD-4E17-4A16-A387-C0B158EA5A9E.htm,yes,packages/kernel/src/commands.rs:760,Evenly distributes object copies along a path or a portion of a path.
command,ARRAYPOLAR,,https://help.autodesk.com/cloudhelp/2026/ENU/AutoCAD-Core/files/GUID-A6E74297-2CB3-4B1C-A07B-69CD08630052.htm,yes,packages/kernel/src/commands.rs:282,Evenly distributes object copies in a circular pattern around a center point or axis of rotation.
command,ARRAYRECT,,https://help.autodesk.com/cloudhelp/2026/ENU/AutoCAD-Core/files/GUID-BB3DA888-0C3A-4C68-A3ED-E0E528781205.htm,yes,packages/kernel/src/commands.rs:275,"Distributes object copies into any combination of rows, columns, and levels."
command,ARX,,https://help.autodesk.com/cloudhelp/2026/ENU/AutoCAD-Core/files/GUID-477DDABE-C3D3-47A2-B481-60401C50492F.htm,no,,"Loads, unloads, and provides information about ObjectARX applications."
command,ASSISTANTCLOSE,,https://help.autodesk.com/cloudhelp/2026/ENU/AutoCAD-Core/files/GUID-2C5BCE28-7CC1-4A0F-8E12-FDC6BDECE2C2.htm,no,,Closes the Autodesk Assistant palette which displays links to help related content from several sources along with an option to contact support.
command,ASSISTANTOPEN,,https://help.autodesk.com/cloudhelp/2026/ENU/AutoCAD-Core/files/GUID-476DD718-E097-40F3-B1D9-765987D7F6FD.htm,no,,Displays the Autodesk Assistant palette which displays links to help related content from several sources along with an option to contact support.
command,ATTACH,,https://help.autodesk.com/cloudhelp/2026/ENU/AutoCAD-Core/files/GUID-928B7980-2174-4F1E-8059-9F1B1884E7C8.htm,no,,"Inserts references to external files such as other drawings, raster images, point clouds, coordination models, and underlays."
command,ATTACHURL,,https://help.autodesk.com/cloudhelp/2026/ENU/AutoCAD-Core/files/GUID-14669460-2D12-46A0-8DA1-DEE70953A58C.htm,no,,Attaches hyperlinks to objects or areas in a drawing.
command,ATTDEF,,https://help.autodesk.com/cloudhelp/2026/ENU/AutoCAD-Core/files/GUID-19B6B720-B40B-42B6-A521-888C1A383F34.htm,yes,packages/kernel/src/commands.rs:695,Creates an attribute definition for storing data in a block.
command,ATTDISP,,https://help.autodesk.com/cloudhelp/2026/ENU/AutoCAD-Core/files/GUID-BCFF32DB-6860-4812-BEF1-3BB658126B26.htm,no,,Controls the visibility overrides for all block attributes in a drawing.
command,ATTEDIT,,https://help.autodesk.com/cloudhelp/2026/ENU/AutoCAD-Core/files/GUID-AB03D5EE-6B27-492A-8147-671D0F536CB5.htm,no,,Changes attribute information in a block.
command,ATTEXT,,https://help.autodesk.com/cloudhelp/2026/ENU/AutoCAD-Core/files/GUID-6FEA6520-430E-47E2-BA16-305508495156.htm,no,,"Extracts attribute data, informational text associated with a block, into a file."
command,ATTIPEDIT,,https://help.autodesk.com/cloudhelp/2026/ENU/AutoCAD-Core/files/GUID-42CA78B8-1A02-4C1E-97E2-A31F4CD3014B.htm,no,,Changes the textual content of an attribute within a block.
command,ATTREDEF,,https://help.autodesk.com/cloudhelp/2026/ENU/AutoCAD-Core/files/GUID-CB8237C2-EB63-4839-9B84-5B890C979CBB.htm,no,,Redefines a block and updates associated attributes.
command,ATTSYNC,,https://help.autodesk.com/cloudhelp/2026/ENU/AutoCAD-Core/files/GUID-56B14079-250B-4C99-AB3D-F95BA1C32AB7.htm,no,,Applies attribute changes in a block definition to all block references.
command,AUDIT,,https://help.autodesk.com/cloudhelp/2026/ENU/AutoCAD-Core/files/GUID-62DDB935-61B1-49DA-8238-3EF1CC45259B.htm,no,,Evaluates the integrity of a drawing and corrects some errors.
command,AUTOCONSTRAIN,,https://help.autodesk.com/cloudhelp/2026/ENU/AutoCAD-Core/files/GUID-2E53F0A6-640C-4B3A-A650-18F1A5F781E1.htm,yes,packages/kernel/src/commands.rs:745,Applies geometric constraints to a selection set of objects based on orientation of the objects relative to one another.
command,AUTOPUBLISH,,https://help.autodesk.com/cloudhelp/2026/ENU/AutoCAD-Core/files/GUID-F51F83E2-304F-461F-9EA5-6DDB05321E65.htm,no,,"Publishes drawings to DWF, DWFx, or PDF files automatically to a specified location."
command,BACTION,,https://help.autodesk.com/cloudhelp/2026/ENU/AutoCAD-Core/files/GUID-98CCB318-60F6-46C9-8F90-C2B8614553C4.htm,no,,Adds an action to a dynamic block definition.
command,BACTIONBAR,,https://help.autodesk.com/cloudhelp/2026/ENU/AutoCAD-Core/files/GUID-91A5FCE7-E8B1-495D-8F3E-72BF184A2B63.htm,no,,Displays or hides action bars for a selection set of parameter objects.
command,BACTIONSET,,https://help.autodesk.com/cloudhelp/2026/ENU/AutoCAD-Core/files/GUID-6A08174B-1ED3-4BB6-8093-02F3AC92F1B3.htm,no,,Specifies the selection set of objects associated with an action in a dynamic block definition.
command,BACTIONTOOL,,https://help.autodesk.com/cloudhelp/2026/ENU/AutoCAD-Core/files/GUID-86B3A05A-B637-440D-8310-49915CB09BF2.htm,no,,Adds an action to a dynamic block definition.
command,BASE,,https://help.autodesk.com/cloudhelp/2026/ENU/AutoCAD-Core/files/GUID-C44D8156-1A45-43A4-B0DC-65DB48371381.htm,no,,Sets the insertion base point for the current drawing.
command,BASSOCIATE,,https://help.autodesk.com/cloudhelp/2026/ENU/AutoCAD-Core/files/GUID-D2B17901-1FF8-4683-B38B-6FF84BCCA6DC.htm,no,,Associates an action with a parameter in a dynamic block definition.
command,BATTMAN,,https://help.autodesk.com/cloudhelp/2026/ENU/AutoCAD-Core/files/GUID-40613EEB-3049-4B39-AD1D-457146EEE0CB.htm,no,,Manages the attributes for a selected block definition.
command,BATTORDER,,https://help.autodesk.com/cloudhelp/2026/ENU/AutoCAD-Core/files/GUID-93CA12A7-41AA-41CB-B84B-6C1C5FC146E7.htm,no,,Specifies the order of attributes for a block.
command,BAUTHORPALETTE,,https://help.autodesk.com/cloudhelp/2026/ENU/AutoCAD-Core/files/GUID-F583E874-59A9-43E5-BF71-C313DBAABCEF.htm,no,,Opens the Block Authoring Palettes window in the Block Editor.
command,BAUTHORPALETTECLOSE,,https://help.autodesk.com/cloudhelp/2026/ENU/AutoCAD-Core/files/GUID-2A496147-BFF0-4B97-8167-C1D21B9EC1CD.htm,no,,Closes the Block Authoring Palettes window in the Block Editor.
command,BCLOSE,,https://help.autodesk.com/cloudhelp/2026/ENU/AutoCAD-Core/files/GUID-C63C7855-B666-4B99-B371-F58786E1E5A8.htm,yes,packages/kernel/src/commands.rs:716,Closes the Block Editor.
command,BCONSTRUCTION,,https://help.autodesk.com/cloudhelp/2026/ENU/AutoCAD-Core/files/GUID-C3E47F1B-C6A0-46A8-BA1E-66801D1F703C.htm,no,,"Converts block geometry into construction geometry, which may be hidden or displayed."
command,BCPARAMETER,,https://help.autodesk.com/cloudhelp/2026/ENU/AutoCAD-Core/files/GUID-F22AD919-40DF-4AC3-8339-CD212D79EB94.htm,no,,"Applies constraint parameters to selected objects, or converts dimensional constraints to parameter constraints."
command,BCYCLEORDER,,https://help.autodesk.com/cloudhelp/2026/ENU/AutoCAD-Core/files/GUID-DCE0441E-A6F5-4307-B5F2-DD73B0455FA0.htm,no,,Changes the cycling order of grips for a dynamic block reference.
command,BDETECT,,https://help.autodesk.com/cloudhelp/2026/ENU/AutoCAD-Core/files/GUID-6E72038E-140D-4FDC-8C65-8942DEB03FBC.htm,no,,Displays the Detect palette where you can start object detection and manage the objects that are eligible for conversion.
command,BEDIT,,https://help.autodesk.com/cloudhelp/2026/ENU/AutoCAD-Core/files/GUID-D57D4195-72FC-4FA5-B9F4-E021291D808C.htm,yes,packages/kernel/src/commands.rs:713; packages/kernel/src/commands.rs:716,Opens the block definition in the Block Editor.
command,BESETTINGS,,https://help.autodesk.com/cloudhelp/2026/ENU/AutoCAD-Core/files/GUID-86714B3E-3450-48F0-9DB9-C5FDD9897E6E.htm,no,,Displays the Block Editor Settings dialog box.
command,BGRIPSET,,https://help.autodesk.com/cloudhelp/2026/ENU/AutoCAD-Core/files/GUID-6795C9A3-CB54-4513-9C77-32C967B49F7E.htm,no,,"Creates, deletes, or resets grips associated with a parameter."
command,BLEND,,https://help.autodesk.com/cloudhelp/2026/ENU/AutoCAD-Core/files/GUID-9EF74C66-88CA-4C16-B761-CB1119C0F897.htm,no,,Creates a spline in the gap between two selected lines or curves.
command,BLOCK,,https://help.autodesk.com/cloudhelp/2026/ENU/AutoCAD-Core/files/GUID-B03434BE-0F68-4E31-BA8D-640EEC1D7FC9.htm,yes,packages/kernel/src/commands.rs:191,Creates a block definition from selected objects.
command,BLOCKICON,,https://help.autodesk.com/cloudhelp/2026/ENU/AutoCAD-Core/files/GUID-144172C9-FCC6-4326-B69B-39E269DF1F25.htm,no,,Generates preview images for blocks displayed in DesignCenter.
command,BLOCKSDATAOPTION,,https://help.autodesk.com/cloudhelp/2026/ENU/AutoCAD-Core/files/GUID-4B0812A4-DC54-4262-9BAF-1BFAE2FF6252.htm,no,,Displays the data collection consent dialog box.
command,BLOCKSPALETTE,,https://help.autodesk.com/cloudhelp/2026/ENU/AutoCAD-Core/files/GUID-77C0C748-2152-476D-BC78-A7FB193D7330.htm,no,,"Displays the Blocks palette, which you can use to insert blocks and drawings into the current drawing."
command,BLOCKSPALETTECLOSE,,https://help.autodesk.com/cloudhelp/2026/ENU/AutoCAD-Core/files/GUID-5ECF72B1-69E6-434B-BFEB-808E9F721E4A.htm,no,,Closes the Blocks palette.
command,BLOOKUPTABLE,,https://help.autodesk.com/cloudhelp/2026/ENU/AutoCAD-Core/files/GUID-C894797E-3FC5-42AB-8C62-2971B68E6EB4.htm,no,,Displays or creates a lookup table for a dynamic block definition.
command,BMPOUT,,https://help.autodesk.com/cloudhelp/2026/ENU/AutoCAD-Core/files/GUID-8E2BAC74-5B7E-4A50-A225-3C44AA126509.htm,no,,Saves selected objects to a file in device-independent bitmap format.
command,BOUNDARY,,https://help.autodesk.com/cloudhelp/2026/ENU/AutoCAD-Core/files/GUID-5072D0D0-5DB7-4649-8B2F-1FD5A3FA3643.htm,yes,packages/kernel/src/commands.rs:734,Creates regions or a polylines from enclosed areas.
command,BOX,,https://help.autodesk.com/cloudhelp/2026/ENU/AutoCAD-Core/files/GUID-8B9B2875-3CA1-448D-ACF2-94C503DA54C6.htm,parked,,out of scope under SD-05 (3D/mesh/surface/render)
command,BPARAMETER,,https://help.autodesk.com/cloudhelp/2026/ENU/AutoCAD-Core/files/GUID-E4460179-F0FC-4AC6-85D7-35B05D018D16.htm,no,,Adds a parameter with grips to a dynamic block definition.
command,BREAK,,https://help.autodesk.com/cloudhelp/2026/ENU/AutoCAD-Core/files/GUID-36A1CDE0-3871-4B25-AC98-93235FA83863.htm,yes,packages/kernel/src/commands.rs:396; packages/kernel/src/commands.rs:391,Breaks the selected object between two points.
command,BREAKATPOINT,,https://help.autodesk.com/cloudhelp/2026/ENU/AutoCAD-Core/files/GUID-E0439DE0-B2C3-4233-BB4D-5A574A00694B.htm,no,,Breaks the selected object into two objects at a specified point.
command,BREP,,https://help.autodesk.com/cloudhelp/2026/ENU/AutoCAD-Core/files/GUID-AE581A57-7045-41AC-B1C4-3E8FDED0ACBA.htm,no,,"Removes the history from 3D solids and composite solids, and associativity from surfaces."
command,BREPLACE,,https://help.autodesk.com/cloudhelp/2026/ENU/AutoCAD-Core/files/GUID-9856FE72-45DC-4EDC-A808-EB9FD79A9F78.htm,no,,Replaces specified block references with a different block.
command,BROWSER,,https://help.autodesk.com/cloudhelp/2026/ENU/AutoCAD-Core/files/GUID-261973D6-B582-4584-9175-37500A336A20.htm,no,,Launches the default web browser defined in your system's registry.
command,BSAVE,,https://help.autodesk.com/cloudhelp/2026/ENU/AutoCAD-Core/files/GUID-4571EA8F-A188-4676-9648-8D6F455480DA.htm,no,,Saves the current block definition.
command,BSAVEAS,,https://help.autodesk.com/cloudhelp/2026/ENU/AutoCAD-Core/files/GUID-02A68BE5-AD95-475C-AB10-D3AC806C4DB0.htm,no,,Saves a copy of the current block definition under a new name.
command,BSEARCH,,https://help.autodesk.com/cloudhelp/2026/ENU/AutoCAD-Core/files/GUID-22BD7584-47CD-4D31-8AA5-52637ABAC3CD.htm,no,,"Displays the Convert dialog box, which provides options to convert selected entities and identical instances into blocks."
command,BTABLE,,https://help.autodesk.com/cloudhelp/2026/ENU/AutoCAD-Core/files/GUID-CA2F55B9-5EE2-44FF-A3FD-673B84602BC2.htm,no,,Stores variations of a block in the Block Properties Table.
command,BTESTBLOCK,,https://help.autodesk.com/cloudhelp/2026/ENU/AutoCAD-Core/files/GUID-0F0D71D2-99E2-4B57-8AA6-41A0C9F878ED.htm,no,,Displays a window within the Block Editor to test a dynamic block.
command,BVHIDE,,https://help.autodesk.com/cloudhelp/2026/ENU/AutoCAD-Core/files/GUID-E0842E5F-5F7B-4015-B46D-1F9172826958.htm,no,,Makes objects invisible in the current visibility state or all visibility states in a dynamic block definition.
command,BVSHOW,,https://help.autodesk.com/cloudhelp/2026/ENU/AutoCAD-Core/files/GUID-2E2946C7-0F8F-4592-B398-4EBA2E4250C3.htm,no,,Makes objects visible in the current visibility state or all visibility states in a dynamic block definition.
command,BVSTATE,,https://help.autodesk.com/cloudhelp/2026/ENU/AutoCAD-Core/files/GUID-D99B6173-7399-40D0-8EDF-F271025E4C43.htm,no,,"Creates, sets, or deletes a visibility state in a dynamic block."
command,CAL,,https://help.autodesk.com/cloudhelp/2026/ENU/AutoCAD-Core/files/GUID-335A5FC6-7D8F-47CA-B479-26655CDEA1AD.htm,no,,Evaluates mathematical and geometric expressions at the Command prompt or within a command.
command,CAMERA,,https://help.autodesk.com/cloudhelp/2026/ENU/AutoCAD-Core/files/GUID-DACC085F-C72C-4F7B-9C3A-CDAF972FEF29.htm,no,,Sets a camera and target location to create and save a 3D perspective view of objects.
command,CENTERDISASSOCIATE,,https://help.autodesk.com/cloudhelp/2026/ENU/AutoCAD-Core/files/GUID-96FD0416-DE6C-4220-990B-7F88A5703166.htm,no,,Removes associativity of center marks or centerlines from objects they define.
command,CENTERLINE,,https://help.autodesk.com/cloudhelp/2026/ENU/AutoCAD-Core/files/GUID-D717F995-1A6E-40AA-851A-FF891DE21DED.htm,no,,Creates centerline geometry associated with selected lines and linear polyline segments.
command,CENTERMARK,,https://help.autodesk.com/cloudhelp/2026/ENU/AutoCAD-Core/files/GUID-B9BBA2FD-FEB8-4793-8039-D65CD30D8264.htm,no,,"Creates an associative, cross-shaped mark at the center of a selected circle or arc."
command,CENTERREASSOCIATE,,https://help.autodesk.com/cloudhelp/2026/ENU/AutoCAD-Core/files/GUID-E2CC39DA-55B6-4108-A394-86707DCFDE01.htm,no,,Associates or reassociates a center mark or centerline object to selected objects.
command,CENTERRESET,,https://help.autodesk.com/cloudhelp/2026/ENU/AutoCAD-Core/files/GUID-F6C8DB68-5A6B-44BB-AAEE-6CFE03909A58.htm,no,,Resets the centerlines to the current value specified in the CENTEREXE system variable.
command,CHAMFER,,https://help.autodesk.com/cloudhelp/2026/ENU/AutoCAD-Core/files/GUID-B1DCF991-90A7-4DB0-96FC-BDA3FB76337C.htm,yes,packages/kernel/src/commands.rs:314,Bevels or chamfers the edges of two 2D objects or the adjacent faces of a 3D solid.
command,CHAMFEREDGE,,https://help.autodesk.com/cloudhelp/2026/ENU/AutoCAD-Core/files/GUID-9CE971E3-1CCF-4212-9CD7-EA2606529206.htm,parked,,out of scope under SD-05 (3D/mesh/surface/render)
command,CHANGE,,https://help.autodesk.com/cloudhelp/2026/ENU/AutoCAD-Core/files/GUID-0D1BC415-5CDC-449D-8019-885F654FB1B5.htm,yes,packages/kernel/src/commands.rs:331; packages/kernel/src/commands.rs:335; packages/kernel/src/commands.rs:339,Changes the properties of existing objects.
command,CHECKSTANDARDS,,https://help.autodesk.com/cloudhelp/2026/ENU/AutoCAD-Core/files/GUID-F47E5F56-88BE-4FC2-A0D6-D35E8DFAC7A6.htm,no,,Checks the current drawing for standards violations.
command,CHPROP,,https://help.autodesk.com/cloudhelp/2026/ENU/AutoCAD-Core/files/GUID-05074362-FC4B-4582-A7A4-B3F6170BB4A7.htm,yes,packages/kernel/src/commands.rs:331; packages/kernel/src/commands.rs:335; packages/kernel/src/commands.rs:339,Changes the properties of an object.
command,CHSPACE,,https://help.autodesk.com/cloudhelp/2026/ENU/AutoCAD-Core/files/GUID-343F7917-6CED-4823-8E38-90895FF740EB.htm,no,,"On a layout, transfers selected objects between model space and paper space."
command,CIRCLE,,https://help.autodesk.com/cloudhelp/2026/ENU/AutoCAD-Core/files/GUID-C60B6D5D-AAEB-420F-917F-6E6B47E92F48.htm,yes,packages/kernel/src/commands.rs:37; packages/kernel/src/commands.rs:608; packages/kernel/src/commands.rs:599; packages/kernel/src/commands.rs:615,Creates a circle.
command,CLASSICGROUP,,https://help.autodesk.com/cloudhelp/2026/ENU/AutoCAD-Core/files/GUID-12F72970-3EAC-4E83-A237-1EFA73807FF5.htm,no,,Opens the legacy Object Grouping dialog box.
command,CLASSICIMAGE,,https://help.autodesk.com/cloudhelp/2026/ENU/AutoCAD-Core/files/GUID-C36F6E33-401F-437C-A3A7-449B0162048A.htm,no,,Manages referenced image files in the current drawing.
command,CLASSICINSERT,,https://help.autodesk.com/cloudhelp/2026/ENU/AutoCAD-Core/files/GUID-C032DA5B-E1FD-4443-BF60-815CABA8733B.htm,no,,Inserts a block or drawing into the current drawing using the classic version of the INSERT command.
command,CLASSICLAYER,,https://help.autodesk.com/cloudhelp/2026/ENU/AutoCAD-Core/files/GUID-12A5AAE3-65A1-4DB4-98C5-A9675C330481.htm,no,,Opens the legacy Layer Properties Manager.
command,CLASSICXREF,,https://help.autodesk.com/cloudhelp/2026/ENU/AutoCAD-Core/files/GUID-19675BE4-E59A-450F-8995-01D959CDDEA1.htm,no,,Manages referenced drawing files in the current drawing.
command,CLEANSCREENOFF,,https://help.autodesk.com/cloudhelp/2026/ENU/AutoCAD-Core/files/GUID-7C9CDCC6-8B1E-471D-9F6F-E1160F9AC3A8.htm,no,,Restores the state of the display before CLEANSCREENON was used.
command,CLEANSCREENON,,https://help.autodesk.com/cloudhelp/2026/ENU/AutoCAD-Core/files/GUID-1D51E778-88BF-4614-9711-D7890B4E79F7.htm,no,,"Clears the screen of toolbars and dockable windows, excluding the command window."
command,CLIP,,https://help.autodesk.com/cloudhelp/2026/ENU/AutoCAD-Core/files/GUID-A8E1834D-2A1F-4C2A-92CF-B6A3424DB1B1.htm,no,,"Crops selected objects such as blocks, external references, images, viewports, and underlays to a specified boundary."
command,CLOSE,,https://help.autodesk.com/cloudhelp/2026/ENU/AutoCAD-Core/files/GUID-947A6040-0C95-413C-A1A3-2115D244B246.htm,no,,Closes the current drawing.
command,CLOSEALL,,https://help.autodesk.com/cloudhelp/2026/ENU/AutoCAD-Core/files/GUID-E5BAAD2B-C4E5-4DF0-A483-95C8AD89BE91.htm,no,,Closes all currently open drawings.
command,CLOSEALLOTHER,,https://help.autodesk.com/cloudhelp/2026/ENU/AutoCAD-Core/files/GUID-3E5E969F-1546-4B9D-80F0-E46319DCD5EB.htm,no,,"Closes all other open drawings, except the current drawing."
command,COLOR,,https://help.autodesk.com/cloudhelp/2026/ENU/AutoCAD-Core/files/GUID-F12EF623-7CD3-4864-8130-A3BF718D730D.htm,no,,Sets the color for new objects.
command,COMMANDLINE,,https://help.autodesk.com/cloudhelp/2026/ENU/AutoCAD-Core/files/GUID-E2D3C5EC-19AF-4694-84B4-2A36EF6A2E3D.htm,no,,Displays the Command window.
command,COMMANDLINEHIDE,,https://help.autodesk.com/cloudhelp/2026/ENU/AutoCAD-Core/files/GUID-7F755A31-02FF-4BCE-B073-CAD39A9B669E.htm,no,,Hides the Command window.
command,COMMANDMACROS,,https://help.autodesk.com/cloudhelp/2026/ENU/AutoCAD-Core/files/GUID-F7A4A421-6B72-4005-B9A3-0EB8DCDCF7DF.htm,no,,Opens the Command Macros palette from which you can manage and use command macro recommendations.
command,COMMANDMACROSCLOSE,,https://help.autodesk.com/cloudhelp/2026/ENU/AutoCAD-Core/files/GUID-72DD30DD-3618-433C-8FA8-1B2521908727.htm,no,,Closes the Command Macros palette.
command,COMPARE,,https://help.autodesk.com/cloudhelp/2026/ENU/AutoCAD-Core/files/GUID-4B96F5FD-C9CF-4E2E-996E-E00914F8D99E.htm,no,,"Compares a specified drawing file with the current drawing file, highlighting the differences with color within revision clouds."
command,COMPARECLOSE,,https://help.autodesk.com/cloudhelp/2026/ENU/AutoCAD-Core/files/GUID-FC244EA1-6580-46C1-91B4-9F67F6E97929.htm,no,,Closes the DWG Compare toolbar and ends the comparison.
command,COMPAREEXPORT,,https://help.autodesk.com/cloudhelp/2026/ENU/AutoCAD-Core/files/GUID-21DDB9BA-29E4-4781-BBC5-D5D800B371BA.htm,no,,"Exports the results of the comparison into a new drawing file, called a snapshot drawing."
command,COMPAREIMPORT,,https://help.autodesk.com/cloudhelp/2026/ENU/AutoCAD-Core/files/GUID-A1EC80D4-173A-4D1B-8922-3B6A9E98FFE9.htm,no,,Imports objects from the compared drawing into the current drawing.
command,COMPAREINFO,,https://help.autodesk.com/cloudhelp/2026/ENU/AutoCAD-Core/files/GUID-63CE0EAD-4FCE-49C4-A24B-449CD5787402.htm,no,,Provides a way to insert or copy the property information about the two compared drawing files.
command,COMPILE,,https://help.autodesk.com/cloudhelp/2026/ENU/AutoCAD-Core/files/GUID-54F4D0CE-EC71-42DA-A56E-469252287C12.htm,no,,Compiles shape files and PostScript font files into SHX files.
command,CONE,,https://help.autodesk.com/cloudhelp/2026/ENU/AutoCAD-Core/files/GUID-EF480870-AE25-4D6E-9E54-4708D711C127.htm,parked,,out of scope under SD-05 (3D/mesh/surface/render)
command,CONSTRAINTBAR,,https://help.autodesk.com/cloudhelp/2026/ENU/AutoCAD-Core/files/GUID-078525BD-6684-4709-9FB1-E128AFCAB983.htm,yes,packages/kernel/src/commands.rs:718; packages/kernel/src/commands.rs:307,Displays or hides the geometric constraints on an object.
command,CONSTRAINTSETTINGS,,https://help.autodesk.com/cloudhelp/2026/ENU/AutoCAD-Core/files/GUID-BFDACE2C-1494-4275-B8A4-FAA143BFD5C4.htm,no,,Controls the display of geometric constraints on constraint bars.
command,CONVERT,,https://help.autodesk.com/cloudhelp/2026/ENU/AutoCAD-Core/files/GUID-16097276-A292-4AFD-BA08-29F735FDB091.htm,no,,"Converts ""legacy"" 2D polylines and hatches for use with later product releases."
command,CONVERTCTB,,https://help.autodesk.com/cloudhelp/2026/ENU/AutoCAD-Core/files/GUID-4386F6C6-CE6D-4C62-8EC3-E68B8738E537.htm,no,,Converts a color-dependent plot style table (CTB) to a named plot style table (STB).
command,CONVERTOLDLIGHTS,,https://help.autodesk.com/cloudhelp/2026/ENU/AutoCAD-Core/files/GUID-03D2843F-3FB5-488C-BA33-6C45EE1FA299.htm,parked,,out of scope under SD-05 (3D/mesh/surface/render)
command,CONVERTOLDMATERIALS,,https://help.autodesk.com/cloudhelp/2026/ENU/AutoCAD-Core/files/GUID-667D8E9E-6F68-4124-8673-76FA8E8B74A0.htm,parked,,out of scope under SD-05 (3D/mesh/surface/render)
command,CONVERTPOLY,,https://help.autodesk.com/cloudhelp/2026/ENU/AutoCAD-Core/files/GUID-F3FAA27B-A9E9-46C9-BBED-857A8DCF8409.htm,no,,"Converts 2D polylines between the ""legacy"" heavy and optimized lightweight formats."
command,CONVERTPSTYLES,,https://help.autodesk.com/cloudhelp/2026/ENU/AutoCAD-Core/files/GUID-3A68A211-1E6C-4A71-8503-62722A1155A6.htm,no,,Converts the current drawing to either named or color-dependent plot styles.
command,CONVTOMESH,,https://help.autodesk.com/cloudhelp/2026/ENU/AutoCAD-Core/files/GUID-810D73BD-1C40-4985-AF31-60D9857F6E64.htm,parked,,out of scope under SD-05 (3D/mesh/surface/render)
command,CONVTONURBS,,https://help.autodesk.com/cloudhelp/2026/ENU/AutoCAD-Core/files/GUID-0900AE84-39CD-4DC0-8B14-913BC350178B.htm,parked,,out of scope under SD-05 (3D/mesh/surface/render)
command,CONVTOSOLID,,https://help.autodesk.com/cloudhelp/2026/ENU/AutoCAD-Core/files/GUID-7A9C2DEA-961C-413D-BC20-D00654457599.htm,parked,,out of scope under SD-05 (3D/mesh/surface/render)
command,CONVTOSURFACE,,https://help.autodesk.com/cloudhelp/2026/ENU/AutoCAD-Core/files/GUID-7AF911DF-986F-4897-8651-921BE8710B14.htm,parked,,out of scope under SD-05 (3D/mesh/surface/render)
command,COORDINATIONMODELATTACH,,https://help.autodesk.com/cloudhelp/2026/ENU/AutoCAD-Core/files/GUID-389266F7-F981-4354-BCDB-369D34FF0EDA.htm,no,,Inserts references to coordination models such as NWD and NWC Navisworks files.
command,COPY,,https://help.autodesk.com/cloudhelp/2026/ENU/AutoCAD-Core/files/GUID-1CF9287F-06E8-4D03-8377-2E130862FE02.htm,yes,packages/kernel/src/commands.rs:84,Copies objects a specified distance in a specified direction.
command,COPYBASE,,https://help.autodesk.com/cloudhelp/2026/ENU/AutoCAD-Core/files/GUID-59113CD3-B5EC-404B-989C-F98F4B70EDB5.htm,no,,Copies selected objects to the Clipboard along with a specified base point.
command,COPYCLIP,,https://help.autodesk.com/cloudhelp/2026/ENU/AutoCAD-Core/files/GUID-8C693775-7BB2-48D6-9A6B-770F8A870707.htm,no,,Copies selected objects to the Clipboard.
command,COPYFROMTRACE,,https://help.autodesk.com/cloudhelp/2026/ENU/AutoCAD-Core/files/GUID-982D3DA5-3212-4A0F-8776-57C5B028CF50.htm,no,,Copies objects from a trace into the drawing.
command,COPYHIST,,https://help.autodesk.com/cloudhelp/2026/ENU/AutoCAD-Core/files/GUID-2B86E8F7-B846-4113-B9EE-1F5010A8515D.htm,no,,Copies the text in the command line history to the Clipboard.
command,COPYLINK,,https://help.autodesk.com/cloudhelp/2026/ENU/AutoCAD-Core/files/GUID-17979B4A-4887-420D-8658-41AB87460C50.htm,no,,Copies the current view to the Clipboard for linking to other OLE applications.
command,COPYTOLAYER,,https://help.autodesk.com/cloudhelp/2026/ENU/AutoCAD-Core/files/GUID-0A1C99AD-53BE-4272-AD32-DAFECAECD6F7.htm,no,,Copies one or more objects to another layer.
command,COUNT,,https://help.autodesk.com/cloudhelp/2026/ENU/AutoCAD-Core/files/GUID-3A0C3460-6ABC-4D13-BF1F-D2BFCD399851.htm,no,,Counts and highlights the instances of the selected object in the drawing.
command,COUNTAREA,,https://help.autodesk.com/cloudhelp/2026/ENU/AutoCAD-Core/files/GUID-DF9EC102-60A9-46D2-8A8C-7ED08140472E.htm,no,,Defines the area to count the instances of an object or block.
command,COUNTAREACLOSE,,https://help.autodesk.com/cloudhelp/2026/ENU/AutoCAD-Core/files/GUID-CF3BD46E-EFB5-48C1-806A-956A88FC2D98.htm,no,,Cancels the count selection area.
command,COUNTCLOSE,,https://help.autodesk.com/cloudhelp/2026/ENU/AutoCAD-Core/files/GUID-2E02F8AA-DCD8-4AF2-B6C5-93987E250B39.htm,no,,Closes the Count toolbar and exits the count.
command,COUNTFIELD,,https://help.autodesk.com/cloudhelp/2026/ENU/AutoCAD-Core/files/GUID-A27E1B7C-8D82-480F-A35D-E45CC5AECC1A.htm,no,,Creates a field that's set to the value of the current count.
command,COUNTLIST,,https://help.autodesk.com/cloudhelp/2026/ENU/AutoCAD-Core/files/GUID-86778E28-1E40-4C06-80E8-FDEF2F0E3D38.htm,no,,Opens the Count palette to display and manage the counted blocks.
command,COUNTLISTCLOSE,,https://help.autodesk.com/cloudhelp/2026/ENU/AutoCAD-Core/files/GUID-01900DB9-2C5B-4BC7-BD5F-750FA427C2D1.htm,no,,Closes the Count palette.
command,COUNTNAVNEXT,,https://help.autodesk.com/cloudhelp/2026/ENU/AutoCAD-Core/files/GUID-B077D951-61E2-40BC-8705-61F82F2B8D46.htm,no,,Zooms to the next object in the count result.
command,COUNTNAVPREV,,https://help.autodesk.com/cloudhelp/2026/ENU/AutoCAD-Core/files/GUID-58570EEF-5478-4017-AE39-5556BD6D69C6.htm,no,,Zooms to the previous object in the count result.
command,COUNTTABLE,,https://help.autodesk.com/cloudhelp/2026/ENU/AutoCAD-Core/files/GUID-EA75F772-B340-4052-930E-9317EFC59DB6.htm,no,,Inserts a table containing the block names and the corresponding count of each block in the drawing.
command,CUI,,https://help.autodesk.com/cloudhelp/2026/ENU/AutoCAD-Core/files/GUID-7F8F4B26-EFAF-4033-B7B7-CA39FC4E104A.htm,no,,Manages the customized user interface elements in the product.
command,CUIEXPORT,,https://help.autodesk.com/cloudhelp/2026/ENU/AutoCAD-Core/files/GUID-AD49B73D-5534-42CB-8D12-ABA91248642F.htm,no,,Exports customized settings from the main CUIx file to an enterprise or partial CUIx file.
command,CUIIMPORT,,https://help.autodesk.com/cloudhelp/2026/ENU/AutoCAD-Core/files/GUID-BF2F3165-E8D7-4A87-863C-F831ACAF1F81.htm,no,,Imports customized settings from an enterprise or partial CUIx file to the main CUIx file.
command,CUILOAD,,https://help.autodesk.com/cloudhelp/2026/ENU/AutoCAD-Core/files/GUID-B5969D87-7FE8-47B4-A02F-38E7897A6CB4.htm,no,,Loads a customization file (CUIx).
command,CUIUNLOAD,,https://help.autodesk.com/cloudhelp/2026/ENU/AutoCAD-Core/files/GUID-23680536-A347-424E-A583-A9EA40EC9503.htm,no,,Unloads a CUIx file.
command,CUSTOMIZE,,https://help.autodesk.com/cloudhelp/2026/ENU/AutoCAD-Core/files/GUID-82119B43-CCB5-4C52-8B57-D2F479A384F0.htm,no,,Customizes tool palettes and tool palette groups.
command,CUTBASE,,https://help.autodesk.com/cloudhelp/2026/ENU/AutoCAD-Core/files/GUID-1383482F-C675-468A-B3C1-75276E3FF9EA.htm,no,,"Copies selected objects to the Clipboard, along with a specified base point, and removes them from the drawing."
command,CUTCLIP,,https://help.autodesk.com/cloudhelp/2026/ENU/AutoCAD-Core/files/GUID-5F5CB4BE-68F7-478A-A41A-7EEC65851BD7.htm,no,,Copies selected objects to the Clipboard and removes them from the drawing.
command,CVADD,,https://help.autodesk.com/cloudhelp/2026/ENU/AutoCAD-Core/files/GUID-84231102-AE32-4C30-814C-D99BD49B11E4.htm,no,,Adds control vertices to NURBS surfaces and splines.
command,CVHIDE,,https://help.autodesk.com/cloudhelp/2026/ENU/AutoCAD-Core/files/GUID-26F8F318-4490-498E-81B4-4A2570284DAD.htm,no,,Turns off the display of control vertices for all NURBS surfaces and curves.
command,CVREBUILD,,https://help.autodesk.com/cloudhelp/2026/ENU/AutoCAD-Core/files/GUID-87C4201D-9437-41A8-9954-D27A91D19DD5.htm,no,,Rebuilds the shape of NURBS surfaces and curves.
command,CVREMOVE,,https://help.autodesk.com/cloudhelp/2026/ENU/AutoCAD-Core/files/GUID-7BF8CDE4-9440-4860-9D84-9341006E600A.htm,no,,Removes control vertices from NURBS surfaces and curves.
command,CVSHOW,,https://help.autodesk.com/cloudhelp/2026/ENU/AutoCAD-Core/files/GUID-D2C0E238-992F-4DBD-926B-56466F73C8E4.htm,no,,Displays the control vertices for specified NURBS surfaces or curves.
command,CYLINDER,,https://help.autodesk.com/cloudhelp/2026/ENU/AutoCAD-Core/files/GUID-81157F00-D5A5-4307-AD0C-4332066DE2AE.htm,parked,,out of scope under SD-05 (3D/mesh/surface/render)
command,DATAEXTRACTION,,https://help.autodesk.com/cloudhelp/2026/ENU/AutoCAD-Core/files/GUID-5A39FFE8-10AC-4AE5-8EF4-D097C8261D1A.htm,no,,Extracts drawing data and merges data from an external source to a data extraction table or external file.
command,DATALINK,,https://help.autodesk.com/cloudhelp/2026/ENU/AutoCAD-Core/files/GUID-E6AD1DCE-6A0A-4714-808E-FA4D895C2E7B.htm,no,,Displays the Data Link dialog box.
command,DATALINKUPDATE,,https://help.autodesk.com/cloudhelp/2026/ENU/AutoCAD-Core/files/GUID-1F8FE1F0-5229-4A5C-B69F-DA47CC9C25A9.htm,no,,Updates data to or from an established external data link.
command,DBCCLOSE,,https://help.autodesk.com/cloudhelp/2026/ENU/AutoCAD-Core/files/GUID-32DF0138-7F5E-4C67-A5F1-89B4C4F2AB1F.htm,no,,Closes the Select Data Object dialog box (dbConnect Manager).
command,DBCCONFIGURE,,https://help.autodesk.com/cloudhelp/2026/ENU/AutoCAD-Core/files/GUID-527B5B1F-9306-4EAF-9DA9-249519E4408F.htm,no,,Opens the Configure a Data Source dialog box (dbConnect Manager)
command,DBCDEFINELLT,,https://help.autodesk.com/cloudhelp/2026/ENU/AutoCAD-Core/files/GUID-CE34922F-6149-453C-8975-9234C25B9F6C.htm,no,,Opens the Select a Database Object dialog box.
command,DBCDEFINELT,,https://help.autodesk.com/cloudhelp/2026/ENU/AutoCAD-Core/files/GUID-F0A2A37B-3484-4AF8-9C3A-E48F513CF304.htm,no,,Opens the Select Data Object Dialog Box (dbConnect Manager)
command,DBCONNECT,,https://help.autodesk.com/cloudhelp/2026/ENU/AutoCAD-Core/files/GUID-56352196-BB2D-47A1-B091-5BD367A6F195.htm,no,,Provides an interface to external database tables.
command,DBLIST,,https://help.autodesk.com/cloudhelp/2026/ENU/AutoCAD-Core/files/GUID-AD6A2435-FF3C-4A75-BBDF-D335BA2714BC.htm,no,,Lists database information for each object in the drawing.
command,DCALIGNED,,https://help.autodesk.com/cloudhelp/2026/ENU/AutoCAD-Core/files/GUID-615063B5-1E07-4756-A367-64C743BF3810.htm,yes,packages/kernel/src/commands.rs:149,Constrains the distance between two points on different objects.
command,DCANGULAR,,https://help.autodesk.com/cloudhelp/2026/ENU/AutoCAD-Core/files/GUID-B62A01C2-4AD5-49EF-AA4F-891A4D681796.htm,no,,"Constrains the angle between line or polyline segments, the angle swept out by an arc or a polyline arc segment, or the angle between three points on objects."
command,DCCONVERT,,https://help.autodesk.com/cloudhelp/2026/ENU/AutoCAD-Core/files/GUID-4523380B-A6D7-4F08-869B-293277B23BFF.htm,no,,Converts associative dimensions to dimensional constraints.
command,DCDIAMETER,,https://help.autodesk.com/cloudhelp/2026/ENU/AutoCAD-Core/files/GUID-EE1A1D15-05D3-4459-827A-6E1F07C6611D.htm,no,,Constrains the diameter of a circle or an arc.
command,DCDISPLAY,,https://help.autodesk.com/cloudhelp/2026/ENU/AutoCAD-Core/files/GUID-09A78C85-9F99-4346-9DB9-F637C4F22D97.htm,no,,Displays or hides the dynamic constraints associated with a selection set of objects.
command,DCFORM,,https://help.autodesk.com/cloudhelp/2026/ENU/AutoCAD-Core/files/GUID-15259693-4C27-4B50-8C8B-67AA4F34E418.htm,no,,Specifies whether the dimensional constraint being created is dynamic or annotational.
command,DCHORIZONTAL,,https://help.autodesk.com/cloudhelp/2026/ENU/AutoCAD-Core/files/GUID-C6410EED-6B06-4139-BD02-217B46675C67.htm,yes,packages/kernel/src/commands.rs:149,"Constrains the X distance between points on an object, or between two points on different objects."
command,DCLINEAR,,https://help.autodesk.com/cloudhelp/2026/ENU/AutoCAD-Core/files/GUID-E64A038C-0928-4E8E-BC60-356FDF86CFFB.htm,no,,"Creates a horizontal, vertical, or rotated constraint based on the locations of the extension line origins and the dimension line."
command,DCRADIUS,,https://help.autodesk.com/cloudhelp/2026/ENU/AutoCAD-Core/files/GUID-C0FE6334-7C41-4382-8C28-3EB776CDCACB.htm,no,,Constrains the radius of a circle or an arc.
command,DCVERTICAL,,https://help.autodesk.com/cloudhelp/2026/ENU/AutoCAD-Core/files/GUID-9ADCF482-CDFE-453E-A48E-BCDDDB801B42.htm,yes,packages/kernel/src/commands.rs:149,"Constrains the Y distance between points on an object, or between two points on different objects."
command,DELAY,,https://help.autodesk.com/cloudhelp/2026/ENU/AutoCAD-Core/files/GUID-C352A9F4-0057-43AD-9642-9BAA881224F8.htm,no,,Provides a timed pause within a script.
command,DELCONSTRAINT,,https://help.autodesk.com/cloudhelp/2026/ENU/AutoCAD-Core/files/GUID-E47B6F79-C7DA-45ED-AFA6-6C0945DB6375.htm,yes,packages/kernel/src/commands.rs:170,Removes all geometric and dimensional constraints from a selection set of objects.
command,DETACHURL,,https://help.autodesk.com/cloudhelp/2026/ENU/AutoCAD-Core/files/GUID-51D50D97-AA7F-4201-AB57-20424F7F2F07.htm,no,,Removes hyperlinks in a drawing.
command,DETECTCLOSE,,https://help.autodesk.com/cloudhelp/2026/ENU/AutoCAD-Core/files/GUID-940A6C03-953D-47D7-9CD9-83F5B3078000.htm,no,,Ends the detection review.
command,DETECTCONVERT,,https://help.autodesk.com/cloudhelp/2026/ENU/AutoCAD-Core/files/GUID-90D4816E-58EC-494A-87A0-345FF25A4065.htm,no,,"Displays the Convert dialog box, which provides options to convert the detected objects and instances into blocks."
command,DETECTPRIMARY,,https://help.autodesk.com/cloudhelp/2026/ENU/AutoCAD-Core/files/GUID-91E949ED-F5F7-4375-9CD0-EB27D584E3DF.htm,no,,Specifies the detected instance from which a new block definition is created.
command,DETECTREMOVE,,https://help.autodesk.com/cloudhelp/2026/ENU/AutoCAD-Core/files/GUID-3FE11ECF-E549-49D8-9DC8-88FD69CE6F37.htm,no,,Removes selected instances from the set.
command,DETECTREVIEWNEXT,,https://help.autodesk.com/cloudhelp/2026/ENU/AutoCAD-Core/files/GUID-680E8FEF-540F-46A5-9B68-91ADFE2A4C55.htm,no,,Displays the next set of detected objects.
command,DETECTREVIEWPREV,,https://help.autodesk.com/cloudhelp/2026/ENU/AutoCAD-Core/files/GUID-5070F9F4-B6B3-4D08-961B-494734A4C190.htm,no,,Displays the previous set of detected objects.
command,DGNADJUST,,https://help.autodesk.com/cloudhelp/2026/ENU/AutoCAD-Core/files/GUID-0424CD48-345B-4134-9382-66E65D8E7EF5.htm,no,,"Adjust the fade, contrast, and monochrome settings of a DGN underlay."
command,DGNATTACH,,https://help.autodesk.com/cloudhelp/2026/ENU/AutoCAD-Core/files/GUID-39114E63-84C1-4A5F-BB85-3639E6F04527.htm,no,,Inserts a DGN file as an underlay into the current drawing.
command,DGNCLIP,,https://help.autodesk.com/cloudhelp/2026/ENU/AutoCAD-Core/files/GUID-5345F9BC-A0AB-489D-95CE-EE5871BFA4FC.htm,no,,Crops the display of a selected DGN underlay to a specified boundary.
command,DGNEXPORT,,https://help.autodesk.com/cloudhelp/2026/ENU/AutoCAD-Core/files/GUID-70E12630-4067-41E0-8D38-E165B5AD139E.htm,no,,Creates one or more DGN files from the current drawing.
command,DGNIMPORT,,https://help.autodesk.com/cloudhelp/2026/ENU/AutoCAD-Core/files/GUID-0B1EC8D0-A34C-4F4E-8E72-A71656F7EF55.htm,no,,"Imports the data from a DGN file into a new DWG file or the current DWG file, depending on the DGNIMPORTMODE system variable."
command,DGNLAYERS,,https://help.autodesk.com/cloudhelp/2026/ENU/AutoCAD-Core/files/GUID-DED7F1A9-B176-4188-9807-915C9B0AFA1D.htm,no,,Controls the display of layers in a DGN underlay.
command,DGNMAPPING,,https://help.autodesk.com/cloudhelp/2026/ENU/AutoCAD-Core/files/GUID-0B1BC4E3-A19C-4794-9D35-AA6788C2CDC0.htm,no,,Allows users to create and edit user-defined DGN mapping setups.
command,DIGITALSIGN,,https://help.autodesk.com/cloudhelp/2026/ENU/AutoCAD-Core/files/GUID-52550D2E-2F2C-4116-833F-99058BF102E0.htm,no,,"Attaches a digital signature to a drawing, which is removed if an unauthorized change is made."
command,DIM,,https://help.autodesk.com/cloudhelp/2026/ENU/AutoCAD-Core/files/GUID-45C1A271-9650-4927-858F-B3BDB19B3E6C.htm,no,,Creates multiple dimensions and types of dimensions with a single command.
command,DIMALIGNED,,https://help.autodesk.com/cloudhelp/2026/ENU/AutoCAD-Core/files/GUID-D7C05A85-8985-4576-B22C-5A795DD5B179.htm,yes,packages/kernel/src/commands.rs:210,Creates an aligned linear dimension.
command,DIMANGULAR,,https://help.autodesk.com/cloudhelp/2026/ENU/AutoCAD-Core/files/GUID-6AB63ECB-BBCB-4D0F-B7BE-1674349A1FF9.htm,yes,packages/kernel/src/commands.rs:218,Creates an angular dimension.
command,DIMARC,,https://help.autodesk.com/cloudhelp/2026/ENU/AutoCAD-Core/files/GUID-280C95BF-1CD6-451C-8093-C70ECBF8D7E7.htm,no,,Creates an arc length dimension.
command,DIMBASELINE,,https://help.autodesk.com/cloudhelp/2026/ENU/AutoCAD-Core/files/GUID-19EA3161-D4A0-4280-9707-0A003C5B8A90.htm,yes,packages/kernel/src/commands.rs:774,"Creates a linear, angular, or ordinate dimension from the baseline of the previous or selected dimension."
command,DIMBREAK,,https://help.autodesk.com/cloudhelp/2026/ENU/AutoCAD-Core/files/GUID-926915C5-C398-46C6-A5D8-16F0D5791760.htm,no,,Breaks or restores dimension and extension lines where they cross other objects.
command,DIMCENTER,,https://help.autodesk.com/cloudhelp/2026/ENU/AutoCAD-Core/files/GUID-A1362329-04E0-4715-B8DA-D1486C80D81F.htm,no,,Creates the non-associative center mark or the centerlines of circles and arcs.
command,DIMCONSTRAINT,,https://help.autodesk.com/cloudhelp/2026/ENU/AutoCAD-Core/files/GUID-3208AA9B-A1D0-4541-B045-3D81CF6336C2.htm,no,,"Applies dimensional constraints to selected objects or points on objects, or converts associative dimensions to dimensional constraints."
command,DIMCONTINUE,,https://help.autodesk.com/cloudhelp/2026/ENU/AutoCAD-Core/files/GUID-27CF5248-EECB-4F5E-9A25-39ED399EA1EC.htm,yes,packages/kernel/src/commands.rs:767,Creates a dimension that starts from an extension line of the previous or selected dimension.
command,DIMDIAMETER,,https://help.autodesk.com/cloudhelp/2026/ENU/AutoCAD-Core/files/GUID-2E64616D-5C96-46A6-BDA2-9782F9036BE3.htm,yes,packages/kernel/src/commands.rs:235,Creates a diameter dimension for a circle or an arc.
command,DIMDISASSOCIATE,,https://help.autodesk.com/cloudhelp/2026/ENU/AutoCAD-Core/files/GUID-A4291410-170D-4DB7-96AA-01B18B67B31C.htm,no,,Removes associativity from selected dimensions.
command,DIMEDIT,,https://help.autodesk.com/cloudhelp/2026/ENU/AutoCAD-Core/files/GUID-4C422870-32A1-457B-8D1E-BD4AF7967FF1.htm,no,,Edits dimension text and extension lines.
command,DIMINSPECT,,https://help.autodesk.com/cloudhelp/2026/ENU/AutoCAD-Core/files/GUID-CC40F9D5-D70D-41D0-8AEC-3775045A502E.htm,no,,Adds or removes inspection information for a selected dimension.
command,DIMJOGGED,,https://help.autodesk.com/cloudhelp/2026/ENU/AutoCAD-Core/files/GUID-3FC7CFBD-DAAC-48E0-8C4E-1DC795A34D12.htm,no,,Creates jogged dimensions for circles and arcs.
command,DIMJOGLINE,,https://help.autodesk.com/cloudhelp/2026/ENU/AutoCAD-Core/files/GUID-0FC8D2AB-18BE-4E93-A697-5350FDBC4226.htm,no,,Adds or removes a jog line on a linear or aligned dimension.
command,DIMLINEAR,,https://help.autodesk.com/cloudhelp/2026/ENU/AutoCAD-Core/files/GUID-E908848F-4621-43D2-B377-FD3FBC2B8848.htm,yes,packages/kernel/src/commands.rs:182,Creates a linear dimension.
command,DIMORDINATE,,https://help.autodesk.com/cloudhelp/2026/ENU/AutoCAD-Core/files/GUID-7F5C4A2C-117A-486B-A26E-6F8AC2BD9D8A.htm,yes,packages/kernel/src/commands.rs:669,Creates ordinate dimensions.
command,DIMOVERRIDE,,https://help.autodesk.com/cloudhelp/2026/ENU/AutoCAD-Core/files/GUID-07B907AA-C94D-492C-8C4F-D73CB503F59E.htm,no,,Controls overrides of system variables used in selected dimensions.
command,DIMRADIUS,,https://help.autodesk.com/cloudhelp/2026/ENU/AutoCAD-Core/files/GUID-99EED401-D7DF-4CF3-95ED-BBD107A13855.htm,yes,packages/kernel/src/commands.rs:228,Creates a radius dimension for a circle or an arc.
command,DIMREASSOCIATE,,https://help.autodesk.com/cloudhelp/2026/ENU/AutoCAD-Core/files/GUID-8CD54B4A-4BA6-40E8-819D-DDBC013114B8.htm,no,,Associates or reassociates selected dimensions to objects or points on objects.
command,DIMREGEN,,https://help.autodesk.com/cloudhelp/2026/ENU/AutoCAD-Core/files/GUID-02EA1694-1141-45E2-8EEA-274701F00D31.htm,no,,Updates the locations of all associative dimensions.
command,DIMROTATED,,https://help.autodesk.com/cloudhelp/2026/ENU/AutoCAD-Core/files/GUID-79E3EEEE-4F8E-4370-848A-AFD4E0DF17B8.htm,no,,Creates a rotated linear dimension.
command,DIMSPACE,,https://help.autodesk.com/cloudhelp/2026/ENU/AutoCAD-Core/files/GUID-18DF8B02-3E43-4531-ACE0-75FA7161F209.htm,no,,Adjusts the spacing between linear dimensions or angular dimensions.
command,DIMSTYLE,,https://help.autodesk.com/cloudhelp/2026/ENU/AutoCAD-Core/files/GUID-39D6E54F-E12F-46A4-9DD1-68D9357289E4.htm,yes,packages/kernel/src/commands.rs:435; packages/kernel/src/commands.rs:449; packages/kernel/src/commands.rs:463; packages/kernel/src/commands.rs:466,Creates and modifies dimension styles.
command,DIMTEDIT,,https://help.autodesk.com/cloudhelp/2026/ENU/AutoCAD-Core/files/GUID-B70E17BC-E284-4FD3-9F3D-A9F18C022BDE.htm,no,,Moves and rotates dimension text and relocates the dimension line.
command,DIST,,https://help.autodesk.com/cloudhelp/2026/ENU/AutoCAD-Core/files/GUID-A72EADC7-EF79-463C-B4F1-862C6139B004.htm,yes,packages/kernel/src/commands.rs:243,Measures the distance and angle between two points.
command,DISTANTLIGHT,,https://help.autodesk.com/cloudhelp/2026/ENU/AutoCAD-Core/files/GUID-CBFE8B69-3744-4BC0-BEA8-915FAD90532D.htm,parked,,out of scope under SD-05 (3D/mesh/surface/render)
command,DIVIDE,,https://help.autodesk.com/cloudhelp/2026/ENU/AutoCAD-Core/files/GUID-3427CA9F-831C-4B53-A903-49EB6378335C.htm,no,,Creates evenly spaced point objects or blocks along the length or perimeter of an object.
command,DONUT,,https://help.autodesk.com/cloudhelp/2026/ENU/AutoCAD-Core/files/GUID-46C0F9F2-6112-415C-AB2C-29EEE5984A6F.htm,yes,packages/kernel/src/commands.rs:814,Creates a filled circle or a wide ring.
command,DOWNLOADMANAGER,,https://help.autodesk.com/cloudhelp/2026/ENU/AutoCAD-Core/files/GUID-76354652-821C-449D-A950-68FE08CDC2F2.htm,no,,Reports the status of the of the current download.
command,DRAGMODE,,https://help.autodesk.com/cloudhelp/2026/ENU/AutoCAD-Core/files/GUID-602C614D-2857-4DC3-98DA-3F1D5623988D.htm,no,,Controls the way dragged objects are displayed.
command,DRAWINGRECOVERY,,https://help.autodesk.com/cloudhelp/2026/ENU/AutoCAD-Core/files/GUID-A7CA7E0F-70CB-41D2-8E56-4484A27CB3E6.htm,no,,Displays a list of drawing files that can be recovered after a program or system failure.
command,DRAWINGRECOVERYHIDE,,https://help.autodesk.com/cloudhelp/2026/ENU/AutoCAD-Core/files/GUID-707A5EA3-6D36-4CDD-9E43-07B5B188C696.htm,no,,Closes the Drawing Recovery Manager.
command,DRAWORDER,,https://help.autodesk.com/cloudhelp/2026/ENU/AutoCAD-Core/files/GUID-3DC76D6E-8F81-4803-8D0A-AA7541D6357E.htm,yes,packages/kernel/src/commands.rs:853; packages/kernel/src/commands.rs:856; packages/kernel/src/commands.rs:859; packages/kernel/src/commands.rs:862,Changes the draw order of images and other objects.
command,DSETTINGS,,https://help.autodesk.com/cloudhelp/2026/ENU/AutoCAD-Core/files/GUID-22D029BC-354B-4D7D-B800-B5308C377D6C.htm,no,,"Sets grid and snap, polar and object snap tracking, object snap modes, Dynamic Input, and Quick Properties."
command,DVIEW,,https://help.autodesk.com/cloudhelp/2026/ENU/AutoCAD-Core/files/GUID-E0078D09-8449-4A0A-A5AD-6984A01CEC33.htm,no,,Defines parallel projection or perspective views by using a camera and target.
command,DWFADJUST,,https://help.autodesk.com/cloudhelp/2026/ENU/AutoCAD-Core/files/GUID-60EDB2E8-046A-4811-B340-6305970D61B9.htm,no,,"Adjust the fade, contrast, and monochrome settings of a DWF or DWFx underlay."
command,DWFATTACH,,https://help.autodesk.com/cloudhelp/2026/ENU/AutoCAD-Core/files/GUID-28E5C393-E0C3-45DF-A82A-0A78DB916619.htm,no,,Inserts a DWF or DWFx file as an underlay into the current drawing.
command,DWFCLIP,,https://help.autodesk.com/cloudhelp/2026/ENU/AutoCAD-Core/files/GUID-35C28583-A6F7-4D8F-801A-CB1FE24F72DC.htm,no,,Crops the display of a selected DWF or DWFx underlay to a specified boundary.
command,DWFFORMAT,,https://help.autodesk.com/cloudhelp/2026/ENU/AutoCAD-Core/files/GUID-AED4E528-9976-4716-91F8-A849956F128E.htm,no,,Sets the default format to DWF or DWFx for output in specific commands.
command,DWFLAYERS,,https://help.autodesk.com/cloudhelp/2026/ENU/AutoCAD-Core/files/GUID-3523DCB4-1365-4FAE-AB3B-D7A180ABBAB0.htm,no,,Controls the display of layers in a DWF or DWFx underlay.
command,DWGCONVERT,,https://help.autodesk.com/cloudhelp/2026/ENU/AutoCAD-Core/files/GUID-1C2163A6-29CC-4EC2-974C-5B6017B948C4.htm,no,,Converts drawing format version for selected drawing files.
command,DWGPROPS,,https://help.autodesk.com/cloudhelp/2026/ENU/AutoCAD-Core/files/GUID-2A98E78A-9E43-4DE8-8327-BF1BF803B4B7.htm,yes,packages/kernel/src/commands.rs:530,Sets and displays the file properties of the current drawing.
command,DXBIN,,https://help.autodesk.com/cloudhelp/2026/ENU/AutoCAD-Core/files/GUID-9EB8FC2A-50E9-4555-8ADD-80DB8D4DE8AB.htm,no,,Imports an AutoCAD DXB (drawing interchange binary) file.
command,EATTEDIT,,https://help.autodesk.com/cloudhelp/2026/ENU/AutoCAD-Core/files/GUID-5878AFFC-100D-4D6E-BFA2-A08BF68A11B1.htm,no,,Edits attributes in a block reference.
command,EATTEXT,,https://help.autodesk.com/cloudhelp/2026/ENU/AutoCAD-Core/files/GUID-30D85568-2BCF-4F6C-A95E-FC6F394C5D3A.htm,no,,Exports block attribute information to a table or to an external file.
command,EDGE,,https://help.autodesk.com/cloudhelp/2026/ENU/AutoCAD-Core/files/GUID-7B71EC97-47C1-401B-B1A7-10B47318CE34.htm,no,,Changes the visibility of 3D face edges.
command,EDGESURF,,https://help.autodesk.com/cloudhelp/2026/ENU/AutoCAD-Core/files/GUID-8AFC0220-D8D8-49B1-8820-4380586364E6.htm,no,,Creates a mesh between four contiguous edges or curves.
command,EDITSHOT,,https://help.autodesk.com/cloudhelp/2026/ENU/AutoCAD-Core/files/GUID-7C0F8788-183D-4E24-98C3-1FC152630D4F.htm,no,,Edits a saved named view with or without motion.
command,ELEV,,https://help.autodesk.com/cloudhelp/2026/ENU/AutoCAD-Core/files/GUID-EE3D7937-2CD7-4F0F-BC8F-0AA0DC306EAE.htm,no,,Sets elevation and extrusion thickness of new objects.
command,ELLIPSE,,https://help.autodesk.com/cloudhelp/2026/ENU/AutoCAD-Core/files/GUID-45F9C588-2BA9-414D-8AFD-FB6B448BF273.htm,yes,packages/kernel/src/commands.rs:253; packages/kernel/src/commands.rs:637,Creates an ellipse or an elliptical arc.
command,ERASE,,https://help.autodesk.com/cloudhelp/2026/ENU/AutoCAD-Core/files/GUID-040C580C-63A2-4C98-9964-4573EF8C9514.htm,yes,packages/kernel/src/commands.rs:64,Removes objects from a drawing.
command,ETRANSMIT,,https://help.autodesk.com/cloudhelp/2026/ENU/AutoCAD-Core/files/GUID-413A58AD-C86F-432F-A4AC-A2737237001A.htm,no,,Packages a set of files for Internet transmission.
command,EXPLODE,,https://help.autodesk.com/cloudhelp/2026/ENU/AutoCAD-Core/files/GUID-E98BCEF4-DED6-48A6-87EB-10FE87188083.htm,yes,packages/kernel/src/commands.rs:320; packages/kernel/src/commands.rs:206,Breaks a compound object into its component objects.
command,EXPORT,,https://help.autodesk.com/cloudhelp/2026/ENU/AutoCAD-Core/files/GUID-A72DB257-3410-4792-B548-6B9FC1DED72B.htm,no,,Saves the objects in a drawing to a different file format.
command,EXPORTDWF,,https://help.autodesk.com/cloudhelp/2026/ENU/AutoCAD-Core/files/GUID-5A044F50-C31B-442B-A232-13FF6248A39D.htm,no,,Creates a DWF file and allows you to set individual page setup overrides on a sheet-by-sheet basis.
command,EXPORTDWFX,,https://help.autodesk.com/cloudhelp/2026/ENU/AutoCAD-Core/files/GUID-DF787DAC-2A78-43E6-82F2-7604F91C26FC.htm,no,,Creates a DWFx file where you can set individual page setup overrides on a sheet-by-sheet basis.
command,EXPORTLAYOUT,,https://help.autodesk.com/cloudhelp/2026/ENU/AutoCAD-Core/files/GUID-8A07D165-559E-4DF2-B2A9-42BD6AE2DB70.htm,no,,Creates a visual representation of the current layout in the model space of a new drawing.
command,EXPORTPDF,,https://help.autodesk.com/cloudhelp/2026/ENU/AutoCAD-Core/files/GUID-E9CB4A20-A2AF-4395-A070-610A84853D48.htm,yes,packages/kernel/src/commands.rs:720,"Generates a PDF file from a single layout, all layouts, or a specified area in model space."
command,EXPORTSETTINGS,,https://help.autodesk.com/cloudhelp/2026/ENU/AutoCAD-Core/files/GUID-F71C40AA-7B9F-4ACC-BC8D-A67C396C58EE.htm,no,,"Adjusts the page setup and drawing selection when exporting to a DWF, DWFx, or PDF file."
command,EXPORTTOAUTOCAD,,https://help.autodesk.com/cloudhelp/2026/ENU/AutoCAD-Core/files/GUID-86C80CA1-F237-4AE6-8A43-2E9CA06A03A8.htm,no,,Creates a version of a drawing file that can be opened in products such as AutoCAD and previous releases of a toolset.
command,EXTEND,,https://help.autodesk.com/cloudhelp/2026/ENU/AutoCAD-Core/files/GUID-89DD7B0F-F4F1-410D-9A3A-5847CA5F8744.htm,yes,packages/kernel/src/commands.rs:323,Extends objects to meet the edges of other objects.
command,EXTERNALREFERENCES,,https://help.autodesk.com/cloudhelp/2026/ENU/AutoCAD-Core/files/GUID-7947385D-1A5D-4474-9AB9-FD5E46ADEF53.htm,no,,Opens the External References palette.
command,EXTERNALREFERENCESCLOSE,,https://help.autodesk.com/cloudhelp/2026/ENU/AutoCAD-Core/files/GUID-3E60812F-8EFA-4D94-8DAE-B8A20AC3B411.htm,no,,Closes the External References palette.
command,EXTRUDE,,https://help.autodesk.com/cloudhelp/2026/ENU/AutoCAD-Core/files/GUID-85FD1106-8F10-4EE8-B0FB-99F1E3AEE405.htm,parked,,out of scope under SD-05 (3D/mesh/surface/render)
command,FADEMARKUP,,https://help.autodesk.com/cloudhelp/2026/ENU/AutoCAD-Core/files/GUID-D8793553-96C2-4177-A082-5359A4A85F45.htm,no,,Fade individual markups so they are less visible on a trace.
command,FIELD,,https://help.autodesk.com/cloudhelp/2026/ENU/AutoCAD-Core/files/GUID-742C92C3-1284-4722-B650-C46F9191C701.htm,no,,Creates a multiline text object with a field that can be updated automatically as the field value changes.
command,FILETAB,,https://help.autodesk.com/cloudhelp/2026/ENU/AutoCAD-Core/files/GUID-1A2A6927-5916-4207-A3FB-379A94A27527.htm,no,,Displays the file tabs at the top of the drawing area.
command,FILETABCLOSE,,https://help.autodesk.com/cloudhelp/2026/ENU/AutoCAD-Core/files/GUID-76F07387-6685-4E07-9843-473AEBCE8D43.htm,no,,Hides the file tabs at the top of the drawing area.
command,FILL,,https://help.autodesk.com/cloudhelp/2026/ENU/AutoCAD-Core/files/GUID-A09941AF-919C-4E72-96F4-3DF3C11922DE.htm,no,,"Controls the display of filled objects such as hatches, 2D solids, and wide polylines."
command,FILLET,,https://help.autodesk.com/cloudhelp/2026/ENU/AutoCAD-Core/files/GUID-64F8B700-23B3-4BD6-8C03-66121AA13E8F.htm,yes,packages/kernel/src/commands.rs:309; packages/kernel/src/commands.rs:626,Rounds or fillets the edges of two 2D objects or the adjacent faces of a 3D solid.
command,FILLETEDGE,,https://help.autodesk.com/cloudhelp/2026/ENU/AutoCAD-Core/files/GUID-0546E8D5-6775-436C-B91A-57A2D8D75A59.htm,parked,,out of scope under SD-05 (3D/mesh/surface/render)
command,FILTER,,https://help.autodesk.com/cloudhelp/2026/ENU/AutoCAD-Core/files/GUID-61BA6C74-7C01-49D4-AD9F-180E039AA984.htm,no,,Creates a list of requirements that an object must meet to be included in a selection set.
command,FIND,,https://help.autodesk.com/cloudhelp/2026/ENU/AutoCAD-Core/files/GUID-6E9F237C-C93D-4E68-BCBA-31E78B2349A0.htm,no,,"Finds the text that you specify, and can optionally replace it with other text."
command,FLATSHOT,,https://help.autodesk.com/cloudhelp/2026/ENU/AutoCAD-Core/files/GUID-746F10D2-7CFD-412D-B51F-33574C773B95.htm,parked,,out of scope under SD-05 (3D/mesh/surface/render)
command,FREESPOT,,https://help.autodesk.com/cloudhelp/2026/ENU/AutoCAD-Core/files/GUID-C1DFCAC8-C52F-4D9A-AA30-C88D13715D2B.htm,no,,Creates a free spotlight which is a spotlight without a specified target.
command,FREEWEB,,https://help.autodesk.com/cloudhelp/2026/ENU/AutoCAD-Core/files/GUID-3AC71AD8-911F-43FC-8A94-47018B7281F5.htm,no,,Creates a free web light which is a web light without a specified target.
command,GCCOINCIDENT,,https://help.autodesk.com/cloudhelp/2026/ENU/AutoCAD-Core/files/GUID-0309B988-6BDF-4AF5-8386-E04D68DC30D8.htm,yes,packages/kernel/src/commands.rs:143,Constrains two points together or a point to a curve (or an extension of a curve).
command,GCCOLLINEAR,,https://help.autodesk.com/cloudhelp/2026/ENU/AutoCAD-Core/files/GUID-43FD615E-81AC-4A7F-AC01-3EF28761EFBB.htm,no,,Causes two or more line segments to lie along the same line.
command,GCCONCENTRIC,,https://help.autodesk.com/cloudhelp/2026/ENU/AutoCAD-Core/files/GUID-4591668B-A351-4652-AEF4-6DCF956FAE79.htm,yes,packages/kernel/src/commands.rs:299,"Constrains two arcs, circles, or ellipses to the same center point."
command,GCEQUAL,,https://help.autodesk.com/cloudhelp/2026/ENU/AutoCAD-Core/files/GUID-EC45334F-107B-4169-882A-447F43762005.htm,yes,packages/kernel/src/commands.rs:291,"Resizes selected arcs and circles to the same radius, or selected lines to the same length."
command,GCFIX,,https://help.autodesk.com/cloudhelp/2026/ENU/AutoCAD-Core/files/GUID-99AB929E-9E93-4723-B108-FAE839FA0331.htm,yes,packages/kernel/src/commands.rs:156,Locks points and curves in position.
command,GCHORIZONTAL,,https://help.autodesk.com/cloudhelp/2026/ENU/AutoCAD-Core/files/GUID-CC9A57ED-E3C6-42C3-BED2-BEDC2E17E6F0.htm,yes,packages/kernel/src/commands.rs:137,Causes lines or pairs of points to lie parallel to the X axis of the current coordinate system.
command,GCPARALLEL,,https://help.autodesk.com/cloudhelp/2026/ENU/AutoCAD-Core/files/GUID-9C3E2565-FCE9-49D9-BD81-F473DA7932B3.htm,yes,packages/kernel/src/commands.rs:162,Causes selected lines to lie parallel to each other.
command,GCPERPENDICULAR,,https://help.autodesk.com/cloudhelp/2026/ENU/AutoCAD-Core/files/GUID-2EA9ED8A-D8EF-4607-9625-8CF064D8C486.htm,yes,packages/kernel/src/commands.rs:166,Causes selected lines to lie 90 degrees to one another.
command,GCSMOOTH,,https://help.autodesk.com/cloudhelp/2026/ENU/AutoCAD-Core/files/GUID-090F12A3-D325-43A0-BDB3-078947849C6E.htm,no,,"Constrains a spline to be contiguous and maintain G2 continuity with another spline, line, arc, or polyline."
command,GCSYMMETRIC,,https://help.autodesk.com/cloudhelp/2026/ENU/AutoCAD-Core/files/GUID-8ACB8055-9288-4063-9F54-8745CD8DF7A2.htm,yes,packages/kernel/src/commands.rs:303,Causes selected objects to become symmetrically constrained about a selected line.
command,GCTANGENT,,https://help.autodesk.com/cloudhelp/2026/ENU/AutoCAD-Core/files/GUID-5B067A03-9DF0-4143-8444-F62BA90DE5F3.htm,yes,packages/kernel/src/commands.rs:295,Constrains two curves to maintain a point of tangency to each other or their extensions.
command,GCVERTICAL,,https://help.autodesk.com/cloudhelp/2026/ENU/AutoCAD-Core/files/GUID-C0A6EF16-473C-4C63-9A3B-C312520EACF2.htm,yes,packages/kernel/src/commands.rs:140,Causes lines or pairs of points to lie parallel to the Y axis of the current coordinate system.
command,GEOGRAPHICLOCATION,,https://help.autodesk.com/cloudhelp/2026/ENU/AutoCAD-Core/files/GUID-10A3B776-A0FA-4438-B29B-EA22C070A27E.htm,parked,,out of scope under SD-05 (3D/mesh/surface/render)
command,GEOMAP,,https://help.autodesk.com/cloudhelp/2026/ENU/AutoCAD-Core/files/GUID-DEF7EA7B-6A4B-4520-9A6F-08A944F78218.htm,no,,"Displays a map from an online maps service, in the current viewport."
command,GEOMAPIMAGE,,https://help.autodesk.com/cloudhelp/2026/ENU/AutoCAD-Core/files/GUID-092F0E5E-BBA9-4A4E-ACF0-4779808C4384.htm,no,,"Captures a portion of the online map to an object known as a map image, and embeds it in the drawing area."
command,GEOMAPIMAGEUPDATE,,https://help.autodesk.com/cloudhelp/2026/ENU/AutoCAD-Core/files/GUID-79DFA423-8546-4DD4-9A23-1C0F0B9DF607.htm,no,,Updates map images from the online maps service and optionally resets their resolution for optimal on-screen viewing.
command,GEOMARKLATLONG,,https://help.autodesk.com/cloudhelp/2026/ENU/AutoCAD-Core/files/GUID-845EBCCC-5367-4B35-A30A-3E72584C5940.htm,no,,Places a position marker at a location defined by latitude and longitude.
command,GEOMARKME,,https://help.autodesk.com/cloudhelp/2026/ENU/AutoCAD-Core/files/GUID-7FC15721-B9DD-454C-A040-7A25D7E4A28E.htm,no,,Places a position marker in the drawing area at the coordinates corresponding to your current position.
command,GEOMARKPOINT,,https://help.autodesk.com/cloudhelp/2026/ENU/AutoCAD-Core/files/GUID-65CF58B6-A65D-499E-BE43-1DBDA18CAA34.htm,no,,Places a position marker at a specified point in model space.
command,GEOMARKPOSITION,,https://help.autodesk.com/cloudhelp/2026/ENU/AutoCAD-Core/files/GUID-C4F3F5A1-B1F1-42A0-BB60-43146278A89A.htm,no,,Places a position marker at a location you specify.
command,GEOMCONSTRAINT,,https://help.autodesk.com/cloudhelp/2026/ENU/AutoCAD-Core/files/GUID-D79452FB-DDA7-44C0-A9EA-F4EA656022D2.htm,no,,Applies or persists geometric relationships between objects or points on objects.
command,GEOREMOVE,,https://help.autodesk.com/cloudhelp/2026/ENU/AutoCAD-Core/files/GUID-AF24B18E-6871-486E-A676-14D4DFFA3A80.htm,no,,Removes all geographic location information from the drawing file.
command,GEOREORIENTMARKER,,https://help.autodesk.com/cloudhelp/2026/ENU/AutoCAD-Core/files/GUID-8D59534A-43C0-454E-9ABC-FAA46BF0FA05.htm,no,,"Changes the north direction and position of the geographic marker in model space, without changing its latitude and longitude."
command,GOTOSTART,,https://help.autodesk.com/cloudhelp/2026/ENU/AutoCAD-Core/files/GUID-E70589F5-35DE-4688-9CE0-EDEA94525740.htm,no,,Switches from the current drawing to the Start tab.
command,GOTOURL,,https://help.autodesk.com/cloudhelp/2026/ENU/AutoCAD-Core/files/GUID-B5E72B5A-C971-4099-ACC4-76E5EB13645B.htm,no,,Opens the file or web page associated with the hyperlink attached to an object.
command,GRADIENT,,https://help.autodesk.com/cloudhelp/2026/ENU/AutoCAD-Core/files/GUID-1AE69094-DFEF-4361-9B1D-E3F5448CCB02.htm,no,,Fills an enclosed area or selected objects with a gradient fill.
command,GRAPHICSCONFIG,,https://help.autodesk.com/cloudhelp/2026/ENU/AutoCAD-Core/files/GUID-3DCD7A3D-5CE8-413D-80ED-37DE73F607E3.htm,no,,Sets hardware acceleration on or off and provides access to display performance options.
command,GRAPHSCR,,https://help.autodesk.com/cloudhelp/2026/ENU/AutoCAD-Core/files/GUID-01D6B038-6372-42D5-BC80-7EB26393E349.htm,no,,Causes the text window to display behind the application window.
command,GRID,,https://help.autodesk.com/cloudhelp/2026/ENU/AutoCAD-Core/files/GUID-7EC38AD6-FA34-4115-9E1C-6F13E1BA033D.htm,no,,Displays a grid pattern in the current viewport.
command,GROUP,,https://help.autodesk.com/cloudhelp/2026/ENU/AutoCAD-Core/files/GUID-23E1D601-0814-46A4-BC1D-02162957BF7B.htm,yes,packages/kernel/src/commands.rs:540; packages/kernel/src/commands.rs:547; packages/kernel/src/commands.rs:550; packages/kernel/src/commands.rs:554; packages/kernel/src/commands.rs:558; packages/kernel/src/commands.rs:562,Creates and manages saved sets of objects called groups.
command,GROUPEDIT,,https://help.autodesk.com/cloudhelp/2026/ENU/AutoCAD-Core/files/GUID-9228E5A6-4929-42DB-8A48-420632E95F28.htm,no,,"Adds and removes objects from the selected group, or renames a selected group."
command,HATCH,,https://help.autodesk.com/cloudhelp/2026/ENU/AutoCAD-Core/files/GUID-27C104F2-B687-4025-B50B-A58E37329832.htm,yes,packages/kernel/src/commands.rs:352,"Fills an enclosed area or selected objects with a hatch pattern, solid fill, or gradient fill."
command,HATCHEDIT,,https://help.autodesk.com/cloudhelp/2026/ENU/AutoCAD-Core/files/GUID-2424838A-4B9D-4577-84E7-AE7949DA31AF.htm,yes,packages/kernel/src/commands.rs:352,Modifies an existing hatch or fill.
command,HATCHGENERATEBOUNDARY,,https://help.autodesk.com/cloudhelp/2026/ENU/AutoCAD-Core/files/GUID-B441A558-F685-4CE8-950A-C368678B60E1.htm,no,,Creates a non-associated polyline around a selected hatch.
command,HATCHSETBOUNDARY,,https://help.autodesk.com/cloudhelp/2026/ENU/AutoCAD-Core/files/GUID-7154390E-EF9F-41E6-8DAE-321D6C03A37A.htm,no,,Redefines a selected hatch or fill to conform to a different closed boundary.
command,HATCHSETORIGIN,,https://help.autodesk.com/cloudhelp/2026/ENU/AutoCAD-Core/files/GUID-64137838-F62E-461B-BFB1-12A7793A9C8B.htm,no,,Controls the starting location of hatch pattern generation for a selected hatch.
command,HATCHTOBACK,,https://help.autodesk.com/cloudhelp/2026/ENU/AutoCAD-Core/files/GUID-F4A78D17-6BE6-4906-990C-4446268F4570.htm,no,,Sets the draw order for all hatches in the drawing to be behind all other objects.
command,HELIX,,https://help.autodesk.com/cloudhelp/2026/ENU/AutoCAD-Core/files/GUID-C6FE985E-8978-4D11-8490-D81CFB323CDD.htm,no,,Creates a 2D spiral or 3D spring.
command,HELP,,https://help.autodesk.com/cloudhelp/2026/ENU/AutoCAD-Core/files/GUID-60C67B97-FC11-4FCD-BE40-A16E82D55076.htm,no,,Displays the online or offline Help system.
command,HIDE,,https://help.autodesk.com/cloudhelp/2026/ENU/AutoCAD-Core/files/GUID-7C44F850-51AC-498B-B7A5-DDD361F415CC.htm,no,,Displays a 3D model with hidden lines suppressed for the 2D Wireframe visual style.
command,HIDEOBJECTS,,https://help.autodesk.com/cloudhelp/2026/ENU/AutoCAD-Core/files/GUID-48199A62-90B6-48C6-93E1-5ECF56EAF8B5.htm,no,,Temporarily suppresses the display of selected objects.
command,HIDEPALETTES,,https://help.autodesk.com/cloudhelp/2026/ENU/AutoCAD-Core/files/GUID-0C234107-7EBC-44EE-876A-6A4C0CC17DFE.htm,no,,"Hides all displayed palettes, along with the ribbon and the drawing tabs."
command,HIGHLIGHTNEW,,https://help.autodesk.com/cloudhelp/2026/ENU/AutoCAD-Core/files/GUID-6D863F55-669A-4A65-807E-E4D305097A1D.htm,no,,Controls whether new and changed features in product updates are highlighted in the user interface with an orange dot.
command,HLSETTINGS,,https://help.autodesk.com/cloudhelp/2026/ENU/AutoCAD-Core/files/GUID-5FE86582-3202-4221-9F90-0022685CE268.htm,no,,Sets the display of such properties as hidden lines.
command,HYPERLINK,,https://help.autodesk.com/cloudhelp/2026/ENU/AutoCAD-Core/files/GUID-68C8EEED-2FA2-4100-AE03-F8B1C40431E1.htm,no,,Attaches a hyperlink to an object or modifies an existing hyperlink.
command,HYPERLINKOPTIONS,,https://help.autodesk.com/cloudhelp/2026/ENU/AutoCAD-Core/files/GUID-657896C5-DD7C-4B42-A595-8B8209EA1F16.htm,no,,"Controls the display of the hyperlink cursor, tooltips, and shortcut menu."
command,ID,,https://help.autodesk.com/cloudhelp/2026/ENU/AutoCAD-Core/files/GUID-F258AC00-5E9F-4B6B-A670-33F7708E3FB6.htm,yes,packages/kernel/src/commands.rs:866,Displays the UCS coordinate values of a specified location.
command,IGESEXPORT,,https://help.autodesk.com/cloudhelp/2026/ENU/AutoCAD-Core/files/GUID-C3F00D33-08E9-47DB-9608-94A366E48319.htm,no,,"Saves selected objects in the current drawing to a new IGES (*.igs, *.iges) file."
command,IGESIMPORT,,https://help.autodesk.com/cloudhelp/2026/ENU/AutoCAD-Core/files/GUID-0C73F1E2-B4F6-4F11-BCC4-22631E616693.htm,no,,Imports data from an IGES (*.igs or *.iges) file into the current drawing.
command,IMAGE,,https://help.autodesk.com/cloudhelp/2026/ENU/AutoCAD-Core/files/GUID-97CD5FCC-7ED8-4AA7-93F2-8C60791ED5C6.htm,no,,Displays the External References palette.
command,IMAGEADJUST,,https://help.autodesk.com/cloudhelp/2026/ENU/AutoCAD-Core/files/GUID-FA5F80B3-1581-40DF-BFEA-E6383A9266CE.htm,no,,"Controls the brightness, contrast, and fade values of images."
command,IMAGEASYNCWAIT,,https://help.autodesk.com/cloudhelp/2026/ENU/AutoCAD-Core/files/GUID-BE447BB9-476C-416E-9C0E-773589B02A2B.htm,no,,Ensures that raster images being loaded in the background during file opening are complete before proceeding.
command,IMAGEATTACH,,https://help.autodesk.com/cloudhelp/2026/ENU/AutoCAD-Core/files/GUID-0F75E36F-6138-424C-9510-5847CE1D8852.htm,no,,Inserts a reference to an image file.
command,IMAGECLIP,,https://help.autodesk.com/cloudhelp/2026/ENU/AutoCAD-Core/files/GUID-9D652E1A-29F8-49BC-ABCC-37B9F1C7A1D0.htm,no,,Crops the display of a selected image to a specified boundary.
command,IMAGEQUALITY,,https://help.autodesk.com/cloudhelp/2026/ENU/AutoCAD-Core/files/GUID-19368CF1-3845-4E62-B408-B5036853C261.htm,no,,Controls the display quality of images.
command,IMPORT,,https://help.autodesk.com/cloudhelp/2026/ENU/AutoCAD-Core/files/GUID-81A5EE76-39A7-40A4-A5C5-E4921C03B33A.htm,no,,Imports files of different formats into the current drawing.
command,IMPRINT,,https://help.autodesk.com/cloudhelp/2026/ENU/AutoCAD-Core/files/GUID-E5C27F09-F481-4F18-B1D2-26ACFECB159F.htm,parked,,out of scope under SD-05 (3D/mesh/surface/render)
command,INPUTSEARCHOPTIONS,,https://help.autodesk.com/cloudhelp/2026/ENU/AutoCAD-Core/files/GUID-8679C971-4CFA-40E7-82BE-5EE281747559.htm,no,,"Opens a dialog box that controls settings for display of the command line suggestion list for commands, system variables, and named objects."
command,INSERT,,https://help.autodesk.com/cloudhelp/2026/ENU/AutoCAD-Core/files/GUID-B840AB4A-91E2-4FEC-900A-33E40D1E1925.htm,yes,packages/kernel/src/commands.rs:197,"Displays the Blocks palette, which you can use to insert blocks and drawings into the current drawing."
command,INSERTOBJ,,https://help.autodesk.com/cloudhelp/2026/ENU/AutoCAD-Core/files/GUID-697B4875-F1C5-4C7C-A7C6-4D14DC1123F7.htm,no,,Inserts a linked or embedded object.
command,INTERFERE,,https://help.autodesk.com/cloudhelp/2026/ENU/AutoCAD-Core/files/GUID-FF1ED01E-9AB5-455F-8E84-2F01C2EA3B62.htm,parked,,out of scope under SD-05 (3D/mesh/surface/render)
command,INTERSECT,,https://help.autodesk.com/cloudhelp/2026/ENU/AutoCAD-Core/files/GUID-904008EB-D92A-4B69-B79F-6C3A033DB3DF.htm,parked,,out of scope under SD-05 (3D/mesh/surface/render)
command,ISODRAFT,,https://help.autodesk.com/cloudhelp/2026/ENU/AutoCAD-Core/files/GUID-061FA171-5425-481C-B24C-887C4E195A7B.htm,no,,"Turns isometric drafting settings on or off, and specifies the current 2D isometric drafting plane."
command,ISOLATEOBJECTS,,https://help.autodesk.com/cloudhelp/2026/ENU/AutoCAD-Core/files/GUID-12C177FC-E8D1-44C0-9199-A9D46FC2DA39.htm,no,,Temporarily suppresses the display of all objects except those you select.
command,ISOPLANE,,https://help.autodesk.com/cloudhelp/2026/ENU/AutoCAD-Core/files/GUID-9B1EEA63-BEC1-413E-B69F-541B5865F1A1.htm,no,,Specifies the current plane for 2D isometric drawing.
command,JOIN,,https://help.autodesk.com/cloudhelp/2026/ENU/AutoCAD-Core/files/GUID-4D2A28C3-3E7F-4830-BE6A-7C9907C95488.htm,yes,packages/kernel/src/commands.rs:327,Joins the endpoints of linear and curved objects to create a single object.
command,JPGOUT,,https://help.autodesk.com/cloudhelp/2026/ENU/AutoCAD-Core/files/GUID-1A2C1CB7-2323-456E-AF23-1FBA900E5EFC.htm,no,,Saves selected objects to a file in JPEG file format.
command,JUSTIFYTEXT,,https://help.autodesk.com/cloudhelp/2026/ENU/AutoCAD-Core/files/GUID-72F7D0C0-20B3-4F70-998A-794ABEAE431C.htm,no,,Changes the justification point of selected text objects without changing their locations.
command,LAYCUR,,https://help.autodesk.com/cloudhelp/2026/ENU/AutoCAD-Core/files/GUID-EA22341E-62F1-4C7D-9B14-F83526433C64.htm,no,,Changes the layer property of selected objects to the current layer.
command,LAYDEL,,https://help.autodesk.com/cloudhelp/2026/ENU/AutoCAD-Core/files/GUID-A24D1310-E176-4A1E-943C-47211C07F94A.htm,no,,Deletes all objects on a layer and purges the layer.
command,LAYER,,https://help.autodesk.com/cloudhelp/2026/ENU/AutoCAD-Core/files/GUID-9123091A-2DCB-4DE8-983C-F7CA38FA67BE.htm,yes,packages/kernel/src/commands.rs:109; packages/kernel/src/commands.rs:113; packages/kernel/src/commands.rs:128; packages/kernel/src/commands.rs:124; packages/kernel/src/commands.rs:116; packages/kernel/src/commands.rs:120; packages/kernel/src/commands.rs:132; packages/kernel/src/commands.rs:343; packages/kernel/src/commands.rs:347,Manages layers and layer properties.
command,LAYERCLOSE,,https://help.autodesk.com/cloudhelp/2026/ENU/AutoCAD-Core/files/GUID-9D0D75C7-3717-4358-9987-66B90DA1F093.htm,no,,Closes the Layer Properties Manager.
command,LAYERP,,https://help.autodesk.com/cloudhelp/2026/ENU/AutoCAD-Core/files/GUID-F266407A-0894-4930-9544-8D4087FD66B9.htm,no,,Undoes the last change or set of changes made to layer settings.
command,LAYERPALETTE,,https://help.autodesk.com/cloudhelp/2026/ENU/AutoCAD-Core/files/GUID-DD91EB0C-5D3E-421E-BAB0-F4C2C292FD66.htm,no,,Opens the modeless Layer Properties Manager.
command,LAYERPMODE,,https://help.autodesk.com/cloudhelp/2026/ENU/AutoCAD-Core/files/GUID-249DBD51-2A59-4932-9E63-591C293D7FE9.htm,no,,Turns on and off the tracking of changes made to layer settings for use by the LAYERP command.
command,LAYERSTATE,,https://help.autodesk.com/cloudhelp/2026/ENU/AutoCAD-Core/files/GUID-F1453A4F-C184-40D9-9EE1-E1149812501A.htm,no,,"Saves, restores, and manages sets of layer settings that are called layer states."
command,LAYERSTATESAVE,,https://help.autodesk.com/cloudhelp/2026/ENU/AutoCAD-Core/files/GUID-CA2A1FF0-0BF9-4D47-B268-23261B289035.htm,no,,"Displays the New Layer State to Save dialog box, where you can provide a name and a description for a new layer state."
command,LAYFRZ,,https://help.autodesk.com/cloudhelp/2026/ENU/AutoCAD-Core/files/GUID-E7DB1E23-EB54-4DB7-B168-7725DFE6F100.htm,no,,Freezes the layer of selected objects.
command,LAYISO,,https://help.autodesk.com/cloudhelp/2026/ENU/AutoCAD-Core/files/GUID-E24B9866-9538-43BF-A3DF-AA7E2341C624.htm,no,,Hides or locks all layers except those of the selected objects.
command,LAYLCK,,https://help.autodesk.com/cloudhelp/2026/ENU/AutoCAD-Core/files/GUID-D011ADFD-CB4B-4F29-954A-EF2246C1DFB2.htm,no,,Locks the layer of a selected object.
command,LAYMCH,,https://help.autodesk.com/cloudhelp/2026/ENU/AutoCAD-Core/files/GUID-73F158B0-8401-4CAE-9204-94C36DF6D409.htm,no,,Changes the layer of a selected object to match the destination layer.
command,LAYMCUR,,https://help.autodesk.com/cloudhelp/2026/ENU/AutoCAD-Core/files/GUID-E44FA50E-DB98-48C4-AE6B-052ED7287497.htm,no,,Sets the current layer to that of a selected object.
command,LAYMRG,,https://help.autodesk.com/cloudhelp/2026/ENU/AutoCAD-Core/files/GUID-7D66940F-EC67-4DEC-89BC-82B887EABD6E.htm,no,,"Merges selected layers into a target layer, removing them from the drawing."
command,LAYOFF,,https://help.autodesk.com/cloudhelp/2026/ENU/AutoCAD-Core/files/GUID-BAE680D0-9AD5-4952-A139-B81732D7B5FB.htm,no,,Turns off the layer of a selected object.
command,LAYON,,https://help.autodesk.com/cloudhelp/2026/ENU/AutoCAD-Core/files/GUID-575562DA-547E-4247-8616-2F6684838B77.htm,no,,Turns on all layers in the drawing.
command,LAYOUT,,https://help.autodesk.com/cloudhelp/2026/ENU/AutoCAD-Core/files/GUID-BCE3AD90-9DE0-488C-9CA4-5FDB9401DCE0.htm,no,,Creates and modifies drawing layouts.
command,LAYOUTWIZARD,,https://help.autodesk.com/cloudhelp/2026/ENU/AutoCAD-Core/files/GUID-70FBE671-9B34-436E-A6B0-04C7A58D2057.htm,no,,Creates a new layout tab and specifies page and plot settings.
command,LAYTHW,,https://help.autodesk.com/cloudhelp/2026/ENU/AutoCAD-Core/files/GUID-8590F14F-49DE-40B1-AC90-44EB49ECC9AE.htm,no,,Thaws all layers in the drawing.
command,LAYTRANS,,https://help.autodesk.com/cloudhelp/2026/ENU/AutoCAD-Core/files/GUID-83CFD677-78F3-492F-A5A3-5A0197D2FA2C.htm,no,,Translates the layers in the current drawing to specified layer standards.
command,LAYULK,,https://help.autodesk.com/cloudhelp/2026/ENU/AutoCAD-Core/files/GUID-6B23C58C-F9D1-4926-A691-0447EC506E1F.htm,no,,Unlocks the layer of a selected object.
command,LAYUNISO,,https://help.autodesk.com/cloudhelp/2026/ENU/AutoCAD-Core/files/GUID-0795CBC9-7A9D-4A36-B49E-244C146FF6EA.htm,no,,Restores all layers that were hidden or locked with the LAYISO command.
command,LAYVPI,,https://help.autodesk.com/cloudhelp/2026/ENU/AutoCAD-Core/files/GUID-DFCF08D6-5E63-4EC4-85D5-B1BA32008A36.htm,no,,Freezes selected layers in all layout viewports except the current viewport.
command,LAYWALK,,https://help.autodesk.com/cloudhelp/2026/ENU/AutoCAD-Core/files/GUID-5682CC98-D131-43B0-9E46-3A403E6FC087.htm,no,,Displays objects on selected layers and hides objects on all other layers.
command,LEADER,,https://help.autodesk.com/cloudhelp/2026/ENU/AutoCAD-Core/files/GUID-BC466DEE-ACD8-419A-B017-AB3065336AD7.htm,yes,packages/kernel/src/commands.rs:822,Creates a line that connects annotation to a feature.
command,LENGTHEN,,https://help.autodesk.com/cloudhelp/2026/ENU/AutoCAD-Core/files/GUID-76C74C62-DBAA-41E7-8422-F0EE7E769638.htm,yes,packages/kernel/src/commands.rs:384,Changes the length of objects and the included angle of arcs.
command,LIGHT,,https://help.autodesk.com/cloudhelp/2026/ENU/AutoCAD-Core/files/GUID-3239B8C2-E81A-4F08-90FE-C303234EC313.htm,parked,,out of scope under SD-05 (3D/mesh/surface/render)
command,LIGHTLIST,,https://help.autodesk.com/cloudhelp/2026/ENU/AutoCAD-Core/files/GUID-46B14BC9-5EED-4175-ABE4-9D8BB967F111.htm,parked,,out of scope under SD-05 (3D/mesh/surface/render)
command,LIGHTLISTCLOSE,,https://help.autodesk.com/cloudhelp/2026/ENU/AutoCAD-Core/files/GUID-49126197-1723-47AB-876E-7F652678066B.htm,parked,,out of scope under SD-05 (3D/mesh/surface/render)
command,LIMITS,,https://help.autodesk.com/cloudhelp/2026/ENU/AutoCAD-Core/files/GUID-6CF82FC7-E1BC-4A8C-A23D-4396E3D99632.htm,no,,Sets an invisible rectangular boundary in the drawing area that can limit the grid display and limit clicking or entering point locations.
command,LINE,,https://help.autodesk.com/cloudhelp/2026/ENU/AutoCAD-Core/files/GUID-E8C1190C-A26C-484C-ADDD-DDF81666F69F.htm,yes,packages/kernel/src/commands.rs:30,Create a series of contiguous line segments. Each segment is a line object that can be edited separately.
command,LINETYPE,,https://help.autodesk.com/cloudhelp/2026/ENU/AutoCAD-Core/files/GUID-1D3817A0-C5C7-4D52-99A9-F0922F09D4CD.htm,no,,"Loads, sets, and modifies linetypes."
command,LIST,,https://help.autodesk.com/cloudhelp/2026/ENU/AutoCAD-Core/files/GUID-88FFCF22-5F25-48D9-BD43-4F248EFFCE17.htm,no,,Displays property data for selected objects.
command,LIVESECTION,,https://help.autodesk.com/cloudhelp/2026/ENU/AutoCAD-Core/files/GUID-2913E7CC-0542-45FB-ADEA-06B991C38696.htm,parked,,out of scope under SD-05 (3D/mesh/surface/render)
command,LOAD,,https://help.autodesk.com/cloudhelp/2026/ENU/AutoCAD-Core/files/GUID-B372C134-AD7E-4C28-8D3B-602FF2681B57.htm,no,,Makes the symbols in compiled shape (SHX) files available for use by the SHAPE command.
command,LOFT,,https://help.autodesk.com/cloudhelp/2026/ENU/AutoCAD-Core/files/GUID-0A041818-2E32-4212-A3D8-CE0361C3D229.htm,parked,,out of scope under SD-05 (3D/mesh/surface/render)
command,LOGFILEOFF,,https://help.autodesk.com/cloudhelp/2026/ENU/AutoCAD-Core/files/GUID-5F7F109E-56A2-4DC2-8641-7478C24EA7EB.htm,no,,Closes the command history log file opened by LOGFILEON.
command,LOGFILEON,,https://help.autodesk.com/cloudhelp/2026/ENU/AutoCAD-Core/files/GUID-2FB60E75-7926-4344-91DC-B2A1D9F52163.htm,no,,Writes the contents of the command history to a file.
command,LTSCALE,,https://help.autodesk.com/cloudhelp/2026/ENU/AutoCAD-Core/files/GUID-47B3793A-37BF-45FC-94CB-670433ADD366.htm,yes,packages/kernel/src/commands.rs:664; packages/kernel/src/commands.rs:667,Sets the global linetype scale factor.
command,LWEIGHT,,https://help.autodesk.com/cloudhelp/2026/ENU/AutoCAD-Core/files/GUID-DFDA9EE3-D303-44AE-973F-1AA57A9BB06E.htm,no,,"Sets the current lineweight, lineweight display options, and lineweight units."
command,MAKELISPAPP,,https://help.autodesk.com/cloudhelp/2026/ENU/AutoCAD-Core/files/GUID-1A8B50AA-1DEA-4853-AAA8-09AF0827A0ED.htm,no,,Compiles one or more AutoLISP (LSP) source files into an application (VLX) file that can be distributed to users and protect your code.
command,MARKUP,,https://help.autodesk.com/cloudhelp/2026/ENU/AutoCAD-Core/files/GUID-8B48AEB0-7BB2-47F9-B09C-90BD5246FB0E.htm,no,,Opens the Markup Set Manager.
command,MARKUPASSIST,,https://help.autodesk.com/cloudhelp/2026/ENU/AutoCAD-Core/files/GUID-8B8F1A10-82C1-4FB8-BC0D-8E22CA25A97F.htm,no,,Analyzes an imported markup and can help place text callouts and revision clouds faster and with less manual effort.
command,MARKUPCLOSE,,https://help.autodesk.com/cloudhelp/2026/ENU/AutoCAD-Core/files/GUID-3D73A8F8-13A0-4FBE-A345-034B50291D8D.htm,no,,Closes the Markup Set Manager.
command,MARKUPIMPORT,,https://help.autodesk.com/cloudhelp/2026/ENU/AutoCAD-Core/files/GUID-193B08A6-74C5-4DB3-A80D-499746344B3B.htm,no,,Imports a marked up drawing (image/pdf) in-place into your DWG as a new trace.
command,MASSPROP,,https://help.autodesk.com/cloudhelp/2026/ENU/AutoCAD-Core/files/GUID-CAA51229-293E-4A0C-BFF3-93226252CF13.htm,yes,packages/kernel/src/commands.rs:678,Calculates the mass properties of selected 2D regions or 3D solids.
command,MATBROWSERCLOSE,,https://help.autodesk.com/cloudhelp/2026/ENU/AutoCAD-Core/files/GUID-F9F8F880-34BC-4F52-AF98-86EB63E2C360.htm,no,,Closes the Materials Browser.
command,MATBROWSEROPEN,,https://help.autodesk.com/cloudhelp/2026/ENU/AutoCAD-Core/files/GUID-905808B6-5A00-44D4-9C93-914B41688250.htm,no,,Opens the Materials Browser.
command,MATCHCELL,,https://help.autodesk.com/cloudhelp/2026/ENU/AutoCAD-Core/files/GUID-20B456B6-921D-4D52-85DD-0457B22160E9.htm,no,,Applies the properties of a selected table cell to other table cells.
command,MATCHPROP,,https://help.autodesk.com/cloudhelp/2026/ENU/AutoCAD-Core/files/GUID-BD476C7C-2CA4-4FB2-8A9E-EAAD5A072445.htm,yes,packages/kernel/src/commands.rs:379,Applies the properties of a selected object to other objects.
command,MATEDITORCLOSE,,https://help.autodesk.com/cloudhelp/2026/ENU/AutoCAD-Core/files/GUID-07E1F8D5-6840-4428-97CE-37917A5271D8.htm,no,,Closes the Materials Editor.
command,MATEDITOROPEN,,https://help.autodesk.com/cloudhelp/2026/ENU/AutoCAD-Core/files/GUID-31215BDF-E805-4AAF-A9BA-12CA1B48F62E.htm,no,,Opens the Materials Editor.
command,MATERIALASSIGN,,https://help.autodesk.com/cloudhelp/2026/ENU/AutoCAD-Core/files/GUID-FAB3820A-E322-4056-B13B-5045BA5BA55C.htm,parked,,out of scope under SD-05 (3D/mesh/surface/render)
command,MATERIALATTACH,,https://help.autodesk.com/cloudhelp/2026/ENU/AutoCAD-Core/files/GUID-C8761059-E777-46E2-A2F1-AAB0EAF0FF15.htm,parked,,out of scope under SD-05 (3D/mesh/surface/render)
command,MATERIALMAP,,https://help.autodesk.com/cloudhelp/2026/ENU/AutoCAD-Core/files/GUID-C9DFF585-97CE-4380-A41F-B632FA8EA9F6.htm,parked,,out of scope under SD-05 (3D/mesh/surface/render)
command,MATERIALS,,https://help.autodesk.com/cloudhelp/2026/ENU/AutoCAD-Core/files/GUID-6239681A-C4E4-4515-9578-23B6EDFF6A80.htm,parked,,out of scope under SD-05 (3D/mesh/surface/render)
command,MATERIALSCLOSE,,https://help.autodesk.com/cloudhelp/2026/ENU/AutoCAD-Core/files/GUID-6ECF14D2-7642-4997-8FE3-E6F6F6313E22.htm,parked,,out of scope under SD-05 (3D/mesh/surface/render)
command,MEASURE,,https://help.autodesk.com/cloudhelp/2026/ENU/AutoCAD-Core/files/GUID-212933E8-BC53-4872-A3DC-32C48DE1B2D0.htm,no,,Creates point objects or blocks at measured intervals along the length or perimeter of an object.
command,MEASUREGEOM,,https://help.autodesk.com/cloudhelp/2026/ENU/AutoCAD-Core/files/GUID-5D5B0EE1-DD90-47AE-8A55-642FBFF5E4E4.htm,yes,packages/kernel/src/commands.rs:243; packages/kernel/src/commands.rs:249,"Measures the distance, radius, angle, area, and volume of selected objects, a sequence of points, or dynamically."
command,MENU,,https://help.autodesk.com/cloudhelp/2026/ENU/AutoCAD-Core/files/GUID-9EF6BC00-4C90-47CB-BF93-6FC382FA9E81.htm,no,,Obsolete. Loads a customization file.
command,MESH,,https://help.autodesk.com/cloudhelp/2026/ENU/AutoCAD-Core/files/GUID-C0251558-62FC-4169-ADA2-DED728278556.htm,parked,,out of scope under SD-05 (3D/mesh/surface/render)
command,MESHCAP,,https://help.autodesk.com/cloudhelp/2026/ENU/AutoCAD-Core/files/GUID-A9EC33F4-D6BF-45D4-AF68-DCA81D3B0BBE.htm,parked,,out of scope under SD-05 (3D/mesh/surface/render)
command,MESHCOLLAPSE,,https://help.autodesk.com/cloudhelp/2026/ENU/AutoCAD-Core/files/GUID-134A56D9-6F56-4DE0-BF65-96A974E35337.htm,parked,,out of scope under SD-05 (3D/mesh/surface/render)
command,MESHCREASE,,https://help.autodesk.com/cloudhelp/2026/ENU/AutoCAD-Core/files/GUID-F176266D-C615-4A0B-95ED-E8FBE1D4E392.htm,parked,,out of scope under SD-05 (3D/mesh/surface/render)
command,MESHEXTRUDE,,https://help.autodesk.com/cloudhelp/2026/ENU/AutoCAD-Core/files/GUID-5F78E17E-06B7-4157-909D-5CBED1570246.htm,parked,,out of scope under SD-05 (3D/mesh/surface/render)
command,MESHMERGE,,https://help.autodesk.com/cloudhelp/2026/ENU/AutoCAD-Core/files/GUID-11D222C2-7393-4C5F-97A1-8E0D530D81D0.htm,parked,,out of scope under SD-05 (3D/mesh/surface/render)
command,MESHOPTIONS,,https://help.autodesk.com/cloudhelp/2026/ENU/AutoCAD-Core/files/GUID-13AAC2AF-74A1-4717-9BD0-8FC5B955DF37.htm,parked,,out of scope under SD-05 (3D/mesh/surface/render)
command,MESHPRIMITIVEOPTIONS,,https://help.autodesk.com/cloudhelp/2026/ENU/AutoCAD-Core/files/GUID-68A76726-05AF-47CF-B219-EFEAF856BE66.htm,parked,,out of scope under SD-05 (3D/mesh/surface/render)
command,MESHREFINE,,https://help.autodesk.com/cloudhelp/2026/ENU/AutoCAD-Core/files/GUID-36077075-B5DF-452E-A9C1-8575A4763864.htm,parked,,out of scope under SD-05 (3D/mesh/surface/render)
command,MESHSMOOTH,,https://help.autodesk.com/cloudhelp/2026/ENU/AutoCAD-Core/files/GUID-8823F3EB-A053-437A-94DB-081B654B8F3F.htm,parked,,out of scope under SD-05 (3D/mesh/surface/render)
command,MESHSMOOTHLESS,,https://help.autodesk.com/cloudhelp/2026/ENU/AutoCAD-Core/files/GUID-D8F075B5-3714-4C45-9564-4F2716BE3815.htm,parked,,out of scope under SD-05 (3D/mesh/surface/render)
command,MESHSMOOTHMORE,,https://help.autodesk.com/cloudhelp/2026/ENU/AutoCAD-Core/files/GUID-FE5AAF13-EC5D-4EDF-A888-A1CF36486B95.htm,parked,,out of scope under SD-05 (3D/mesh/surface/render)
command,MESHSPIN,,https://help.autodesk.com/cloudhelp/2026/ENU/AutoCAD-Core/files/GUID-A4B6F1FF-68C3-433C-831A-E184667F4C3F.htm,parked,,out of scope under SD-05 (3D/mesh/surface/render)
command,MESHSPLIT,,https://help.autodesk.com/cloudhelp/2026/ENU/AutoCAD-Core/files/GUID-09A02699-5AAB-40E9-B6DE-B8976708D2A8.htm,parked,,out of scope under SD-05 (3D/mesh/surface/render)
command,MESHUNCREASE,,https://help.autodesk.com/cloudhelp/2026/ENU/AutoCAD-Core/files/GUID-CD7FDDA6-DC23-4E1C-9607-45CB2DDC8434.htm,parked,,out of scope under SD-05 (3D/mesh/surface/render)
command,MIGRATEMATERIALS,,https://help.autodesk.com/cloudhelp/2026/ENU/AutoCAD-Core/files/GUID-32007B6A-8B73-4F8C-A7DC-E72B6C646A74.htm,parked,,out of scope under SD-05 (3D/mesh/surface/render)
command,MINSERT,,https://help.autodesk.com/cloudhelp/2026/ENU/AutoCAD-Core/files/GUID-A780A2FA-4A2E-4574-950F-E788AB71F527.htm,no,,Inserts multiple instances of a block in a rectangular array.
command,MIRROR,,https://help.autodesk.com/cloudhelp/2026/ENU/AutoCAD-Core/files/GUID-595277C8-9B87-4CFB-A3AF-769537A22F3D.htm,yes,packages/kernel/src/commands.rs:87,Creates a mirrored copy of selected objects.
command,MIRROR3D,,https://help.autodesk.com/cloudhelp/2026/ENU/AutoCAD-Core/files/GUID-E769E87D-8502-4A1E-B6F8-03889F26F944.htm,parked,,out of scope under SD-05 (3D/mesh/surface/render)
command,MLEADER,,https://help.autodesk.com/cloudhelp/2026/ENU/AutoCAD-Core/files/GUID-764DA12B-1280-4D1A-8673-F9F8A136CB83.htm,no,,Creates a multileader object.
command,MLEADERALIGN,,https://help.autodesk.com/cloudhelp/2026/ENU/AutoCAD-Core/files/GUID-14A45038-97CF-4583-9803-75EECF72CD13.htm,no,,Aligns and spaces selected multileader objects.
command,MLEADERCOLLECT,,https://help.autodesk.com/cloudhelp/2026/ENU/AutoCAD-Core/files/GUID-CFD5E822-9F89-475D-8724-E0843EE4C5D4.htm,no,,"Organizes selected multileaders that contain blocks into rows or columns, and displays the result with a single leader."
command,MLEADEREDIT,,https://help.autodesk.com/cloudhelp/2026/ENU/AutoCAD-Core/files/GUID-9B157447-A952-42A2-AF68-98CC7B6F12FD.htm,no,,"Adds leader lines to, or removes leader lines from, a multileader object."
command,MLEADERSTYLE,,https://help.autodesk.com/cloudhelp/2026/ENU/AutoCAD-Core/files/GUID-9435FC8D-7811-4C12-A9D7-7FCEF7A149A4.htm,yes,packages/kernel/src/commands.rs:470; packages/kernel/src/commands.rs:480; packages/kernel/src/commands.rs:490; packages/kernel/src/commands.rs:493,Creates and modifies multileader styles.
command,MLEDIT,,https://help.autodesk.com/cloudhelp/2026/ENU/AutoCAD-Core/files/GUID-BDA85006-C833-4165-85A0-1788A92BC912.htm,no,,"Edits multiline intersections, breaks, and vertices."
command,MLINE,,https://help.autodesk.com/cloudhelp/2026/ENU/AutoCAD-Core/files/GUID-A6839A41-0D81-44F2-953A-220307F9380A.htm,yes,packages/kernel/src/commands.rs:648,Creates multiple parallel lines.
command,MLSTYLE,,https://help.autodesk.com/cloudhelp/2026/ENU/AutoCAD-Core/files/GUID-548AD96E-53E5-4635-B6F8-0317407B843F.htm,no,,"Creates, modifies, and manages multiline styles."
command,MODEL,,https://help.autodesk.com/cloudhelp/2026/ENU/AutoCAD-Core/files/GUID-2FC06AB4-8085-407E-A54B-D44057AEDC3B.htm,no,,Switches from a named layout tab to the Model tab.
command,MOVE,,https://help.autodesk.com/cloudhelp/2026/ENU/AutoCAD-Core/files/GUID-47CE7325-84C0-4414-80A3-29DC98392709.htm,yes,packages/kernel/src/commands.rs:67,Moves objects a specified distance in a specified direction.
command,MREDO,,https://help.autodesk.com/cloudhelp/2026/ENU/AutoCAD-Core/files/GUID-B7FA1535-51E4-4980-A6F7-CDF98C86B3B6.htm,yes,packages/kernel/src/commands.rs:872,Reverses the effects of several previous UNDO or U commands.
command,MSLIDE,,https://help.autodesk.com/cloudhelp/2026/ENU/AutoCAD-Core/files/GUID-4AD7EF13-2B81-453B-BB80-9E2BBE7ED2DB.htm,no,,Creates a slide file of the current model viewport or the current layout.
command,MSPACE,,https://help.autodesk.com/cloudhelp/2026/ENU/AutoCAD-Core/files/GUID-4FFCC0F6-ACA4-4C14-90BA-15A04E5ECA80.htm,no,,"In a layout, switches from paper space to model space in a layout viewport."
command,MTEDIT,,https://help.autodesk.com/cloudhelp/2026/ENU/AutoCAD-Core/files/GUID-435E2E51-D38D-4717-91F2-8229F32676B6.htm,no,,Edits multiline text.
command,MTEXT,,https://help.autodesk.com/cloudhelp/2026/ENU/AutoCAD-Core/files/GUID-E6BCE05D-B9E3-4875-BBBC-29134EA6FD51.htm,yes,packages/kernel/src/commands.rs:359,Creates a multiline text object.
command,MULTIPLE,,https://help.autodesk.com/cloudhelp/2026/ENU/AutoCAD-Core/files/GUID-60331A1C-1CD0-4626-BC56-F33D0A3683E9.htm,no,,Repeats the next command until canceled.
command,MVIEW,,https://help.autodesk.com/cloudhelp/2026/ENU/AutoCAD-Core/files/GUID-731B2752-B9E2-443E-816A-9B4851296455.htm,no,,Creates and controls layout viewports.
command,MVSETUP,,https://help.autodesk.com/cloudhelp/2026/ENU/AutoCAD-Core/files/GUID-D76CD04B-12FB-4E25-8C8B-B70F4904D1D6.htm,no,,Sets up the specifications of a drawing.
command,NAVBAR,,https://help.autodesk.com/cloudhelp/2026/ENU/AutoCAD-Core/files/GUID-90981580-5028-4E74-A117-21EFA734017F.htm,no,,Provides access to viewing tools from a unified interface.
command,NAVSMOTION,,https://help.autodesk.com/cloudhelp/2026/ENU/AutoCAD-Core/files/GUID-4663E071-6D64-4892-AD27-8E629834535B.htm,no,,"Provides an on-screen display for creating and playing back cinematic camera animations for design review, presentation, and bookmark-style navigation."
command,NAVSMOTIONCLOSE,,https://help.autodesk.com/cloudhelp/2026/ENU/AutoCAD-Core/files/GUID-D5523743-5292-40A3-A07A-901E462392D5.htm,no,,Closes the ShowMotion interface where you can navigate within a drawing by selecting a named view.
command,NAVSWHEEL,,https://help.autodesk.com/cloudhelp/2026/ENU/AutoCAD-Core/files/GUID-07D418EE-9508-41F0-A7A1-46EDED94D10F.htm,parked,,out of scope under SD-05 (3D/mesh/surface/render)
command,NAVVCUBE,,https://help.autodesk.com/cloudhelp/2026/ENU/AutoCAD-Core/files/GUID-3889B35C-790A-4C95-9DF2-174CB956D227.htm,no,,Indicates the current viewing direction. Dragging or clicking the ViewCube rotates the scene.
command,NCOPY,,https://help.autodesk.com/cloudhelp/2026/ENU/AutoCAD-Core/files/GUID-12FCCFDF-9B3B-48D0-AC46-DF1D3519B0E5.htm,no,,"Copies objects that are contained in an xref, block, or DGN underlay."
command,NETLOAD,,https://help.autodesk.com/cloudhelp/2026/ENU/AutoCAD-Core/files/GUID-D954BCC1-C4F0-488B-8F60-1D02D68940E0.htm,no,,Loads a .NET application.
command,NEW,,https://help.autodesk.com/cloudhelp/2026/ENU/AutoCAD-Core/files/GUID-90BE41A2-7FFD-44DB-A927-B7A9277C75C2.htm,no,,Starts a new drawing.
command,NEWSHEETSET,,https://help.autodesk.com/cloudhelp/2026/ENU/AutoCAD-Core/files/GUID-2E32E0F4-E351-402A-BFA3-974B14F7B004.htm,no,,"Creates a new sheet set data file that manages drawing layouts, file paths, and project data."
command,NEWSHOT,,https://help.autodesk.com/cloudhelp/2026/ENU/AutoCAD-Core/files/GUID-AE028758-AF87-474E-ACB9-5E3ED57EFEA6.htm,no,,Creates a named view with motion that is played back when viewed with ShowMotion.
command,NEWVIEW,,https://help.autodesk.com/cloudhelp/2026/ENU/AutoCAD-Core/files/GUID-F465283F-5208-4E6C-970E-C7460C3ECBB6.htm,parked,,out of scope under SD-05 (3D/mesh/surface/render)
command,OBJECTSCALE,,https://help.autodesk.com/cloudhelp/2026/ENU/AutoCAD-Core/files/GUID-96A4233D-438F-467C-A259-7B249C89950E.htm,no,,Adds or deletes supported scales for annotative objects.
command,OFFSET,,https://help.autodesk.com/cloudhelp/2026/ENU/AutoCAD-Core/files/GUID-C0E4246D-C420-42BD-A6FC-8B1852EFD005.htm,yes,packages/kernel/src/commands.rs:94; packages/kernel/src/commands.rs:631,"Creates concentric circles, parallel lines, and parallel curves."
command,OFFSETEDGE,,https://help.autodesk.com/cloudhelp/2026/ENU/AutoCAD-Core/files/GUID-F18EAB59-3921-429A-80CE-567AB8918E81.htm,parked,,out of scope under SD-05 (3D/mesh/surface/render)
command,OLECONVERT,,https://help.autodesk.com/cloudhelp/2026/ENU/AutoCAD-Core/files/GUID-3D953E45-345E-4A8A-9E6E-C47056F58236.htm,no,,"Specifies a different source application for an embedded OLE object, and controls whether the OLE object is represented by an icon."
command,OLELINKS,,https://help.autodesk.com/cloudhelp/2026/ENU/AutoCAD-Core/files/GUID-4D05CD71-D894-4FC4-A7FC-7962159A94E8.htm,no,,"Updates, changes, and cancels a selected linked OLE object."
command,OLEOPEN,,https://help.autodesk.com/cloudhelp/2026/ENU/AutoCAD-Core/files/GUID-4D4BC523-461A-46C9-A92B-CE3DF7AA7C54.htm,no,,Opens the selected OLE object in its source application.
command,OLERESET,,https://help.autodesk.com/cloudhelp/2026/ENU/AutoCAD-Core/files/GUID-DE1FEACE-92AA-4B3C-B896-1A899C79EE5B.htm,no,,Restores the selected OLE object to its original size and shape.
command,OLESCALE,,https://help.autodesk.com/cloudhelp/2026/ENU/AutoCAD-Core/files/GUID-34E48823-4A29-428E-A85C-7B5D6488DED9.htm,no,,"Controls the size, scale, and other properties of a selected OLE object."
command,OOPS,,https://help.autodesk.com/cloudhelp/2026/ENU/AutoCAD-Core/files/GUID-0E72CDCD-9ECA-453A-8A04-CA2921740270.htm,no,,Restores erased objects.
command,OPEN,,https://help.autodesk.com/cloudhelp/2026/ENU/AutoCAD-Core/files/GUID-3738384A-3047-4532-866C-23D3FFF3AA45.htm,yes,packages/kernel/src/commands.rs:730,Opens an existing drawing file.
command,OPENDWFMARKUP,,https://help.autodesk.com/cloudhelp/2026/ENU/AutoCAD-Core/files/GUID-D27DCF31-179A-42A4-A59E-FA50C2392B0E.htm,no,,Opens a DWF or DWFx file that contains markups.
command,OPENFROMWEBMOBILE,,https://help.autodesk.com/cloudhelp/2026/ENU/AutoCAD-Core/files/GUID-79C33702-07E6-4261-92E1-D69595ED1B6D.htm,no,,Opens a drawing file from your online Autodesk Account.
command,OPENSHEETSET,,https://help.autodesk.com/cloudhelp/2026/ENU/AutoCAD-Core/files/GUID-F22CB49D-7F81-4EBE-A6F0-8EBC55C9721A.htm,no,,Opens a selected sheet set.
command,OPTIONS,,https://help.autodesk.com/cloudhelp/2026/ENU/AutoCAD-Core/files/GUID-0504CE1C-7B56-4094-B90B-C8000E680EF9.htm,no,,Customizes the program settings.
command,ORTHO,,https://help.autodesk.com/cloudhelp/2026/ENU/AutoCAD-Core/files/GUID-128AC5D7-72B0-498F-958D-7F619A73EC5F.htm,no,,Constrains cursor movement to the horizontal or vertical direction.
command,OSNAP,,https://help.autodesk.com/cloudhelp/2026/ENU/AutoCAD-Core/files/GUID-CF5780AD-D1AB-4526-9608-83D7952749E7.htm,no,,Sets running object snap modes.
command,OVERKILL,,https://help.autodesk.com/cloudhelp/2026/ENU/AutoCAD-Core/files/GUID-44B9ECFC-752C-4CC5-9DA3-84DBF3B17CA6.htm,yes,packages/kernel/src/commands.rs:659,"Removes duplicate or overlapping lines, arcs, and polylines. Also, combines those that are partially overlapping or contiguous."
command,PAGESETUP,,https://help.autodesk.com/cloudhelp/2026/ENU/AutoCAD-Core/files/GUID-F5AFE4EB-9A1D-4938-AE4F-F37FD5587DE3.htm,no,,"Controls the page layout, plotting device, paper size, and other settings for each new layout."
command,PAN,,https://help.autodesk.com/cloudhelp/2026/ENU/AutoCAD-Core/files/GUID-2F05DC89-7065-4655-BA49-AC149B0F5E1A.htm,no,,Shifts the view without changing the viewing direction or magnification.
command,PARAMETERS,,https://help.autodesk.com/cloudhelp/2026/ENU/AutoCAD-Core/files/GUID-9A7DB9D7-A577-45DB-B176-F1F2297814D6.htm,no,,"Opens the Parameters Manager palette that includes all dimensional constraint parameters, reference parameters, and user variables in the current drawing."
command,PARAMETERSCLOSE,,https://help.autodesk.com/cloudhelp/2026/ENU/AutoCAD-Core/files/GUID-9D53789F-0468-45F9-ABD9-8CA78827878D.htm,no,,Closes the Parameters Manager palette.
command,PARTIALOAD,,https://help.autodesk.com/cloudhelp/2026/ENU/AutoCAD-Core/files/GUID-4AC37B22-86C9-4CF9-9DB7-4B1E511918B5.htm,no,,Loads additional geometry into a partially opened drawing.
command,PARTIALOPEN,,https://help.autodesk.com/cloudhelp/2026/ENU/AutoCAD-Core/files/GUID-762EC6D8-29AC-4797-B8BE-8C3AF5BE84FB.htm,no,,Loads geometry and named objects from a selected view or layer into a drawing.
command,PASTEASHYPERLINK,,https://help.autodesk.com/cloudhelp/2026/ENU/AutoCAD-Core/files/GUID-E7CA3B34-BE5D-44CB-AFAE-5A220EB5911F.htm,no,,"Creates a hyperlink to a file, and associates it with a selected object."
command,PASTEBLOCK,,https://help.autodesk.com/cloudhelp/2026/ENU/AutoCAD-Core/files/GUID-B5717F8B-096E-4880-9C35-745168992DE8.htm,no,,Pastes objects from the Clipboard into the current drawing as a block.
command,PASTECLIP,,https://help.autodesk.com/cloudhelp/2026/ENU/AutoCAD-Core/files/GUID-F7A49705-42BC-46AC-922A-862EE6836CCF.htm,no,,Pastes objects from the Clipboard into the current drawing.
command,PASTEORIG,,https://help.autodesk.com/cloudhelp/2026/ENU/AutoCAD-Core/files/GUID-7B4B41C4-E9E2-40D5-936F-6BF591E7A2A8.htm,no,,Pastes objects from the Clipboard into the current drawing using the original coordinates.
command,PASTESPEC,,https://help.autodesk.com/cloudhelp/2026/ENU/AutoCAD-Core/files/GUID-0223840C-D96F-41E9-8D33-1CEFA8D07B3C.htm,no,,Pastes objects from the Clipboard into the current drawing and controls the format of the data.
command,PCEXTRACTCENTERLINE,,https://help.autodesk.com/cloudhelp/2026/ENU/AutoCAD-Core/files/GUID-256B8CF8-AE03-4D76-9A8B-78A39400CFB4.htm,no,,Creates a line through the center axis of a cylindrical segment in a point cloud.
command,PCEXTRACTCORNER,,https://help.autodesk.com/cloudhelp/2026/ENU/AutoCAD-Core/files/GUID-14D33BF5-DA2A-4788-A8B7-86477972977C.htm,no,,Creates a point object at the intersection of three planar segments in a point cloud.
command,PCEXTRACTEDGE,,https://help.autodesk.com/cloudhelp/2026/ENU/AutoCAD-Core/files/GUID-4567D48E-590E-403A-AAC2-0579E4592672.htm,no,,"Infers the intersection between two adjacent planar segments, and creates a line along the edge."
command,PCEXTRACTSECTION,,https://help.autodesk.com/cloudhelp/2026/ENU/AutoCAD-Core/files/GUID-8C66CA40-AA84-439F-9A4F-0D675F2578A9.htm,no,,Generates 2D geometry from a section through a point cloud.
command,PDFADJUST,,https://help.autodesk.com/cloudhelp/2026/ENU/AutoCAD-Core/files/GUID-9C576B12-7544-4ED4-942D-95F3C8585366.htm,no,,"Adjust the fade, contrast, and monochrome settings of a PDF underlay."
command,PDFATTACH,,https://help.autodesk.com/cloudhelp/2026/ENU/AutoCAD-Core/files/GUID-77D6192C-925B-46A3-8717-240702ED5715.htm,no,,Inserts a PDF file as an underlay into the current drawing.
command,PDFCLIP,,https://help.autodesk.com/cloudhelp/2026/ENU/AutoCAD-Core/files/GUID-FA342EAF-0D4D-4DA2-81D7-5DCA8DF552EC.htm,no,,Crops the display of a selected PDF underlay to a specified boundary.
command,PDFIMPORT,,https://help.autodesk.com/cloudhelp/2026/ENU/AutoCAD-Core/files/GUID-02D97F82-47EC-4EE8-9429-E9CF6198EF34.htm,no,,"Imports the geometry, fills, raster images, and TrueType text objects from a specified PDF file."
command,PDFLAYERS,,https://help.autodesk.com/cloudhelp/2026/ENU/AutoCAD-Core/files/GUID-3BD29D3C-B645-486F-B88A-E282F3F64A22.htm,no,,Controls the display of layers in a PDF underlay.
command,PDFSHXTEXT,,https://help.autodesk.com/cloudhelp/2026/ENU/AutoCAD-Core/files/GUID-A0F80ABD-0F1C-47FB-B7E3-E4C699DAEE83.htm,no,,Converts the SHX geometry imported from PDF files into individual multiline text objects.
command,PEDIT,,https://help.autodesk.com/cloudhelp/2026/ENU/AutoCAD-Core/files/GUID-0C422AA9-23DD-4650-AD66-68E9D7989E3F.htm,yes,packages/kernel/src/commands.rs:830; packages/kernel/src/commands.rs:833; packages/kernel/src/commands.rs:836; packages/kernel/src/commands.rs:842; packages/kernel/src/commands.rs:846,"Edits polylines, objects to be joined to polylines, and related objects."
command,PERFANALYZER,,https://help.autodesk.com/cloudhelp/2026/ENU/AutoCAD-Core/files/GUID-4D50F190-E406-4548-8847-2F0B96606EE8.htm,no,,Opens the Performance Analyzer palette from which you can diagnose operations in AutoCAD that seem slow or unresponsive.
command,PERFANALYZERCLOSE,,https://help.autodesk.com/cloudhelp/2026/ENU/AutoCAD-Core/files/GUID-58E00F25-8B26-42B1-922B-802C18CD9DB8.htm,no,,Closes the Performance Analyzer palette.
command,PFACE,,https://help.autodesk.com/cloudhelp/2026/ENU/AutoCAD-Core/files/GUID-4B0667EF-D8E3-4BD2-A3EE-06CFF164A0A6.htm,no,,"Creates a 3D polyface mesh, vertex by vertex."
command,PLAN,,https://help.autodesk.com/cloudhelp/2026/ENU/AutoCAD-Core/files/GUID-3779DF52-AA24-47D2-B72C-018D4A9011DD.htm,no,,Displays an orthographic view of the XY plane of a specified user coordinate system.
command,PLANESURF,,https://help.autodesk.com/cloudhelp/2026/ENU/AutoCAD-Core/files/GUID-5E36FD08-A8AC-4ADC-B5BF-6162AE64E3BD.htm,no,,Creates a planar surface.
command,PLINE,,https://help.autodesk.com/cloudhelp/2026/ENU/AutoCAD-Core/files/GUID-11883C70-6435-4F80-8FB4-F6E933B8FD94.htm,yes,packages/kernel/src/commands.rs:58,"Creates a 2D polyline, a single object that is composed of line and arc segments."
command,PLOT,,https://help.autodesk.com/cloudhelp/2026/ENU/AutoCAD-Core/files/GUID-89A23BE8-5844-49F1-A7AB-1DBCF2D75A4F.htm,yes,packages/kernel/src/commands.rs:720,"Plots a drawing to a plotter, printer, or file."
command,PLOTSTAMP,,https://help.autodesk.com/cloudhelp/2026/ENU/AutoCAD-Core/files/GUID-C2A21C73-CCA6-42E6-8D7B-D2B429046FB0.htm,no,,"Places a plot stamp with information such as date, time, and scale on a specified corner of each drawing and logs it to a file."
command,PLOTSTYLE,,https://help.autodesk.com/cloudhelp/2026/ENU/AutoCAD-Core/files/GUID-F77C31FE-9266-4293-A251-A8BA1F91D818.htm,no,,Controls the named plot styles that are attached to the current layout and can be assigned to objects.
command,PLOTTERMANAGER,,https://help.autodesk.com/cloudhelp/2026/ENU/AutoCAD-Core/files/GUID-EC868B37-1C12-40CD-9C26-1983C91D7C3A.htm,no,,"Displays the Plotter Manager, where you can add or edit a plotter configuration."
command,PMTOGGLE,,https://help.autodesk.com/cloudhelp/2026/ENU/AutoCAD-Core/files/GUID-F0ECB5EE-B0DC-4922-A1B7-6B8FAE6434CF.htm,no,,Controls whether the Performance Recorder is turned on or off.
command,PNGOUT,,https://help.autodesk.com/cloudhelp/2026/ENU/AutoCAD-Core/files/GUID-DC273B67-42AC-4A2A-9001-4825FF268E5D.htm,no,,Saves selected objects to a file in a Portable Network Graphics format.
command,POINT,,https://help.autodesk.com/cloudhelp/2026/ENU/AutoCAD-Core/files/GUID-3F5861A1-9A63-42A6-8F12-3395771BAA6D.htm,yes,packages/kernel/src/commands.rs:25,Creates a point object.
command,POINTCLOUDATTACH,,https://help.autodesk.com/cloudhelp/2026/ENU/AutoCAD-Core/files/GUID-E086391C-6CEA-4B70-A788-7630FD75469F.htm,parked,,out of scope under SD-05 (3D/mesh/surface/render)
command,POINTCLOUDCOLORMAP,,https://help.autodesk.com/cloudhelp/2026/ENU/AutoCAD-Core/files/GUID-8EB71740-97AD-415F-AAC7-F6D8006CDFC9.htm,parked,,out of scope under SD-05 (3D/mesh/surface/render)
command,POINTCLOUDCROP,,https://help.autodesk.com/cloudhelp/2026/ENU/AutoCAD-Core/files/GUID-BDD08C89-13C3-4AD4-B3F9-D73965DDA28E.htm,parked,,out of scope under SD-05 (3D/mesh/surface/render)
command,POINTCLOUDCROPSTATE,,https://help.autodesk.com/cloudhelp/2026/ENU/AutoCAD-Core/files/GUID-E8460430-A6AA-4969-A8B5-056B243EF0D7.htm,parked,,out of scope under SD-05 (3D/mesh/surface/render)
command,POINTCLOUDMANAGER,,https://help.autodesk.com/cloudhelp/2026/ENU/AutoCAD-Core/files/GUID-A8CA3DA7-E19A-49C9-95C5-46B29235732F.htm,parked,,out of scope under SD-05 (3D/mesh/surface/render)
command,POINTCLOUDMANAGERCLOSE,,https://help.autodesk.com/cloudhelp/2026/ENU/AutoCAD-Core/files/GUID-D2D62D65-B03E-4BD9-80E3-6B924E5E7A28.htm,parked,,out of scope under SD-05 (3D/mesh/surface/render)
command,POINTCLOUDSTYLIZE,,https://help.autodesk.com/cloudhelp/2026/ENU/AutoCAD-Core/files/GUID-D07C9957-EAF1-4BA7-93F9-CF26AE4376EA.htm,parked,,out of scope under SD-05 (3D/mesh/surface/render)
command,POINTCLOUDUNCROP,,https://help.autodesk.com/cloudhelp/2026/ENU/AutoCAD-Core/files/GUID-5D1081E1-A0CF-4378-BE4E-8E00773F5DAF.htm,parked,,out of scope under SD-05 (3D/mesh/surface/render)
command,POINTLIGHT,,https://help.autodesk.com/cloudhelp/2026/ENU/AutoCAD-Core/files/GUID-C685641B-3565-40CC-AAC5-E0578EF9F814.htm,parked,,out of scope under SD-05 (3D/mesh/surface/render)
command,POLYGON,,https://help.autodesk.com/cloudhelp/2026/ENU/AutoCAD-Core/files/GUID-E5CD464D-C0DC-4464-BFDF-50C4ABEC8B91.htm,yes,packages/kernel/src/commands.rs:796,Creates an equilateral closed polyline.
command,POLYSOLID,,https://help.autodesk.com/cloudhelp/2026/ENU/AutoCAD-Core/files/GUID-22AE6A38-3404-4BF4-88C2-42CE3822ACD8.htm,parked,,out of scope under SD-05 (3D/mesh/surface/render)
command,PRESSPULL,,https://help.autodesk.com/cloudhelp/2026/ENU/AutoCAD-Core/files/GUID-9D072BB2-D97F-41DB-8414-41BC83A16EFA.htm,parked,,out of scope under SD-05 (3D/mesh/surface/render)
command,PREVIEW,,https://help.autodesk.com/cloudhelp/2026/ENU/AutoCAD-Core/files/GUID-C66B4986-DEB5-46DE-817A-1D5990FC61DA.htm,no,,Displays the drawing as it will be plotted.
command,PROJECTGEOMETRY,,https://help.autodesk.com/cloudhelp/2026/ENU/AutoCAD-Core/files/GUID-F884BC67-070F-4BAD-87EF-A8A77E23FB93.htm,parked,,out of scope under SD-05 (3D/mesh/surface/render)
command,PROPERTIES,,https://help.autodesk.com/cloudhelp/2026/ENU/AutoCAD-Core/files/GUID-DC3674C5-A4C7-4CF6-9148-9B124DF29B78.htm,yes,packages/kernel/src/commands.rs:104,Controls properties of existing objects.
command,PROPERTIESCLOSE,,https://help.autodesk.com/cloudhelp/2026/ENU/AutoCAD-Core/files/GUID-6F265AEA-496D-43B6-8643-D1528E8AF0E6.htm,no,,Closes the Properties palette.
command,PSETUPIN,,https://help.autodesk.com/cloudhelp/2026/ENU/AutoCAD-Core/files/GUID-AD4657F5-6F0D-4BE4-B986-1F3ACB64C593.htm,no,,Imports a user-defined page setup into a new drawing layout.
command,PSOUT,,https://help.autodesk.com/cloudhelp/2026/ENU/AutoCAD-Core/files/GUID-EBF19D46-BF5B-41B6-8930-AD98E5E083AD.htm,no,,Creates a PostScript file from DWG file.
command,PSPACE,,https://help.autodesk.com/cloudhelp/2026/ENU/AutoCAD-Core/files/GUID-38E17265-2CF0-4A9F-8DF5-BC6A317C3683.htm,no,,"In a layout, switches from model space in a layout viewport to paper space."
command,PTYPE,,https://help.autodesk.com/cloudhelp/2026/ENU/AutoCAD-Core/files/GUID-2ECD656C-989D-40EE-8D1A-AF010A5CD2A2.htm,no,,Specifies the display style and size of point objects.
command,PUBLISH,,https://help.autodesk.com/cloudhelp/2026/ENU/AutoCAD-Core/files/GUID-EE9F55FF-D253-4AEC-B95B-69DA4EBE90E8.htm,no,,"Publishes drawings to DWF, DWFx, and PDF files, or to printers or plotters."
command,PURGE,,https://help.autodesk.com/cloudhelp/2026/ENU/AutoCAD-Core/files/GUID-D68BA47B-A79D-4F58-9715-0569CC24BCEF.htm,yes,packages/kernel/src/commands.rs:794,"Removes unused items, such as block definitions and layers, from the drawing."
command,PURGEAECDATA,,https://help.autodesk.com/cloudhelp/2026/ENU/AutoCAD-Core/files/GUID-43A97087-BC81-44D3-AFCA-F9FF675A7870.htm,no,,Removes the invisible AEC data (AutoCAD Architecture and AutoCAD Civil 3D custom objects) in the drawing at the Command prompt.
command,PUSHTODOCSCLOSE,,https://help.autodesk.com/cloudhelp/2026/ENU/AutoCAD-Core/files/GUID-540D45AB-5039-4231-B0C9-D64721BA75ED.htm,no,,Closes the Push to Autodesk Docs palette.
command,PUSHTODOCSOPEN,,https://help.autodesk.com/cloudhelp/2026/ENU/AutoCAD-Core/files/GUID-C5144996-E3D2-4129-98BB-9B226A5D6E61.htm,no,,Opens the Push to Autodesk Docs palette where you can select AutoCAD layouts to upload as PDFs to Autodesk Docs.
command,PYRAMID,,https://help.autodesk.com/cloudhelp/2026/ENU/AutoCAD-Core/files/GUID-DA8A78E3-5954-415A-B279-E1C69F465D87.htm,parked,,out of scope under SD-05 (3D/mesh/surface/render)
command,QCCLOSE,,https://help.autodesk.com/cloudhelp/2026/ENU/AutoCAD-Core/files/GUID-B8DF860D-98B6-44A8-9864-375FF028EB86.htm,no,,Closes the QuickCalc calculator.
command,QDIM,,https://help.autodesk.com/cloudhelp/2026/ENU/AutoCAD-Core/files/GUID-1FB628B7-C2AF-4B6D-B83E-20ADDD70614D.htm,no,,Creates a series of dimensions quickly from selected objects.
command,QLEADER,,https://help.autodesk.com/cloudhelp/2026/ENU/AutoCAD-Core/files/GUID-5FEC133A-5EBD-4EFA-9E44-771E85480DAD.htm,no,,Creates a leader and leader annotation.
command,QNEW,,https://help.autodesk.com/cloudhelp/2026/ENU/AutoCAD-Core/files/GUID-CF3C039B-CF22-4933-928A-93A3AA71C4FA.htm,no,,Starts a new drawing from a specified drawing template file.
command,QSAVE,,https://help.autodesk.com/cloudhelp/2026/ENU/AutoCAD-Core/files/GUID-99900C99-230D-4709-B8DD-A44435328A13.htm,yes,packages/kernel/src/commands.rs:727,Saves the current drawing using the specified default file format.
command,QSELECT,,https://help.autodesk.com/cloudhelp/2026/ENU/AutoCAD-Core/files/GUID-40893D34-ADBE-406A-8993-9035F2771F1D.htm,no,,Creates a selection set based on filtering criteria.
command,QTEXT,,https://help.autodesk.com/cloudhelp/2026/ENU/AutoCAD-Core/files/GUID-DFBE6C48-893B-4CE1-9B28-0656FABFAAB7.htm,no,,Controls the display and plotting of text and attribute objects.
command,QUICKCALC,,https://help.autodesk.com/cloudhelp/2026/ENU/AutoCAD-Core/files/GUID-0797E82E-FE80-43D6-8464-398725546A2A.htm,no,,Opens the QuickCalc calculator.
command,QUICKCUI,,https://help.autodesk.com/cloudhelp/2026/ENU/AutoCAD-Core/files/GUID-F85443FC-B41F-4B6D-AC8F-698EDC96BCB2.htm,no,,Displays the Customize User Interface Editor in a collapsed state.
command,QUICKPROPERTIES,,https://help.autodesk.com/cloudhelp/2026/ENU/AutoCAD-Core/files/GUID-D3D5A070-C448-4D23-86EF-F2069B342F26.htm,no,,Displays quick property data for selected objects.
command,QUIT,,https://help.autodesk.com/cloudhelp/2026/ENU/AutoCAD-Core/files/GUID-EEBB22C5-8F6F-495D-80B1-50D991D010FB.htm,no,,Exits the program.
command,QVDRAWING,,https://help.autodesk.com/cloudhelp/2026/ENU/AutoCAD-Core/files/GUID-E0DEEC79-D8D3-4B27-B1B7-F9E36180C27E.htm,no,,Displays open drawings and layouts in a drawing using preview images.
command,QVDRAWINGCLOSE,,https://help.autodesk.com/cloudhelp/2026/ENU/AutoCAD-Core/files/GUID-2AF12B5B-9812-4239-A648-64996A80A1DB.htm,no,,Closes preview images of open drawings and their layouts.
command,QVLAYOUT,,https://help.autodesk.com/cloudhelp/2026/ENU/AutoCAD-Core/files/GUID-A8128F99-85F5-498C-90EE-766E7787EBA6.htm,no,,Displays preview images of model space and layouts for the current drawing.
command,QVLAYOUTCLOSE,,https://help.autodesk.com/cloudhelp/2026/ENU/AutoCAD-Core/files/GUID-B597AF81-02AC-4F1A-8131-DDBEFDDB336F.htm,no,,Closes preview images of model space and layouts in the current drawing
command,RAY,,https://help.autodesk.com/cloudhelp/2026/ENU/AutoCAD-Core/files/GUID-A7A32623-24A4-453C-B3DD-877A6E4D6216.htm,yes,packages/kernel/src/commands.rs:806,Creates a linear object that starts at a point and continues to infinity.
command,RECOVER,,https://help.autodesk.com/cloudhelp/2026/ENU/AutoCAD-Core/files/GUID-78F5B1AB-583F-410F-85DA-6D03768832C8.htm,no,,Repairs and then opens a damaged drawing file.
command,RECOVERALL,,https://help.autodesk.com/cloudhelp/2026/ENU/AutoCAD-Core/files/GUID-3925BB47-5AB2-4BDB-A5D7-54CF8008B18C.htm,no,,Repairs a damaged drawing file along with all attached xrefs.
command,RECTANG,,https://help.autodesk.com/cloudhelp/2026/ENU/AutoCAD-Core/files/GUID-188B2DDA-6CD8-4D37-BF26-E6CF27C34C75.htm,yes,packages/kernel/src/commands.rs:51,Creates a rectangular polyline.
command,REDEFINE,,https://help.autodesk.com/cloudhelp/2026/ENU/AutoCAD-Core/files/GUID-E2B53E4D-28AE-4F6E-96E4-6FABE3FF823C.htm,no,,Restores AutoCAD internal commands overridden by UNDEFINE.
command,REDO,,https://help.autodesk.com/cloudhelp/2026/ENU/AutoCAD-Core/files/GUID-BA4CEE11-D8AD-4644-8488-7CEBCA50AFFE.htm,yes,packages/kernel/src/commands.rs:872,Reverses the effects of previous UNDO or U command.
command,REDRAW,,https://help.autodesk.com/cloudhelp/2026/ENU/AutoCAD-Core/files/GUID-6AD77E11-D549-47E7-AE4C-EFE372A0F0C4.htm,no,,Refreshes the display in the current viewport.
command,REDRAWALL,,https://help.autodesk.com/cloudhelp/2026/ENU/AutoCAD-Core/files/GUID-8CCABD96-4B68-4678-8E69-0335928DAEF9.htm,no,,Refreshes the display in all viewports.
command,REFCLOSE,,https://help.autodesk.com/cloudhelp/2026/ENU/AutoCAD-Core/files/GUID-F75E70EF-31EB-4F69-9FB9-9BBA1EC41EEF.htm,no,,"Saves back or discards changes made during in-place editing of a reference, either an xref or a block definition."
command,REFEDIT,,https://help.autodesk.com/cloudhelp/2026/ENU/AutoCAD-Core/files/GUID-2DF3CF4E-63AC-45DF-8E8E-E6912215EEFF.htm,no,,Edits an xref or a block definition directly within the current drawing.
command,REFSET,,https://help.autodesk.com/cloudhelp/2026/ENU/AutoCAD-Core/files/GUID-B441D1B3-A1F6-49F7-A43F-B74DB39FAAA2.htm,no,,"Adds or removes objects from a working set during in-place editing of a reference, either an xref or a block definition."
command,REGEN,,https://help.autodesk.com/cloudhelp/2026/ENU/AutoCAD-Core/files/GUID-CC98095F-B4C4-4B25-9097-A7B6EF4260B2.htm,no,,Regenerates the drawing from within the current viewport.
command,REGEN3,,https://help.autodesk.com/cloudhelp/2026/ENU/AutoCAD-Core/files/GUID-811C3544-0660-41C6-AB93-47DC1E86E5BC.htm,no,,Regenerates the views in a drawing to repair anomalies in the display of 3D solids and surfaces.
command,REGENALL,,https://help.autodesk.com/cloudhelp/2026/ENU/AutoCAD-Core/files/GUID-27B2FFB6-BC98-43F2-AE8B-332E9C547CA9.htm,no,,Regenerates the entire drawing and refreshes all viewports.
command,REGENAUTO,,https://help.autodesk.com/cloudhelp/2026/ENU/AutoCAD-Core/files/GUID-A91310A5-C3D2-43DB-9D4E-0BCE7C138FA2.htm,no,,Obsolete. Controls automatic regeneration of a drawing.
command,REGION,,https://help.autodesk.com/cloudhelp/2026/ENU/AutoCAD-Core/files/GUID-ADD055CD-D351-424C-91F0-B8E5526B106C.htm,yes,packages/kernel/src/commands.rs:740,Converts objects that enclose an area into a 2D region object.
command,REINIT,,https://help.autodesk.com/cloudhelp/2026/ENU/AutoCAD-Core/files/GUID-F68C58E5-9C43-447B-85F0-3918CC346DA0.htm,no,,"Reinitializes the digitizer, digitizer input/output port, and program parameters file."
command,RENAME,,https://help.autodesk.com/cloudhelp/2026/ENU/AutoCAD-Core/files/GUID-99C5072C-C71E-4BF7-9B3B-69B3BEA07940.htm,no,,Changes the names assigned to items such as layers and dimension styles.
command,RENDER,,https://help.autodesk.com/cloudhelp/2026/ENU/AutoCAD-Core/files/GUID-CFBBB85A-820E-4F4D-B36D-4F65361CFC56.htm,parked,,out of scope under SD-05 (3D/mesh/surface/render)
command,RENDERCROP,,https://help.autodesk.com/cloudhelp/2026/ENU/AutoCAD-Core/files/GUID-D5187468-D7BA-49BD-A7FA-6FE7EB5A80C4.htm,parked,,out of scope under SD-05 (3D/mesh/surface/render)
command,RENDERENVIRONMENT,,https://help.autodesk.com/cloudhelp/2026/ENU/AutoCAD-Core/files/GUID-1DC47F52-39EA-4AD0-9D69-16EBB37FC81A.htm,parked,,out of scope under SD-05 (3D/mesh/surface/render)
command,RENDERENVIRONMENTCLOSE,,https://help.autodesk.com/cloudhelp/2026/ENU/AutoCAD-Core/files/GUID-8C7E6A08-DD5E-4B62-AD35-FAD3F9A26CAE.htm,parked,,out of scope under SD-05 (3D/mesh/surface/render)
command,RENDEREXPOSURE,,https://help.autodesk.com/cloudhelp/2026/ENU/AutoCAD-Core/files/GUID-2EA90D18-7A8B-41BE-A207-FD392D4B41E9.htm,parked,,out of scope under SD-05 (3D/mesh/surface/render)
command,RENDEREXPOSURECLOSE,,https://help.autodesk.com/cloudhelp/2026/ENU/AutoCAD-Core/files/GUID-E0D3E242-42C9-4681-8CA2-96ED88B4201E.htm,parked,,out of scope under SD-05 (3D/mesh/surface/render)
command,RENDERONLINE,,https://help.autodesk.com/cloudhelp/2026/ENU/AutoCAD-Core/files/GUID-B752215A-4E9A-40D5-A159-02FFE86C9060.htm,parked,,out of scope under SD-05 (3D/mesh/surface/render)
command,RENDERPRESETS,,https://help.autodesk.com/cloudhelp/2026/ENU/AutoCAD-Core/files/GUID-A50FEF2A-0FEA-4207-B091-76BEBDED397D.htm,parked,,out of scope under SD-05 (3D/mesh/surface/render)
command,RENDERPRESETSCLOSE,,https://help.autodesk.com/cloudhelp/2026/ENU/AutoCAD-Core/files/GUID-551FE653-C249-41B4-80A9-8462EB8CD88A.htm,parked,,out of scope under SD-05 (3D/mesh/surface/render)
command,RENDERWIN,,https://help.autodesk.com/cloudhelp/2026/ENU/AutoCAD-Core/files/GUID-D9EF46DB-FC82-4EE2-81C1-A8E00F4B907E.htm,parked,,out of scope under SD-05 (3D/mesh/surface/render)
command,RENDERWINDOW,,https://help.autodesk.com/cloudhelp/2026/ENU/AutoCAD-Core/files/GUID-A17D4D1E-C814-4EA3-83B5-80EE3FE8C03E.htm,parked,,out of scope under SD-05 (3D/mesh/surface/render)
command,RENDERWINDOWCLOSE,,https://help.autodesk.com/cloudhelp/2026/ENU/AutoCAD-Core/files/GUID-8C78739A-A90D-4A01-B665-77E116D595EC.htm,parked,,out of scope under SD-05 (3D/mesh/surface/render)
command,RESETBLOCK,,https://help.autodesk.com/cloudhelp/2026/ENU/AutoCAD-Core/files/GUID-3845BE0A-3F39-4D63-956E-0BAD7D195516.htm,no,,Resets one or more dynamic block references to the default values of the block definition.
command,RESUME,,https://help.autodesk.com/cloudhelp/2026/ENU/AutoCAD-Core/files/GUID-448BF284-F801-485F-BF76-E8888A9359FE.htm,no,,Continues an interrupted script.
command,REVCLOUD,,https://help.autodesk.com/cloudhelp/2026/ENU/AutoCAD-Core/files/GUID-7BC6D4B1-5279-4B5F-90E0-AC87DA861E78.htm,yes,packages/kernel/src/commands.rs:404,Creates or modifies a revision cloud.
command,REVCLOUDPROPERTIES,,https://help.autodesk.com/cloudhelp/2026/ENU/AutoCAD-Core/files/GUID-3E6C3A78-D839-4555-8E0D-721C247D67DE.htm,no,,Controls the approximate chord length for the arcs in a selected revision cloud.
command,REVERSE,,https://help.autodesk.com/cloudhelp/2026/ENU/AutoCAD-Core/files/GUID-EAE8C2C3-B780-4501-9CBD-C06346CC9F2E.htm,no,,"Reverses the vertices of selected lines, polylines, splines, and helixes, which is useful for linetypes with included text, or wide polylines with differing beginning and ending widths."
command,REVOLVE,,https://help.autodesk.com/cloudhelp/2026/ENU/AutoCAD-Core/files/GUID-6FF936FD-99BA-432A-A43B-4573FD924AF3.htm,parked,,out of scope under SD-05 (3D/mesh/surface/render)
command,REVSURF,,https://help.autodesk.com/cloudhelp/2026/ENU/AutoCAD-Core/files/GUID-669D3ECF-99C7-4109-830D-A9D095A46F25.htm,no,,Creates a mesh by revolving a profile about an axis.
command,RIBBON,,https://help.autodesk.com/cloudhelp/2026/ENU/AutoCAD-Core/files/GUID-EC71B17B-1C58-4060-9EAA-528B93851022.htm,no,,Displays the ribbon.
command,RIBBONCLOSE,,https://help.autodesk.com/cloudhelp/2026/ENU/AutoCAD-Core/files/GUID-A9EE8263-2DCD-4EC5-9CEB-DCB66EEFBE2E.htm,no,,Hides the ribbon.
command,ROTATE,,https://help.autodesk.com/cloudhelp/2026/ENU/AutoCAD-Core/files/GUID-1C265537-FBAC-48D5-B448-B72E777071E5.htm,yes,packages/kernel/src/commands.rs:72,Rotates objects around a base point.
command,ROTATE3D,,https://help.autodesk.com/cloudhelp/2026/ENU/AutoCAD-Core/files/GUID-BEA9136E-DE85-4EBD-BC8B-F2911B29A026.htm,no,,Moves objects about a 3D axis.
command,RPREF,,https://help.autodesk.com/cloudhelp/2026/ENU/AutoCAD-Core/files/GUID-EA823109-6AFA-4993-9911-71C55A408196.htm,no,,Displays the Render Presets Manager palette used to configure rendering settings.
command,RPREFCLOSE,,https://help.autodesk.com/cloudhelp/2026/ENU/AutoCAD-Core/files/GUID-D806BB9F-DE46-4C0C-A8BE-5BB0CC33D53C.htm,no,,Closes the Render Settings Manager palette.
command,RSCRIPT,,https://help.autodesk.com/cloudhelp/2026/ENU/AutoCAD-Core/files/GUID-2C697967-C51E-4615-A670-294C2397949F.htm,no,,Repeats a script file.
command,RULESURF,,https://help.autodesk.com/cloudhelp/2026/ENU/AutoCAD-Core/files/GUID-12A94926-9974-464D-BD50-A5279E8B16DE.htm,no,,Creates a mesh that represents the surface between two lines or curves.
command,SAVE,,https://help.autodesk.com/cloudhelp/2026/ENU/AutoCAD-Core/files/GUID-155255B4-ADFA-4C21-958F-601DE09260EB.htm,yes,packages/kernel/src/commands.rs:727,Saves the current drawing under a different file name or location without changing which drawing file is the current one.
command,SAVEAS,,https://help.autodesk.com/cloudhelp/2026/ENU/AutoCAD-Core/files/GUID-1FF801F9-7FEE-4494-854D-4704A7784232.htm,yes,packages/kernel/src/commands.rs:727,Saves a copy of the current drawing under a new file name or location.
command,SAVEIMG,,https://help.autodesk.com/cloudhelp/2026/ENU/AutoCAD-Core/files/GUID-6BD95B59-9613-46BE-9B9C-424BB577C037.htm,no,,Saves a rendered image to a file.
command,SAVETOWEBMOBILE,,https://help.autodesk.com/cloudhelp/2026/ENU/AutoCAD-Core/files/GUID-A7507398-50B1-4B00-B79B-EB99A068DACA.htm,no,,Saves a copy of the current drawing to your Autodesk Account.
command,SCALE,,https://help.autodesk.com/cloudhelp/2026/ENU/AutoCAD-Core/files/GUID-D4E17E51-5000-4AB6-8D6A-6D2AB4863C75.htm,yes,packages/kernel/src/commands.rs:78,"Enlarges or reduces selected objects, keeping the proportions of the object the same after scaling."
command,SCALELISTEDIT,,https://help.autodesk.com/cloudhelp/2026/ENU/AutoCAD-Core/files/GUID-97BBBAA5-04D2-4CFC-B64D-999A046CCA1B.htm,no,,"Controls the list of scales available for layout viewports, page layouts, and plotting."
command,SCALETEXT,,https://help.autodesk.com/cloudhelp/2026/ENU/AutoCAD-Core/files/GUID-A6C97247-F81C-4D83-BF2B-BE9F6BD55EB0.htm,no,,Enlarges or reduces selected text objects without changing their locations.
command,SCRIPT,,https://help.autodesk.com/cloudhelp/2026/ENU/AutoCAD-Core/files/GUID-DB55FE5C-6B51-40AE-AE3D-4C3A28ADC5D9.htm,no,,Executes a sequence of commands from a script file.
command,SCRIPTCALL,,https://help.autodesk.com/cloudhelp/2026/ENU/AutoCAD-Core/files/GUID-77FF5E24-4ECD-41D6-BD8A-9DD5AAD468EE.htm,no,,Executes a sequence of commands and nested scripts from a script file.
command,SECTION,,https://help.autodesk.com/cloudhelp/2026/ENU/AutoCAD-Core/files/GUID-C649EE10-5FE3-4703-9301-C97AEF7C5BD7.htm,parked,,out of scope under SD-05 (3D/mesh/surface/render)
command,SECTIONPLANE,,https://help.autodesk.com/cloudhelp/2026/ENU/AutoCAD-Core/files/GUID-3AC2CA12-2085-4782-B66A-7964B73B55EA.htm,parked,,out of scope under SD-05 (3D/mesh/surface/render)
command,SECTIONPLANEJOG,,https://help.autodesk.com/cloudhelp/2026/ENU/AutoCAD-Core/files/GUID-4A6A1386-9247-47A2-9934-F62D328C5460.htm,parked,,out of scope under SD-05 (3D/mesh/surface/render)
command,SECTIONPLANESETTINGS,,https://help.autodesk.com/cloudhelp/2026/ENU/AutoCAD-Core/files/GUID-D061EB7A-6B8D-4CB9-9C2F-6C68B711FA33.htm,no,,Sets display options for a selected section plane.
command,SECTIONPLANETOBLOCK,,https://help.autodesk.com/cloudhelp/2026/ENU/AutoCAD-Core/files/GUID-8E2D9A92-5107-41A9-817E-3DA76D01ED21.htm,no,,Saves selected section planes as 2D or 3D blocks.
command,SECTIONSPINNERS,,https://help.autodesk.com/cloudhelp/2026/ENU/AutoCAD-Core/files/GUID-D8F761E3-BA9F-4DAE-8BAA-71170B015F6F.htm,no,,Displays the dialog box to set the increment value for the Section Object Offset and Slice Thickness controls in the Section Plane ribbon contextual tab.
command,SECURITYOPTIONS,,https://help.autodesk.com/cloudhelp/2026/ENU/AutoCAD-Core/files/GUID-2199A941-E183-4CAC-914C-E4538468DE64.htm,no,,Controls the security restrictions for running executable files in the product.
command,SELECT,,https://help.autodesk.com/cloudhelp/2026/ENU/AutoCAD-Core/files/GUID-0DD5DA73-9DC5-4424-8FED-7BBE3BE52A4D.htm,no,,Places selected objects in the Previous selection set.
command,SELECTCOUNT,,https://help.autodesk.com/cloudhelp/2026/ENU/AutoCAD-Core/files/GUID-215C571E-0806-45B1-934C-5346EB188CE2.htm,no,,"Finds all objects within the current count that match the properties of the selected objects, and then adds them to the selection set."
command,SELECTSIMILAR,,https://help.autodesk.com/cloudhelp/2026/ENU/AutoCAD-Core/files/GUID-C160A9C9-1287-4111-8D27-05AFBAA7C29F.htm,no,,"Finds all objects within the current drawing that match the properties of selected objects, and then adds them to the selection set."
command,SETBYLAYER,,https://help.autodesk.com/cloudhelp/2026/ENU/AutoCAD-Core/files/GUID-A9D9FF14-4EF6-4A25-B0F4-506C6B792E9E.htm,no,,Changes the property overrides of selected objects to ByLayer.
command,SETVAR,,https://help.autodesk.com/cloudhelp/2026/ENU/AutoCAD-Core/files/GUID-01E38833-6D3A-4AA5-A446-C03B44E7AB56.htm,yes,packages/kernel/src/commands.rs:874; packages/kernel/src/commands.rs:878,Lists or changes the values of system variables.
command,SHADEMODE,,https://help.autodesk.com/cloudhelp/2026/ENU/AutoCAD-Core/files/GUID-A2D7CD17-516B-42EB-AE65-49D974570B90.htm,no,,Controls the display of 3D objects.
command,SHAPE,,https://help.autodesk.com/cloudhelp/2026/ENU/AutoCAD-Core/files/GUID-9750CDBE-028A-4E6B-AD51-ABB107737A63.htm,no,,Inserts a shape from a shape file (SHX file) that has been loaded using LOAD.
command,SHARE,,https://help.autodesk.com/cloudhelp/2026/ENU/AutoCAD-Core/files/GUID-6CDBBD68-B8CA-4548-ADF5-84CF8BF9F282.htm,no,,Share a link to a copy of the current drawing to view or edit in AutoCAD on the web (web.autocad.com) or AutoCAD on mobile. The drawing copy includes all external references and images.
command,SHAREDVIEWS,,https://help.autodesk.com/cloudhelp/2026/ENU/AutoCAD-Core/files/GUID-C9055F88-D079-441F-938B-37A7E0E390D9.htm,no,,Opens the Shared Views palette.
command,SHAREDVIEWSCLOSE,,https://help.autodesk.com/cloudhelp/2026/ENU/AutoCAD-Core/files/GUID-A0BD1C2B-726A-4D43-A3AD-11339EBB1D99.htm,no,,Closes the Shared Views palette.
command,SHAREVIEW,,https://help.autodesk.com/cloudhelp/2026/ENU/AutoCAD-Core/files/GUID-60AA1F13-40AC-4D5C-A48F-E9D7969DB65B.htm,no,,Publishes a representation of the current space or the entire drawing for online viewing and sharing.
command,SHEETSET,,https://help.autodesk.com/cloudhelp/2026/ENU/AutoCAD-Core/files/GUID-EF38E77D-1938-40EC-ACBE-2CC715AEC6E0.htm,no,,Opens the Sheet Set Manager.
command,SHEETSETHIDE,,https://help.autodesk.com/cloudhelp/2026/ENU/AutoCAD-Core/files/GUID-5D092A7D-AC59-42A6-8BDE-08ADEF6F2670.htm,no,,Closes the Sheet Set Manager.
command,SHELL,,https://help.autodesk.com/cloudhelp/2026/ENU/AutoCAD-Core/files/GUID-675A6BDA-681C-445E-9A32-B8D3713F258A.htm,no,,Accesses operating system commands.
command,SHOWPALETTES,,https://help.autodesk.com/cloudhelp/2026/ENU/AutoCAD-Core/files/GUID-EEE9EDD3-3A4D-494B-8CA2-F2A86F36D541.htm,no,,"Restores the display of hidden palettes, the ribbon, and the drawing tabs."
command,SHOWRENDERGALLERY,,https://help.autodesk.com/cloudhelp/2026/ENU/AutoCAD-Core/files/GUID-78DB8222-DCE2-457C-B5DA-0ECCBC15EE91.htm,no,,Displays the images that were rendered and stored in your Autodesk account.
command,SIGVALIDATE,,https://help.autodesk.com/cloudhelp/2026/ENU/AutoCAD-Core/files/GUID-C28D46C3-4C3D-4D37-86B9-E0D235F82EC6.htm,no,,Displays information about the digital signature attached to a drawing file.
command,SKETCH,,https://help.autodesk.com/cloudhelp/2026/ENU/AutoCAD-Core/files/GUID-EFF06F5D-E8B2-44D9-8CE6-D8C100A37AAA.htm,no,,Creates a series of freehand line segments.
command,SLICE,,https://help.autodesk.com/cloudhelp/2026/ENU/AutoCAD-Core/files/GUID-27593C5E-4B89-41F2-872B-927D69517CBF.htm,parked,,out of scope under SD-05 (3D/mesh/surface/render)
command,SNAP,,https://help.autodesk.com/cloudhelp/2026/ENU/AutoCAD-Core/files/GUID-F47F4AAF-4859-45D4-846C-3742268834A9.htm,no,,Restricts cursor movement to specified intervals.
command,SOLDRAW,,https://help.autodesk.com/cloudhelp/2026/ENU/AutoCAD-Core/files/GUID-C2D29999-EB0D-44E3-9107-2365666F120F.htm,parked,,out of scope under SD-05 (3D/mesh/surface/render)
command,SOLID,,https://help.autodesk.com/cloudhelp/2026/ENU/AutoCAD-Core/files/GUID-0998E0EE-7829-4AA4-9282-4FC703F9B1F4.htm,no,,Creates solid-filled triangles and quadrilaterals.
command,SOLIDEDIT,,https://help.autodesk.com/cloudhelp/2026/ENU/AutoCAD-Core/files/GUID-D54C266B-2B68-4660-ACA5-0579432F149C.htm,no,,Edits faces and edges of 3D solid objects.
command,SOLPROF,,https://help.autodesk.com/cloudhelp/2026/ENU/AutoCAD-Core/files/GUID-080247BF-BDAB-49F6-A0A5-966412CEDCE9.htm,parked,,out of scope under SD-05 (3D/mesh/surface/render)
command,SOLVIEW,,https://help.autodesk.com/cloudhelp/2026/ENU/AutoCAD-Core/files/GUID-08FE95F0-B91A-424A-B19F-821D5100CCB9.htm,parked,,out of scope under SD-05 (3D/mesh/surface/render)
command,SPACETRANS,,https://help.autodesk.com/cloudhelp/2026/ENU/AutoCAD-Core/files/GUID-EF67ED5B-E250-4BA4-834D-61A641DAD8DB.htm,no,,Calculates equivalent model space and paper space distances in a layout.
command,SPELL,,https://help.autodesk.com/cloudhelp/2026/ENU/AutoCAD-Core/files/GUID-5FDA1883-8A61-4762-9D83-0432E323729B.htm,no,,Checks spelling in a drawing.
command,SPHERE,,https://help.autodesk.com/cloudhelp/2026/ENU/AutoCAD-Core/files/GUID-D003D7B2-A309-4C19-9CCF-AB9A7BA8833D.htm,parked,,out of scope under SD-05 (3D/mesh/surface/render)
command,SPLINE,,https://help.autodesk.com/cloudhelp/2026/ENU/AutoCAD-Core/files/GUID-5E7D51E2-1595-4E0C-85F8-2D7CBD166A08.htm,yes,packages/kernel/src/commands.rs:261,"Creates a smooth curve that passes through or near a set of fit points, or that is defined by the vertices in a control frame."
command,SPLINEDIT,,https://help.autodesk.com/cloudhelp/2026/ENU/AutoCAD-Core/files/GUID-5530922C-6828-48B1-804C-EDD9053535BD.htm,no,,Modifies the parameters of a spline or converts a spline-fit polyline to a spline.
command,SPOTLIGHT,,https://help.autodesk.com/cloudhelp/2026/ENU/AutoCAD-Core/files/GUID-B490ADA6-2621-44CC-AC54-0D90EC19DCC4.htm,parked,,out of scope under SD-05 (3D/mesh/surface/render)
command,STANDARDS,,https://help.autodesk.com/cloudhelp/2026/ENU/AutoCAD-Core/files/GUID-6AE2A5E5-651F-4C3B-8E3C-DE8DED6AA94C.htm,no,,Manages the association of standards files with drawings.
command,STATUS,,https://help.autodesk.com/cloudhelp/2026/ENU/AutoCAD-Core/files/GUID-FB3C7BE6-BF43-4623-8662-0D42B37DC7FC.htm,no,,"Displays drawing statistics, modes, and extents."
command,STLOUT,,https://help.autodesk.com/cloudhelp/2026/ENU/AutoCAD-Core/files/GUID-5E9946B5-D769-4881-BC0F-21F54840683D.htm,no,,Stores 3D solids and watertight meshes in a format that can be used with stereolithography apparatus.
command,STRETCH,,https://help.autodesk.com/cloudhelp/2026/ENU/AutoCAD-Core/files/GUID-F000A502-D39E-4D31-A8E2-4A626473FB72.htm,yes,packages/kernel/src/commands.rs:750,Stretches objects crossed by a selection window or polygon.
command,STYLE,,https://help.autodesk.com/cloudhelp/2026/ENU/AutoCAD-Core/files/GUID-F8EA1280-BF0E-4674-ABCF-EEA0D41752D6.htm,yes,packages/kernel/src/commands.rs:410; packages/kernel/src/commands.rs:419; packages/kernel/src/commands.rs:428; packages/kernel/src/commands.rs:431,"Creates, modifies, or specifies text styles."
command,STYLESMANAGER,,https://help.autodesk.com/cloudhelp/2026/ENU/AutoCAD-Core/files/GUID-6FA49011-C308-46E7-A288-CC07F6CD3BFD.htm,no,,"Displays the Plot Style Manager, where you can revise plot style tables."
command,SUBTRACT,,https://help.autodesk.com/cloudhelp/2026/ENU/AutoCAD-Core/files/GUID-14872FC1-8827-4D3B-978E-20936F9A78E5.htm,parked,,out of scope under SD-05 (3D/mesh/surface/render)
command,SUNPROPERTIES,,https://help.autodesk.com/cloudhelp/2026/ENU/AutoCAD-Core/files/GUID-DC2FC4DC-9B40-4B3C-9E5C-41E68559A028.htm,no,,Displays the Sun Properties palette.
command,SUNPROPERTIESCLOSE,,https://help.autodesk.com/cloudhelp/2026/ENU/AutoCAD-Core/files/GUID-D61D3C53-36E7-4EF2-A042-A2DAFEBC05B6.htm,no,,Closes the Sun Properties palette
command,SURFBLEND,,https://help.autodesk.com/cloudhelp/2026/ENU/AutoCAD-Core/files/GUID-BD4E2F9B-5B2D-462E-AE9B-E0A3B0324E6A.htm,parked,,out of scope under SD-05 (3D/mesh/surface/render)
command,SURFEXTEND,,https://help.autodesk.com/cloudhelp/2026/ENU/AutoCAD-Core/files/GUID-A999554C-9AFE-4589-A704-1BB785AC3AD6.htm,parked,,out of scope under SD-05 (3D/mesh/surface/render)
command,SURFEXTRACTCURVE,,https://help.autodesk.com/cloudhelp/2026/ENU/AutoCAD-Core/files/GUID-D733EC46-4A91-4E9A-9D59-5EC5A7D7DD5A.htm,parked,,out of scope under SD-05 (3D/mesh/surface/render)
command,SURFFILLET,,https://help.autodesk.com/cloudhelp/2026/ENU/AutoCAD-Core/files/GUID-AFDD7F94-A404-4CDC-8E51-A40BE9D712F8.htm,parked,,out of scope under SD-05 (3D/mesh/surface/render)
command,SURFNETWORK,,https://help.autodesk.com/cloudhelp/2026/ENU/AutoCAD-Core/files/GUID-FB04C267-5F15-4A63-B33A-ACA65356943E.htm,parked,,out of scope under SD-05 (3D/mesh/surface/render)
command,SURFOFFSET,,https://help.autodesk.com/cloudhelp/2026/ENU/AutoCAD-Core/files/GUID-F242D0E4-0D58-4469-AE69-99BC842D0B25.htm,parked,,out of scope under SD-05 (3D/mesh/surface/render)
command,SURFPATCH,,https://help.autodesk.com/cloudhelp/2026/ENU/AutoCAD-Core/files/GUID-F594A1AE-71B4-44D4-A867-AC95C43AF1E6.htm,parked,,out of scope under SD-05 (3D/mesh/surface/render)
command,SURFSCULPT,,https://help.autodesk.com/cloudhelp/2026/ENU/AutoCAD-Core/files/GUID-0436666E-08CB-40CA-81B3-F79BD3447006.htm,parked,,out of scope under SD-05 (3D/mesh/surface/render)
command,SURFTRIM,,https://help.autodesk.com/cloudhelp/2026/ENU/AutoCAD-Core/files/GUID-5FF7E92D-8F12-4404-8C1F-AC44377F608A.htm,parked,,out of scope under SD-05 (3D/mesh/surface/render)
command,SURFUNTRIM,,https://help.autodesk.com/cloudhelp/2026/ENU/AutoCAD-Core/files/GUID-9EB95641-0E3E-45F3-89E6-0ED6CDCC9B05.htm,parked,,out of scope under SD-05 (3D/mesh/surface/render)
command,SWEEP,,https://help.autodesk.com/cloudhelp/2026/ENU/AutoCAD-Core/files/GUID-2391CE97-3794-402C-8BC1-E2DCB452DD13.htm,parked,,out of scope under SD-05 (3D/mesh/surface/render)
command,SYSVARMONITOR,,https://help.autodesk.com/cloudhelp/2026/ENU/AutoCAD-Core/files/GUID-82BACF96-AC90-446A-8E60-3CC3072F8060.htm,no,,Monitors a list of system variables and sends notifications when there are changes to any one in the list.
command,SYSWINDOWS,,https://help.autodesk.com/cloudhelp/2026/ENU/AutoCAD-Core/files/GUID-34A6D747-B9EC-4D1C-897A-D93F55F1BF2A.htm,no,,Arranges windows and icons when the application window is shared with external applications.
command,TABLE,,https://help.autodesk.com/cloudhelp/2026/ENU/AutoCAD-Core/files/GUID-367470A6-6E6E-4181-9E53-9B0EC88F50DC.htm,yes,packages/kernel/src/commands.rs:368,Creates an empty table object.
command,TABLEDIT,,https://help.autodesk.com/cloudhelp/2026/ENU/AutoCAD-Core/files/GUID-44D79B63-B21B-4F1D-9E0D-1C3B69970BF3.htm,no,,Edits text in a table cell.
command,TABLEEXPORT,,https://help.autodesk.com/cloudhelp/2026/ENU/AutoCAD-Core/files/GUID-EC760CA9-5BF4-4CF3-90D3-63DB194D43EA.htm,no,,Exports data from a table object in CSV file format.
command,TABLESTYLE,,https://help.autodesk.com/cloudhelp/2026/ENU/AutoCAD-Core/files/GUID-64621CE7-B7A2-42CD-897F-67ABE475D684.htm,yes,packages/kernel/src/commands.rs:497; packages/kernel/src/commands.rs:510; packages/kernel/src/commands.rs:523; packages/kernel/src/commands.rs:526,"Creates, modifies, or specifies table styles."
command,TABLET,,https://help.autodesk.com/cloudhelp/2026/ENU/AutoCAD-Core/files/GUID-6ED485A6-EAF0-47EF-84FC-4975BBAE3DA3.htm,no,,"Calibrates, configures, and turns on and off an attached digitizing tablet."
command,TABSURF,,https://help.autodesk.com/cloudhelp/2026/ENU/AutoCAD-Core/files/GUID-59FB536E-3597-4BFB-B89A-13D9903D3749.htm,no,,Creates a mesh from a line or curve that is swept along a straight path.
command,TARGETPOINT,,https://help.autodesk.com/cloudhelp/2026/ENU/AutoCAD-Core/files/GUID-3BB21889-FB21-4DDA-AB15-5E3F6FAF5988.htm,no,,Creates a target point light.
command,TASKBAR,,https://help.autodesk.com/cloudhelp/2026/ENU/AutoCAD-Core/files/GUID-C72AE884-5FDE-4F67-8549-0A6183AC04BB.htm,no,,Controls the Peek/Preview behavior of the application's button in the Windows taskbar when multiple drawings are open.
command,TEXT,,https://help.autodesk.com/cloudhelp/2026/ENU/AutoCAD-Core/files/GUID-D1C664DD-63D9-467E-8EC1-2F5A1777A924.htm,yes,packages/kernel/src/commands.rs:174,Creates a single-line text object.
command,TEXTALIGN,,https://help.autodesk.com/cloudhelp/2026/ENU/AutoCAD-Core/files/GUID-CC1BE498-4908-434E-8FDA-0DE87E05EA15.htm,no,,"Aligns multiple text objects vertically, horizontally, or obliquely."
command,TEXTEDIT,,https://help.autodesk.com/cloudhelp/2026/ENU/AutoCAD-Core/files/GUID-B184DB8A-7566-4756-A78E-3721960D86DE.htm,no,,"Edits a selected multiline or single-line text object, or the text in a dimension object."
command,TEXTSCR,,https://help.autodesk.com/cloudhelp/2026/ENU/AutoCAD-Core/files/GUID-63EF020A-C718-43A1-8510-CC2FD7EC80E8.htm,no,,Opens a text window that displays a history of prompts and command line entries for the current session.
command,TEXTTOFRONT,,https://help.autodesk.com/cloudhelp/2026/ENU/AutoCAD-Core/files/GUID-DE1673FF-A97E-480A-8BE2-54B52F21D75C.htm,no,,"Brings text, leaders, and dimensions in front of all other objects in the drawing."
command,THICKEN,,https://help.autodesk.com/cloudhelp/2026/ENU/AutoCAD-Core/files/GUID-50CAFB97-22BA-4224-9B48-60D6E7ABFCF1.htm,parked,,out of scope under SD-05 (3D/mesh/surface/render)
command,TIFOUT,,https://help.autodesk.com/cloudhelp/2026/ENU/AutoCAD-Core/files/GUID-DB78721A-4674-4A24-A2DC-722997E32A1E.htm,no,,Saves selected objects to a file in TIFF file format.
command,TIME,,https://help.autodesk.com/cloudhelp/2026/ENU/AutoCAD-Core/files/GUID-990C8D36-CD20-48C0-A711-4F03B33C084C.htm,no,,Displays the date and time statistics of a drawing.
command,TINSERT,,https://help.autodesk.com/cloudhelp/2026/ENU/AutoCAD-Core/files/GUID-E38DBD43-22E2-4545-8A55-85D90980FC14.htm,no,,Inserts a block in a table cell.
command,TOLERANCE,,https://help.autodesk.com/cloudhelp/2026/ENU/AutoCAD-Core/files/GUID-F83AC6CE-B180-458F-BB88-6EEF424F99C4.htm,yes,packages/kernel/src/commands.rs:682,Creates geometric tolerances contained in a feature control frame.
command,TOOLBAR,,https://help.autodesk.com/cloudhelp/2026/ENU/AutoCAD-Core/files/GUID-B6DFB514-F06E-44A4-99AF-6ACF22F78523.htm,no,,"Displays, hides, and customizes toolbars."
command,TOOLPALETTES,,https://help.autodesk.com/cloudhelp/2026/ENU/AutoCAD-Core/files/GUID-167A8594-92CB-4FCC-B72C-0F546383E97C.htm,no,,Opens the Tool Palettes window.
command,TOOLPALETTESCLOSE,,https://help.autodesk.com/cloudhelp/2026/ENU/AutoCAD-Core/files/GUID-C72F06BE-BA0D-4BB0-BD61-F11FF734D24B.htm,no,,Closes the Tool Palettes window.
command,TORUS,,https://help.autodesk.com/cloudhelp/2026/ENU/AutoCAD-Core/files/GUID-F7F2E0D8-58D2-4068-BBC1-60740D1A024A.htm,parked,,out of scope under SD-05 (3D/mesh/surface/render)
command,TPNAVIGATE,,https://help.autodesk.com/cloudhelp/2026/ENU/AutoCAD-Core/files/GUID-B2C547A7-AB22-475E-948E-9846748333A3.htm,no,,Displays a specified tool palette or palette group.
command,TRACE,,https://help.autodesk.com/cloudhelp/2026/ENU/AutoCAD-Core/files/GUID-D5D7D88B-6C2F-46F9-84F0-FD7B438BDCED.htm,no,,Opens and manages traces from the command prompt.
command,TRACEBACK,,https://help.autodesk.com/cloudhelp/2026/ENU/AutoCAD-Core/files/GUID-8B2037E1-D1E3-496F-BF67-ACBC4155AE89.htm,no,,Changes the active trace to view mode so you can edit the parent drawing while the trace is still visible.
command,TRACEEDIT,,https://help.autodesk.com/cloudhelp/2026/ENU/AutoCAD-Core/files/GUID-B830702F-25E9-4548-BE97-BFF2152934B9.htm,no,,Changes the active trace to edit mode so you can contribute to the trace.
command,TRACEFRONT,,https://help.autodesk.com/cloudhelp/2026/ENU/AutoCAD-Core/files/GUID-BA5EED80-4DBB-478E-802B-B1BA933E3FA1.htm,no,,Changes the active trace to edit mode so you can contribute to the trace.
command,TRACEPALETTECLOSE,,https://help.autodesk.com/cloudhelp/2026/ENU/AutoCAD-Core/files/GUID-189DED05-AFC1-4F83-A616-937D3D50C293.htm,no,,Closes the Trace palette where you view and manage traces in the current drawing.
command,TRACEPALETTEOPEN,,https://help.autodesk.com/cloudhelp/2026/ENU/AutoCAD-Core/files/GUID-13413FA0-13B1-4323-BD6A-CEEE3A688C09.htm,no,,Opens the Trace palette where you can view and manage traces in the current drawing.
command,TRACEVIEW,,https://help.autodesk.com/cloudhelp/2026/ENU/AutoCAD-Core/files/GUID-DDDD9D4D-36BC-421F-AA95-1C5846A1FC7A.htm,no,,Changes the active trace to view mode so you can edit the parent drawing while the trace is still visible.
command,TRANSPARENCY,,https://help.autodesk.com/cloudhelp/2026/ENU/AutoCAD-Core/files/GUID-6F50ABBC-726B-4513-9B2E-89503EEDD54F.htm,no,,Controls whether background pixels in an image are transparent or opaque.
command,TRAYSETTINGS,,https://help.autodesk.com/cloudhelp/2026/ENU/AutoCAD-Core/files/GUID-26392CF2-0403-4E6F-BD27-9C2EB4547756.htm,no,,Controls the display of icons and notifications in the status bar tray.
command,TREESTAT,,https://help.autodesk.com/cloudhelp/2026/ENU/AutoCAD-Core/files/GUID-A9337C6A-9153-4D20-8696-7CE9096AAA86.htm,no,,Displays information about the drawing's current spatial index.
command,TRIM,,https://help.autodesk.com/cloudhelp/2026/ENU/AutoCAD-Core/files/GUID-B1A185EF-07C6-4C53-A76F-05ADE11F5C32.htm,yes,packages/kernel/src/commands.rs:98,Trims objects to meet the edges of other objects.
command,TXT2MTXT,,https://help.autodesk.com/cloudhelp/2026/ENU/AutoCAD-Core/files/GUID-1E68C8B2-520F-4084-BD20-51DC4A32A7E5.htm,no,,Converts or combines single-line or multiline text objects into one or more multiline text objects.
command,U,,https://help.autodesk.com/cloudhelp/2026/ENU/AutoCAD-Core/files/GUID-87AAEC8D-45D9-49F9-8DB8-FBABDAB1BB96.htm,yes,packages/kernel/src/commands.rs:871,Reverses the most recent operation.
command,UCS,,https://help.autodesk.com/cloudhelp/2026/ENU/AutoCAD-Core/files/GUID-0BE49DA1-B323-4758-B49B-4C497D194C7A.htm,yes,packages/kernel/src/commands.rs:567; packages/kernel/src/commands.rs:576; packages/kernel/src/commands.rs:579,Sets the origin and orientation of the current user coordinate system (UCS).
command,UCSICON,,https://help.autodesk.com/cloudhelp/2026/ENU/AutoCAD-Core/files/GUID-EA2D8ACA-336A-4656-BFD3-43BC371C6171.htm,no,,"Controls the visibility, placement, appearance, and selectability of the UCS icon."
command,UCSMAN,,https://help.autodesk.com/cloudhelp/2026/ENU/AutoCAD-Core/files/GUID-96651DBC-3F2F-4B65-91DF-02AE7F2C4161.htm,no,,Manages UCS definitions.
command,ULAYERS,,https://help.autodesk.com/cloudhelp/2026/ENU/AutoCAD-Core/files/GUID-498506C3-7C42-4CFF-BB3E-021B1D050CF4.htm,no,,"Controls the display of layers in a DWF, DWFx, PDF, or DGN underlay."
command,UNDEFINE,,https://help.autodesk.com/cloudhelp/2026/ENU/AutoCAD-Core/files/GUID-FC323813-D88D-4507-8665-67B215BF9EAD.htm,no,,Allows an application-defined command to override an internal command.
command,UNDO,,https://help.autodesk.com/cloudhelp/2026/ENU/AutoCAD-Core/files/GUID-2729A466-B199-4840-B92B-4D8A38A8ADB8.htm,yes,packages/kernel/src/commands.rs:871,Reverses the effect of commands.
command,UNGROUP,,https://help.autodesk.com/cloudhelp/2026/ENU/AutoCAD-Core/files/GUID-8FD85180-69F4-4F4C-8DC1-F072111AF664.htm,no,,Disassociates the objects from a group.
command,UNION,,https://help.autodesk.com/cloudhelp/2026/ENU/AutoCAD-Core/files/GUID-C38426A3-B4CA-4788-A6B9-F132DD705CA0.htm,parked,,out of scope under SD-05 (3D/mesh/surface/render)
command,UNISOLATEOBJECTS,,https://help.autodesk.com/cloudhelp/2026/ENU/AutoCAD-Core/files/GUID-B21B3F6C-7F67-465A-A97E-5E8ADC87B6D4.htm,no,,Displays objects previously hidden with the ISOLATEOBJECTS or HIDEOBJECTS command.
command,UNITS,,https://help.autodesk.com/cloudhelp/2026/ENU/AutoCAD-Core/files/GUID-1DAE2080-84E4-413E-BB4E-F5D2A96CB14A.htm,yes,packages/kernel/src/commands.rs:882; packages/kernel/src/commands.rs:889,"Controls the precision and display formats for coordinates, distances, and angles."
command,UPDATEFIELD,,https://help.autodesk.com/cloudhelp/2026/ENU/AutoCAD-Core/files/GUID-2B47D62E-19D0-4CA5-9AAC-1946132D2F62.htm,no,,Updates fields in selected objects.
command,UPDATETHUMBSNOW,,https://help.autodesk.com/cloudhelp/2026/ENU/AutoCAD-Core/files/GUID-99DAEB10-7364-4B0B-809B-1E75DED6981E.htm,no,,"Manually updates thumbnail previews for named views, drawings, and layouts."
command,VBAIDE,,https://help.autodesk.com/cloudhelp/2026/ENU/AutoCAD-Core/files/GUID-07122CCD-8E45-48BF-A5BB-7E9900E048B9.htm,no,,Displays the Visual Basic Editor.
command,VBALOAD,,https://help.autodesk.com/cloudhelp/2026/ENU/AutoCAD-Core/files/GUID-CA16C415-2CC0-4707-8018-23A464F019AD.htm,no,,Loads a global VBA project into the current work session.
command,VBAMAN,,https://help.autodesk.com/cloudhelp/2026/ENU/AutoCAD-Core/files/GUID-E8DE3E52-F249-4147-94E3-C5436319846F.htm,no,,Manages VBA project operations using a dialog box.
command,VBAPREF,,https://help.autodesk.com/cloudhelp/2026/ENU/AutoCAD-Core/files/GUID-4C071022-BDBC-43EB-824B-9B950AC83DE2.htm,no,,Provides access to some of the VBA environment settings.
command,VBARUN,,https://help.autodesk.com/cloudhelp/2026/ENU/AutoCAD-Core/files/GUID-9711DBC3-3A4C-4B38-93B9-AE7CD854CAB8.htm,no,,Runs a VBA macro.
command,VBASTMT,,https://help.autodesk.com/cloudhelp/2026/ENU/AutoCAD-Core/files/GUID-3B4AAAAB-AFF3-45F6-9B1D-B2AEB7DA658C.htm,no,,Executes a VBA statement at the AutoCAD Command prompt.
command,VBAUNLOAD,,https://help.autodesk.com/cloudhelp/2026/ENU/AutoCAD-Core/files/GUID-F60C4525-DA15-47A1-8107-1C5CF107A958.htm,no,,Unloads a global VBA project.
command,VIEW,,https://help.autodesk.com/cloudhelp/2026/ENU/AutoCAD-Core/files/GUID-157824E8-6791-410F-A412-E183D69F3D71.htm,yes,packages/kernel/src/commands.rs:583; packages/kernel/src/commands.rs:591; packages/kernel/src/commands.rs:594,"Saves and restores named model space views, layout views, and preset views."
command,VIEWBACK,,https://help.autodesk.com/cloudhelp/2026/ENU/AutoCAD-Core/files/GUID-67E5CB2D-7CED-4B1D-86E9-988A7E399798.htm,no,,Restores sequential views backward after changing the view.
command,VIEWBASE,,https://help.autodesk.com/cloudhelp/2026/ENU/AutoCAD-Core/files/GUID-E0F79E2F-8838-4470-B8D0-8626343A22D2.htm,no,,Creates a base view from model space or Autodesk Inventor models.
command,VIEWCOMPONENT,,https://help.autodesk.com/cloudhelp/2026/ENU/AutoCAD-Core/files/GUID-81DE46E8-99C9-43E6-A547-74DF70DFFF20.htm,no,,Selects components from a model documentation drawing view for editing.
command,VIEWDETAIL,,https://help.autodesk.com/cloudhelp/2026/ENU/AutoCAD-Core/files/GUID-EDA005E8-85E5-40DB-AB8E-B664B01627C4.htm,no,,Creates a detail view of a portion of a model documentation drawing view.
command,VIEWDETAILSTYLE,,https://help.autodesk.com/cloudhelp/2026/ENU/AutoCAD-Core/files/GUID-347E3FF9-9E49-499E-9603-08C4A3ACC172.htm,no,,Creates and modifies detail view styles.
command,VIEWEDIT,,https://help.autodesk.com/cloudhelp/2026/ENU/AutoCAD-Core/files/GUID-3DAE7BC9-8F39-484F-B0F8-C039510E4F22.htm,no,,Edits an existing model documentation drawing view.
command,VIEWFORWARD,,https://help.autodesk.com/cloudhelp/2026/ENU/AutoCAD-Core/files/GUID-13CE1380-83FD-4ADA-8761-B56704220B60.htm,no,,Restores sequential views forward after displaying a previous view with VIEWBACK or Zoom Previous.
command,VIEWGO,,https://help.autodesk.com/cloudhelp/2026/ENU/AutoCAD-Core/files/GUID-8747BD5F-B7C0-49F7-A2DF-E796BD51A76B.htm,no,,Restores a named view.
command,VIEWPLAY,,https://help.autodesk.com/cloudhelp/2026/ENU/AutoCAD-Core/files/GUID-63CB1832-0274-44AB-A8E5-EF6076BEDA52.htm,no,,Plays the animation associated to a named view.
command,VIEWPLOTDETAILS,,https://help.autodesk.com/cloudhelp/2026/ENU/AutoCAD-Core/files/GUID-23072042-6A25-448A-8567-0354E5636EF5.htm,no,,Displays information about completed plot and publish jobs.
command,VIEWPROJ,,https://help.autodesk.com/cloudhelp/2026/ENU/AutoCAD-Core/files/GUID-DC444927-6392-4F3C-88FC-33BBDF9AC464.htm,no,,Creates one or more projected views from an existing model documentation drawing view.
command,VIEWRES,,https://help.autodesk.com/cloudhelp/2026/ENU/AutoCAD-Core/files/GUID-77B1C617-E4BB-4D1E-823A-8E2B055B258E.htm,no,,Sets the tessellation for objects in the current viewport when WHIPARC is turned off.
command,VIEWSECTION,,https://help.autodesk.com/cloudhelp/2026/ENU/AutoCAD-Core/files/GUID-7C281B02-D7D1-47FD-A1D4-0AF9E7544934.htm,no,,Creates a section view of a 3D model that was created in AutoCAD or in Autodesk Inventor.
command,VIEWSECTIONSTYLE,,https://help.autodesk.com/cloudhelp/2026/ENU/AutoCAD-Core/files/GUID-81DCE438-A0DF-4950-9380-4A190B3E684C.htm,no,,Creates and modifies section view styles.
command,VIEWSETPROJ,,https://help.autodesk.com/cloudhelp/2026/ENU/AutoCAD-Core/files/GUID-B99EBA1D-12E4-4907-8163-D4D9931983DC.htm,no,,Specifies the active project file for drawings containing model documentation drawing views from Inventor models.
command,VIEWSKETCHCLOSE,,https://help.autodesk.com/cloudhelp/2026/ENU/AutoCAD-Core/files/GUID-58033C26-764B-40A5-B159-12E266F06F73.htm,no,,Exits the symbol sketch mode.
command,VIEWSTD,,https://help.autodesk.com/cloudhelp/2026/ENU/AutoCAD-Core/files/GUID-2650ABC3-F838-4911-A19C-C4EC1396DD3D.htm,no,,Defines the default settings for model documentation drawing views.
command,VIEWSYMBOLSKETCH,,https://help.autodesk.com/cloudhelp/2026/ENU/AutoCAD-Core/files/GUID-35771218-F9F8-432A-85D6-78E644D764F5.htm,no,,Opens an editing environment so you can constrain section lines or detail boundaries to drawing view geometry.
command,VIEWUPDATE,,https://help.autodesk.com/cloudhelp/2026/ENU/AutoCAD-Core/files/GUID-8C6FECB1-F8FA-4AD4-8843-A94D02119514.htm,no,,Updates drawing views that have become out-of-date because the source model has changed.
command,VISUALSTYLES,,https://help.autodesk.com/cloudhelp/2026/ENU/AutoCAD-Core/files/GUID-ACA9C52C-47FC-4A21-A7BE-D692F9DA3511.htm,no,,Creates and modifies visual styles and applies a visual style to a viewport.
command,VISUALSTYLESCLOSE,,https://help.autodesk.com/cloudhelp/2026/ENU/AutoCAD-Core/files/GUID-4ED2D58F-043A-4F82-A483-79FA3E0E32B6.htm,no,,Closes the Visual Styles Manager.
command,VLISP,,https://help.autodesk.com/cloudhelp/2026/ENU/AutoCAD-Core/files/GUID-5601ACC6-C4F6-4375-9C2C-3DBCAE2880B1.htm,no,,Displays the AutoLISP development environment.
command,VPCLIP,,https://help.autodesk.com/cloudhelp/2026/ENU/AutoCAD-Core/files/GUID-D5FD4D1A-5785-4A8E-B0D1-D12079C0A4FF.htm,no,,Redefines a layout viewport object while retaining its properties.
command,VPLAYER,,https://help.autodesk.com/cloudhelp/2026/ENU/AutoCAD-Core/files/GUID-EB4DA3DA-5466-4D48-9AEC-6828B82BDEF9.htm,no,,Sets layer visibility within viewports.
command,VPMAX,,https://help.autodesk.com/cloudhelp/2026/ENU/AutoCAD-Core/files/GUID-15D5EEC7-D131-49F6-89A7-424455480935.htm,no,,Expands the current layout viewport for editing.
command,VPMIN,,https://help.autodesk.com/cloudhelp/2026/ENU/AutoCAD-Core/files/GUID-A18E5FA1-2A4E-461B-A606-EFF5AB14E0E5.htm,no,,Restores the current layout viewport.
command,VPOINT,,https://help.autodesk.com/cloudhelp/2026/ENU/AutoCAD-Core/files/GUID-82771983-982A-4F34-886E-FDAC966DF16D.htm,no,,Sets the viewing direction for a 3D visualization of the drawing.
command,VPORTS,,https://help.autodesk.com/cloudhelp/2026/ENU/AutoCAD-Core/files/GUID-BF45C5E3-ACA3-436A-B8E9-A17001A6F1D8.htm,no,,Creates multiple viewports in model space or in a layout (paper space).
command,VSCURRENT,,https://help.autodesk.com/cloudhelp/2026/ENU/AutoCAD-Core/files/GUID-7990D01B-F913-497A-8623-631646AF135B.htm,no,,Sets the visual style in the current viewport.
command,VSLIDE,,https://help.autodesk.com/cloudhelp/2026/ENU/AutoCAD-Core/files/GUID-255CE777-3419-4AC1-B3AF-C622EE84A78C.htm,no,,Displays an image slide file in the current viewport.
command,VSSAVE,,https://help.autodesk.com/cloudhelp/2026/ENU/AutoCAD-Core/files/GUID-78E5D97A-3A8D-4395-AC7A-BCEA3BF78CB6.htm,no,,Saves the current visual style under a new name.
command,VTOPTIONS,,https://help.autodesk.com/cloudhelp/2026/ENU/AutoCAD-Core/files/GUID-84A975F9-99B7-4791-9043-5D6FCEAA8FA2.htm,no,,Displays a change in view as a smooth transition.
command,WALKFLYSETTINGS,,https://help.autodesk.com/cloudhelp/2026/ENU/AutoCAD-Core/files/GUID-D3AC721E-95BE-4DB7-BF52-BD857B23D9E8.htm,no,,Controls the walk and fly navigation settings.
command,WBLOCK,,https://help.autodesk.com/cloudhelp/2026/ENU/AutoCAD-Core/files/GUID-297ED4C5-DADC-4C3B-B4FA-94C56A04721B.htm,yes,packages/kernel/src/commands.rs:690,Saves selected objects or converts a block to a specified drawing file.
command,WEBLIGHT,,https://help.autodesk.com/cloudhelp/2026/ENU/AutoCAD-Core/files/GUID-378DF00F-2595-4678-8B18-EA991A267E2F.htm,parked,,out of scope under SD-05 (3D/mesh/surface/render)
command,WEBLOAD,,https://help.autodesk.com/cloudhelp/2026/ENU/AutoCAD-Core/files/GUID-CFDF041A-ABED-47D7-AC86-50F0419E5474.htm,no,,"Loads a JavaScript file from a URL, and then executes the JavaScript code contained in the file."
command,WEDGE,,https://help.autodesk.com/cloudhelp/2026/ENU/AutoCAD-Core/files/GUID-479D1F58-6629-430B-8E8A-901D646A55E6.htm,parked,,out of scope under SD-05 (3D/mesh/surface/render)
command,WHOHAS,,https://help.autodesk.com/cloudhelp/2026/ENU/AutoCAD-Core/files/GUID-7E20A4D7-EB74-4354-8ADE-7EF172F0E16D.htm,no,,Displays information about an open drawing file.
command,WIPEOUT,,https://help.autodesk.com/cloudhelp/2026/ENU/AutoCAD-Core/files/GUID-4AD79F4F-A759-4310-A62D-4792FAA7B0EA.htm,yes,packages/kernel/src/commands.rs:654,"Creates a wipeout object, and controls whether wipeout frames are displayed in the drawing."
command,WMFIN,,https://help.autodesk.com/cloudhelp/2026/ENU/AutoCAD-Core/files/GUID-EAC08DDA-5D62-4A2A-8A84-37F20779941A.htm,no,,Imports a Windows metafile.
command,WMFOPTS,,https://help.autodesk.com/cloudhelp/2026/ENU/AutoCAD-Core/files/GUID-22CE1096-6C25-4D2C-8E78-EE8E146AA617.htm,no,,Sets options for WMFIN.
command,WMFOUT,,https://help.autodesk.com/cloudhelp/2026/ENU/AutoCAD-Core/files/GUID-6B7ECC84-F2D5-402C-8719-E8FE2171AE96.htm,no,,Saves objects to a Windows metafile.
command,WORKSPACE,,https://help.autodesk.com/cloudhelp/2026/ENU/AutoCAD-Core/files/GUID-8B5DFCAD-7CE6-4C57-9CA3-5243E54D5EB1.htm,no,,"Creates, modifies, and saves workspaces and makes a workspace current."
command,WSSAVE,,https://help.autodesk.com/cloudhelp/2026/ENU/AutoCAD-Core/files/GUID-3821F72C-A62E-4DB7-AEED-EEC09FD9622E.htm,no,,Saves a workspace.
command,WSSETTINGS,,https://help.autodesk.com/cloudhelp/2026/ENU/AutoCAD-Core/files/GUID-97AAABD6-8232-43CD-9D97-ED13F13D2D80.htm,no,,Sets options for workspaces.
command,XATTACH,,https://help.autodesk.com/cloudhelp/2026/ENU/AutoCAD-Core/files/GUID-BFD18916-9DFE-4FFF-8C98-4AE38A50A7F3.htm,yes,packages/kernel/src/commands.rs:705,Attaches selected DWG files as external references (xrefs).
command,XBIND,,https://help.autodesk.com/cloudhelp/2026/ENU/AutoCAD-Core/files/GUID-D4B26149-C3A2-4547-A532-FF7A0D1CB2C9.htm,no,,Binds one or more definitions of named objects in an xref to the current drawing.
command,XCLIP,,https://help.autodesk.com/cloudhelp/2026/ENU/AutoCAD-Core/files/GUID-104EDB9F-F025-4F67-B5C9-B3F174CFE2F3.htm,no,,Crops the display of a selected external reference or block reference to a specified boundary.
command,XCOMPARE,,https://help.autodesk.com/cloudhelp/2026/ENU/AutoCAD-Core/files/GUID-C5E21683-DCEB-49CB-88FB-348FAB8DD28F.htm,no,,"Compares an attached xref with the latest state of the referenced drawing file, highlighting the differences with color within revision clouds."
command,XCOMPARECLOSE,,https://help.autodesk.com/cloudhelp/2026/ENU/AutoCAD-Core/files/GUID-0FE2EA37-E394-421B-92A3-974D066DEF76.htm,no,,Closes the Xref Compare toolbar and ends the comparison.
command,XCOMPARERCNEXT,,https://help.autodesk.com/cloudhelp/2026/ENU/AutoCAD-Core/files/GUID-F5E0A078-1B44-440E-BCB6-3F6A56F67A3C.htm,no,,Zooms to the next change set of the xref comparison result.
command,XCOMPARERCPREV,,https://help.autodesk.com/cloudhelp/2026/ENU/AutoCAD-Core/files/GUID-2DACBB2B-FD87-4025-B128-509E9027D94C.htm,no,,Zooms to the previous change set of the xref comparison result.
command,XEDGES,,https://help.autodesk.com/cloudhelp/2026/ENU/AutoCAD-Core/files/GUID-6B6E69D0-62C1-4D96-B568-1818E3C997F4.htm,parked,,out of scope under SD-05 (3D/mesh/surface/render)
command,XLINE,,https://help.autodesk.com/cloudhelp/2026/ENU/AutoCAD-Core/files/GUID-40650DCE-E8CA-483C-8E25-7FA9AB6992C1.htm,yes,packages/kernel/src/commands.rs:267,Creates a construction line of infinite length.
command,XOPEN,,https://help.autodesk.com/cloudhelp/2026/ENU/AutoCAD-Core/files/GUID-6CD56F5F-AB89-482C-B1DC-57A95987ABED.htm,no,,Opens a selected drawing reference (xref) in a new window.
command,XPLODE,,https://help.autodesk.com/cloudhelp/2026/ENU/AutoCAD-Core/files/GUID-FC4139AB-D527-4743-8E68-F83DA6E5D192.htm,no,,"Breaks a compound object into its component objects, with specified properties for the resulting objects."
command,XREF,,https://help.autodesk.com/cloudhelp/2026/ENU/AutoCAD-Core/files/GUID-7DD70C3C-B8AD-40F1-8A69-5D1EECEAB013.htm,yes,packages/kernel/src/commands.rs:705,Starts the EXTERNALREFERENCES command.
command,ZOOM,,https://help.autodesk.com/cloudhelp/2026/ENU/AutoCAD-Core/files/GUID-66E7DB72-B2A7-4166-9970-9E19CC06F739.htm,no,,Increases or decreases the magnification of the view in the current viewport.
sysvar,_PKSER,,https://help.autodesk.com/cloudhelp/2026/ENU/AutoCAD-Core/files/GUID-02B35D19-FAD8-49AA-BCB5-1663B7F40CE3.htm,no,,Returns the product's serial number.
sysvar,_VERNUM,,https://help.autodesk.com/cloudhelp/2026/ENU/AutoCAD-Core/files/GUID-98D46C46-F454-48AD-93F6-8D356F9DED9E.htm,no,,Returns the product's build version number.
sysvar,*_TOOLPALETTEPATH,,https://help.autodesk.com/cloudhelp/2026/ENU/AutoCAD-Core/files/GUID-B34933CD-B0F1-4D6C-8D22-B7754B409A62.htm,no,,Controls the path(s) that are used for the Tool Palette Windows.
sysvar,3DCONVERSIONMODE,,https://help.autodesk.com/cloudhelp/2026/ENU/AutoCAD-Core/files/GUID-D5143EED-F2B3-4652-BC04-53B43BAB381D.htm,parked,,out of scope under SD-05
sysvar,3DDWFPREC,,https://help.autodesk.com/cloudhelp/2026/ENU/AutoCAD-Core/files/GUID-0D9D7C23-8D2B-4856-BDDD-546812B5AB19.htm,parked,,out of scope under SD-05
sysvar,3DOSMODE,,https://help.autodesk.com/cloudhelp/2026/ENU/AutoCAD-Core/files/GUID-10DD6098-8B87-45B4-9BB9-325D58695764.htm,parked,,out of scope under SD-05
sysvar,3DSELECTIONMODE,,https://help.autodesk.com/cloudhelp/2026/ENU/AutoCAD-Core/files/GUID-0FA5D420-2A1C-406B-A267-6619E0B6C760.htm,parked,,out of scope under SD-05
sysvar,ACADLSPASDOC,,https://help.autodesk.com/cloudhelp/2026/ENU/AutoCAD-Core/files/GUID-E0049DB8-DC45-47A1-A8B7-67012F7AEDB8.htm,no,,"Controls whether the acad.lsp file, or acadlt.lsp file for AutoCAD LT, file is loaded into every drawing or just the first drawing opened in a session."
sysvar,ACADPREFIX,,https://help.autodesk.com/cloudhelp/2026/ENU/AutoCAD-Core/files/GUID-CA03058E-999B-4BA0-BA38-61DFC5EB3214.htm,no,,"Lists the Support File Search paths specified in the Options dialog box, Files tab."
sysvar,ACADVER,,https://help.autodesk.com/cloudhelp/2026/ENU/AutoCAD-Core/files/GUID-793238B6-F8B8-4D20-BB3A-001700AECD75.htm,no,,Returns the product's version number.
sysvar,ACTIVITYINSIGHTSPATH,,https://help.autodesk.com/cloudhelp/2026/ENU/AutoCAD-Core/files/GUID-06C78FAB-4DC9-467C-9D6A-82E1DD0F64B2.htm,no,,Specifies the location Activity Insights activities are recorded.
sysvar,ACTIVITYINSIGHTSSTATE,,https://help.autodesk.com/cloudhelp/2026/ENU/AutoCAD-Core/files/GUID-7B01C113-BB74-4EC2-8B9E-633D3EE9A323.htm,no,,Indicates whether the Activity Insights palette is open or closed.
sysvar,ACTIVITYINSIGHTSSUPPORT,,https://help.autodesk.com/cloudhelp/2026/ENU/AutoCAD-Core/files/GUID-EAA81DD3-E8BD-45AE-AC1C-B757209A9ABC.htm,no,,Enables or disables the Activity Insights feature.
sysvar,ACTIVITYINSIGHTSVIEWEDLOGGING,,https://help.autodesk.com/cloudhelp/2026/ENU/AutoCAD-Core/files/GUID-34D77CB3-E9E2-4956-835C-8EDFAA1D00CE.htm,no,,"Turns on or off logging Opened activities, such as opening a drawing."
sysvar,ACTPATH,,https://help.autodesk.com/cloudhelp/2026/ENU/AutoCAD-Core/files/GUID-E63ED007-A45B-46EE-9777-3665AA593B6C.htm,no,,Specifies the additional paths to load action macros from for playback.
sysvar,ACTRECORDERSTATE,,https://help.autodesk.com/cloudhelp/2026/ENU/AutoCAD-Core/files/GUID-6254B281-6523-4C56-AC9E-CDEE32A27606.htm,no,,Specifies the current state of the Action Recorder.
sysvar,ACTRECPATH,,https://help.autodesk.com/cloudhelp/2026/ENU/AutoCAD-Core/files/GUID-DE0E53A7-9DF4-4545-93AC-F57ACA43B391.htm,no,,Specifies the path used to store new action macros.
sysvar,ACTUI,,https://help.autodesk.com/cloudhelp/2026/ENU/AutoCAD-Core/files/GUID-06266E09-CC31-46F4-B386-7F923026B6D0.htm,no,,Controls the behavior of the Action Recorder panel when recording and playing back macros.
sysvar,ADCSTATE,,https://help.autodesk.com/cloudhelp/2026/ENU/AutoCAD-Core/files/GUID-E26B699F-2274-4C02-883E-757FCFB41357.htm,no,,Indicates whether the DesignCenter window is open or closed.
sysvar,AFLAGS,,https://help.autodesk.com/cloudhelp/2026/ENU/AutoCAD-Core/files/GUID-4C49E401-7CCA-45B9-A126-36E597416236.htm,no,,Sets options for attributes.
sysvar,ANGBASE,,https://help.autodesk.com/cloudhelp/2026/ENU/AutoCAD-Core/files/GUID-B7CAB5F3-16BC-4E06-97BC-AAAEC052727E.htm,no,,Sets the zero (0) base angle with respect to the current UCS.
sysvar,ANGDIR,,https://help.autodesk.com/cloudhelp/2026/ENU/AutoCAD-Core/files/GUID-A432574D-35B6-4D9E-8D8F-4259F2066234.htm,no,,Sets the direction of positive angles.
sysvar,ANNOALLVISIBLE,,https://help.autodesk.com/cloudhelp/2026/ENU/AutoCAD-Core/files/GUID-D8E50F6F-FB71-4A20-A3B9-7701C0518B81.htm,no,,Hides or displays annotative objects that do not support the current annotation scale.
sysvar,ANNOAUTOSCALE,,https://help.autodesk.com/cloudhelp/2026/ENU/AutoCAD-Core/files/GUID-15AC894C-4B21-4543-AD86-F86C8BFAC6E6.htm,no,,Updates annotative objects to support the annotation scale when the annotation scale is changed.
sysvar,ANNOMONITOR,,https://help.autodesk.com/cloudhelp/2026/ENU/AutoCAD-Core/files/GUID-EEF0796B-9C18-476A-A0E8-876BC5346C97.htm,no,,"Turns the annotation monitor on or off. When the annotation monitor is turned on, a yellow warning badge displays on all non-associative dimensions and leaders."
sysvar,ANNOSCALEZOOM,,https://help.autodesk.com/cloudhelp/2026/ENU/AutoCAD-Core/files/GUID-73EB72D3-3C77-471B-AED7-EE1629180E9B.htm,no,,Determines whether the mouse wheel zoom in paperspace viewports is controlled by specific zoom scales or independent of viewport scales (legacy behavior).
sysvar,ANNOTATIVEDWG,,https://help.autodesk.com/cloudhelp/2026/ENU/AutoCAD-Core/files/GUID-1720C9E3-B398-42FB-A5CA-6C983399FB04.htm,no,,Specifies whether or not the drawing will behave as an annotative block when inserted into another drawing.
sysvar,APBOX,,https://help.autodesk.com/cloudhelp/2026/ENU/AutoCAD-Core/files/GUID-A13A75DC-5D0F-4730-834C-4AA078077B12.htm,no,,Turns the display of the AutoSnap aperture box on or off.
sysvar,APERTURE,,https://help.autodesk.com/cloudhelp/2026/ENU/AutoCAD-Core/files/GUID-2AA8CF8E-267F-4BD6-80CD-0E7C48B8A9F1.htm,no,,Controls the size of the object target box.
sysvar,APPAUTOLOAD,,https://help.autodesk.com/cloudhelp/2026/ENU/AutoCAD-Core/files/GUID-33E75B9A-93AC-4FBF-B941-0F99A6AC3617.htm,no,,Controls when plug-in applications are loaded.
sysvar,APPLYGLOBALOPACITIES,,https://help.autodesk.com/cloudhelp/2026/ENU/AutoCAD-Core/files/GUID-AE962D09-C241-4212-9916-D1EE5BA7BCE1.htm,no,,Applies transparency settings to all palettes.
sysvar,APSTATE,,https://help.autodesk.com/cloudhelp/2026/ENU/AutoCAD-Core/files/GUID-1F6ECE63-71DC-4EBF-8E49-2C50100632C0.htm,no,,Indicates whether the Block Authoring Palettes window in the Block Editor is open or closed.
sysvar,AREA,,https://help.autodesk.com/cloudhelp/2026/ENU/AutoCAD-Core/files/GUID-CD078D73-FE99-49A0-8FFA-0D2FFA906167.htm,no,,Stores the last area computed by the AREA and MEASUREGEOM commands.
sysvar,ARRAYASSOCIATIVITY,,https://help.autodesk.com/cloudhelp/2026/ENU/AutoCAD-Core/files/GUID-298A0544-E6C3-496F-9FA1-12AEC2FF5647.htm,no,,Sets the default behavior of new arrays to be associative or nonassociative.
sysvar,ARRAYEDITSTATE,,https://help.autodesk.com/cloudhelp/2026/ENU/AutoCAD-Core/files/GUID-E71DAD51-8377-4B32-B33D-095E45672F18.htm,no,,"Indicates whether the drawing is in the array editing state, which is activated while editing an associative array's source objects."
sysvar,ARRAYTYPE,,https://help.autodesk.com/cloudhelp/2026/ENU/AutoCAD-Core/files/GUID-ED05306A-0D24-4FE7-9B50-1207BCA2B4B8.htm,no,,Specifies the default array type.
sysvar,ASSISTANTSTATE,,https://help.autodesk.com/cloudhelp/2026/ENU/AutoCAD-Core/files/GUID-9F26CB82-3F66-4116-90F9-810ACFE6A613.htm,no,,"Indicates whether the Autodesk Assistant palette is open, closed or hidden."
sysvar,ATTDIA,,https://help.autodesk.com/cloudhelp/2026/ENU/AutoCAD-Core/files/GUID-DD7AE7D3-D9D7-49E7-948E-079D8451FFA2.htm,no,,Controls whether the INSERT command uses a dialog box for attribute value entry.
sysvar,ATTIPE,,https://help.autodesk.com/cloudhelp/2026/ENU/AutoCAD-Core/files/GUID-1DD42986-CA88-424A-BCC8-6C4DD64488C5.htm,no,,Controls which Text Formatting toolbar is displayed with the in-place editor for modifying multiline attributes.
sysvar,ATTMODE,,https://help.autodesk.com/cloudhelp/2026/ENU/AutoCAD-Core/files/GUID-D6DE0459-AE5C-4FFF-9E1C-2468D532C49D.htm,no,,Controls display of attributes.
sysvar,ATTMULTI,,https://help.autodesk.com/cloudhelp/2026/ENU/AutoCAD-Core/files/GUID-9386111C-705B-4B4D-B7F9-36C38F67DB84.htm,no,,Controls whether multiline attributes can be created.
sysvar,ATTREQ,,https://help.autodesk.com/cloudhelp/2026/ENU/AutoCAD-Core/files/GUID-7A7229F8-C99D-42C5-8784-4231767611F8.htm,no,,Controls whether INSERT uses default attribute settings during insertion of blocks.
sysvar,AUDITCTL,,https://help.autodesk.com/cloudhelp/2026/ENU/AutoCAD-Core/files/GUID-05A7363C-4A43-4984-8262-DA7BEE7B860C.htm,no,,Controls whether AUDIT creates an audit report (ADT) file.
sysvar,AUNITS,,https://help.autodesk.com/cloudhelp/2026/ENU/AutoCAD-Core/files/GUID-C7C0F6A5-7982-43DB-97F9-5B9B0044E9FA.htm,no,,Sets units for angles.
sysvar,AUPREC,,https://help.autodesk.com/cloudhelp/2026/ENU/AutoCAD-Core/files/GUID-EE1ED20C-1096-4299-820F-83F1BC9B96F3.htm,no,,Sets the display precision for angular units and coordinates.
sysvar,AUTODWFPUBLISH,,https://help.autodesk.com/cloudhelp/2026/ENU/AutoCAD-Core/files/GUID-67B17228-BFB3-4223-BF64-EE09FF2A4C57.htm,no,,Controls whether DWF (Design Web Format) files are created automatically when you save or close drawing (DWG) files.
sysvar,AUTOMATICPUB,,https://help.autodesk.com/cloudhelp/2026/ENU/AutoCAD-Core/files/GUID-04E06B5A-D6BA-41A9-B5C8-BF3DC6BE9C83.htm,no,,Controls whether electronic files (DWF/PDF) are created automatically when you save or close drawing (DWG) files.
sysvar,AUTOPLACEMENT,,https://help.autodesk.com/cloudhelp/2026/ENU/AutoCAD-Core/files/GUID-84265932-8B02-4740-A178-EF1BBD7CB01F.htm,no,,Controls whether placement suggestions are displayed as you insert a block.
sysvar,AUTOSNAP,,https://help.autodesk.com/cloudhelp/2026/ENU/AutoCAD-Core/files/GUID-BE7947EB-2A08-4406-A169-4C5E125B1F4D.htm,no,,"Controls the display of the AutoSnap marker, tooltip, and magnet."
sysvar,BACKGROUNDPLOT,,https://help.autodesk.com/cloudhelp/2026/ENU/AutoCAD-Core/files/GUID-713029B7-B5AC-4860-BE2E-74878D418EA4.htm,no,,Controls whether background plotting is turned on or off for plotting and publishing.
sysvar,BACKZ,,https://help.autodesk.com/cloudhelp/2026/ENU/AutoCAD-Core/files/GUID-EC6CF0EF-05A7-4D12-9437-46360B2BBF62.htm,no,,"Stores the back clipping plane offset from the target plane for the current viewport, in drawing units."
sysvar,BACTIONBARMODE,,https://help.autodesk.com/cloudhelp/2026/ENU/AutoCAD-Core/files/GUID-4E589CD2-EB52-4CF6-949F-4789C53F6286.htm,no,,Indicates whether the action bars or the legacy action objects are displayed in the Block Editor.
sysvar,BACTIONCOLOR,,https://help.autodesk.com/cloudhelp/2026/ENU/AutoCAD-Core/files/GUID-7BEFF137-53F2-4D69-A19B-63A68EE4A54E.htm,no,,Sets the text color of actions in the Block Editor.
sysvar,BCONSTATUSMODE,,https://help.autodesk.com/cloudhelp/2026/ENU/AutoCAD-Core/files/GUID-30193F93-378C-4A90-91E0-4737A772330C.htm,no,,Turns the constraint display status on and off and controls the shading of objects based on their constraint level.
sysvar,BCONVERTLAYER,,https://help.autodesk.com/cloudhelp/2026/ENU/AutoCAD-Core/files/GUID-63A8986F-1FCC-4480-947B-E576260FC4D4.htm,no,,Controls whether the object layer in the block definition will become Layer 0 after objects are converted into blocks.
sysvar,BDEPENDENCYHIGHLIGHT,,https://help.autodesk.com/cloudhelp/2026/ENU/AutoCAD-Core/files/GUID-6F4561D1-9A00-4C57-9D14-959A4B11F6AB.htm,no,,"Controls whether or not dependent objects are dependency highlighted when a parameter, action, or grip is selected in the Block Editor."
sysvar,BGCOREPUBLISH,,https://help.autodesk.com/cloudhelp/2026/ENU/AutoCAD-Core/files/GUID-CEA83608-0AC0-4188-B413-DE586EBB103C.htm,no,,Controls whether background publishing uses a single or multiple cores.
sysvar,BGRIPOBJCOLOR,,https://help.autodesk.com/cloudhelp/2026/ENU/AutoCAD-Core/files/GUID-929B1BF9-B156-438C-A609-83B7FC0385FD.htm,no,,Sets the color of grips in the Block Editor.
sysvar,BGRIPOBJSIZE,,https://help.autodesk.com/cloudhelp/2026/ENU/AutoCAD-Core/files/GUID-1DF5F69B-ADF3-4936-ADCF-D2A841FF9019.htm,no,,Sets the display size of custom grips in the Block Editor relative to the screen display.
sysvar,BINDTYPE,,https://help.autodesk.com/cloudhelp/2026/ENU/AutoCAD-Core/files/GUID-1B410F79-266A-4D64-BEA6-87191A0B0D30.htm,no,,"Specifies the default or controls the naming behavior to be applied to ""named objects"" in an xref when a bind or an edit-in-place operation is performed on it."
sysvar,BLOCKCREATEMODE,,https://help.autodesk.com/cloudhelp/2026/ENU/AutoCAD-Core/files/GUID-284CAB90-961D-4A2C-8BE4-A44ED750884C.htm,no,,"Sets the behavior for selected objects after creating blocks with the BLOCK and -BLOCK commands. The objects are either deleted, retained, or replaced with an instance of the block."
sysvar,BLOCKEDITLOCK,,https://help.autodesk.com/cloudhelp/2026/ENU/AutoCAD-Core/files/GUID-BBBAEABC-E8D3-4E32-8D03-81067ADF4AD0.htm,no,,Disallows opening of the Block Editor and editing of dynamic block definitions.
sysvar,BLOCKEDITOR,,https://help.autodesk.com/cloudhelp/2026/ENU/AutoCAD-Core/files/GUID-171545A1-72C9-4BD0-97CC-BC06C694C3E9.htm,no,,Indicates whether or not the Block Editor is open.
sysvar,BLOCKEXCLUDECOLOR,,https://help.autodesk.com/cloudhelp/2026/ENU/AutoCAD-Core/files/GUID-2226EB5E-5283-4EB4-B2F2-67D22C3D74B4.htm,no,,Sets the color highlighting for identified instances that should not be converted into blocks.
sysvar,BLOCKINCLUDECOLOR,,https://help.autodesk.com/cloudhelp/2026/ENU/AutoCAD-Core/files/GUID-247FC996-9F06-4B95-B884-DC189C66527F.htm,no,,Sets the color highlighting for identified instances that can be converted into blocks.
sysvar,BLOCKMRULIST,,https://help.autodesk.com/cloudhelp/2026/ENU/AutoCAD-Core/files/GUID-DDBD0D1B-F4DB-4E4A-8A38-016A2CBE5A20.htm,no,,Controls the number of most recently used blocks displayed in the Recent tab of the Blocks palette.
sysvar,BLOCKNAVIGATE,,https://help.autodesk.com/cloudhelp/2026/ENU/AutoCAD-Core/files/GUID-44E6D5B6-5C89-422B-AA74-08780DF15E71.htm,no,,"Controls the folder, file, and blocks that are displayed in the Libraries tab of the Blocks palette."
sysvar,BLOCKREDEFINEMODE,,https://help.autodesk.com/cloudhelp/2026/ENU/AutoCAD-Core/files/GUID-15A13868-7582-4CCD-A8FC-9AF2D05E689C.htm,no,,Controls whether a dialog box or a prompt on the command line displays when inserting a block from the Blocks palette with the same name as an existing block definition.
sysvar,BLOCKSDATACOLLECTION,,https://help.autodesk.com/cloudhelp/2026/ENU/AutoCAD-Core/files/GUID-5AD60349-4CA6-4E2C-982E-8DAEF5E9FF53.htm,no,,Controls whether the content data used when working with smart blocks is shared to the data collection service.
sysvar,BLOCKSRECENTFOLDER,,https://help.autodesk.com/cloudhelp/2026/ENU/AutoCAD-Core/files/GUID-2B47D65C-B88A-42C6-BE79-590901360A5D.htm,no,,Sets the path where the recently inserted or created blocks are stored.
sysvar,BLOCKSTATE,,https://help.autodesk.com/cloudhelp/2026/ENU/AutoCAD-Core/files/GUID-585DDD87-F28A-4150-A883-1A92C4604CAA.htm,no,,Reports whether the Blocks palette is open or closed.
sysvar,BLOCKSYNCFOLDER,,https://help.autodesk.com/cloudhelp/2026/ENU/AutoCAD-Core/files/GUID-B03DC983-2680-4D73-B246-780990CBF4F3.htm,no,,Sets the path where the recent and favorite blocks are stored.
sysvar,BLOCKTARGETCOLOR,,https://help.autodesk.com/cloudhelp/2026/ENU/AutoCAD-Core/files/GUID-175D4755-223D-410A-B58E-71DE9243D43A.htm,no,,Sets the color highlighting for the specified instance from which the new block definition is created.
sysvar,BLOCKTESTWINDOW,,https://help.autodesk.com/cloudhelp/2026/ENU/AutoCAD-Core/files/GUID-25FB9865-B874-4E34-9BE9-DD50B1BFAB22.htm,no,,Indicates whether or not a test block window is current.
sysvar,BPARAMETERCOLOR,,https://help.autodesk.com/cloudhelp/2026/ENU/AutoCAD-Core/files/GUID-0385868B-AEF9-47B9-A52E-58D5B9C3837F.htm,no,,Sets the color of parameters in the Block Editor.
sysvar,BPARAMETERFONT,,https://help.autodesk.com/cloudhelp/2026/ENU/AutoCAD-Core/files/GUID-8613E9B0-A4D9-4EF8-B047-2513F86BB937.htm,no,,Sets the font used for parameters and actions in the Block Editor.
sysvar,BPARAMETERSIZE,,https://help.autodesk.com/cloudhelp/2026/ENU/AutoCAD-Core/files/GUID-BAD1002D-57F9-46C7-B990-5CDDA96C12CB.htm,no,,Sets the size of parameter text and features in the Block Editor relative to the screen display.
sysvar,BPTEXTHORIZONTAL,,https://help.autodesk.com/cloudhelp/2026/ENU/AutoCAD-Core/files/GUID-3F1EAACA-CB50-4D3E-946C-A84D00F1FB2E.htm,no,,Forces the text displayed for action parameters and constraint parameters in the Block Editor to be horizontal.
sysvar,BSEARCHINCLUDEEXISTINGBLOCKS,,https://help.autodesk.com/cloudhelp/2026/ENU/AutoCAD-Core/files/GUID-1BC7085A-B6E2-4131-858A-A1BBF399FC0E.htm,no,,Controls whether existing block instances are selected by BSEARCH command by default. Users can still make adjustments to the selection during the review process.
sysvar,BTMARKDISPLAY,,https://help.autodesk.com/cloudhelp/2026/ENU/AutoCAD-Core/files/GUID-AB938681-7796-49D7-94A5-DAEA81C552C1.htm,no,,Controls whether or not value set markers are displayed for dynamic block references.
sysvar,BVMODE,,https://help.autodesk.com/cloudhelp/2026/ENU/AutoCAD-Core/files/GUID-BF628BE6-7100-4606-9185-44007503E8DE.htm,no,,Controls how objects that are made invisible for the current visibility state are displayed in the Block Editor.
sysvar,CACHEMAXFILES,,https://help.autodesk.com/cloudhelp/2026/ENU/AutoCAD-Core/files/GUID-7494F1CE-253B-42AC-BD26-10FB9E8FE77B.htm,no,,Sets the upper-limit to the number of drawing file entries that can be kept in the product graphics cache.
sysvar,CACHEMAXTOTALSIZE,,https://help.autodesk.com/cloudhelp/2026/ENU/AutoCAD-Core/files/GUID-F3B22467-BC93-4D91-AC10-E93EAB157F85.htm,no,,Sets the upper-limit in megabytes (Mbs) for all drawing file entries in the product graphics cache.
sysvar,CALCINPUT,,https://help.autodesk.com/cloudhelp/2026/ENU/AutoCAD-Core/files/GUID-2CF672E7-C8FF-404A-8D86-17010ED52BEF.htm,no,,Controls whether mathematical expressions and global constants are evaluated in text and numeric entry boxes of windows and dialog boxes.
sysvar,CAMERADISPLAY,,https://help.autodesk.com/cloudhelp/2026/ENU/AutoCAD-Core/files/GUID-A3A09659-03D1-4A2C-97DE-DF7352824989.htm,parked,,out of scope under SD-05
sysvar,CAMERAHEIGHT,,https://help.autodesk.com/cloudhelp/2026/ENU/AutoCAD-Core/files/GUID-C2CF584A-5C0A-4436-A6ED-ABF6F0FE569A.htm,no,,Specifies the default height for new camera objects.
sysvar,CANNOSCALE,,https://help.autodesk.com/cloudhelp/2026/ENU/AutoCAD-Core/files/GUID-C7111BEE-76AA-481D-AC51-8600A31FA23A.htm,no,,Sets the name of the current annotation scale for the current space.
sysvar,CANNOSCALEVALUE,,https://help.autodesk.com/cloudhelp/2026/ENU/AutoCAD-Core/files/GUID-9584CD21-91CA-470A-8CE1-9FEC04BDD11E.htm,no,,Displays the value of the current annotation scale.
sysvar,CAPTURETHUMBNAILS,,https://help.autodesk.com/cloudhelp/2026/ENU/AutoCAD-Core/files/GUID-CA64DFE3-6EAD-4F92-A3C9-0B374AF892A3.htm,no,,Specifies if and when thumbnails are captured for the Rewind tool.
sysvar,CBARTRANSPARENCY,,https://help.autodesk.com/cloudhelp/2026/ENU/AutoCAD-Core/files/GUID-3E0C6CFC-B222-467F-95C4-EFEBF7496BB6.htm,no,,Controls the transparency of the constraint bars.
sysvar,CCONSTRAINTFORM,,https://help.autodesk.com/cloudhelp/2026/ENU/AutoCAD-Core/files/GUID-48517518-17D8-496D-AAA0-BE84DD5F5008.htm,no,,Controls whether annotational or dynamic constraints are applied to objects.
sysvar,CDATE,,https://help.autodesk.com/cloudhelp/2026/ENU/AutoCAD-Core/files/GUID-764D9293-3F87-4E63-802E-8B45F1B76F92.htm,no,,Stores the current date and time in coded decimal format.
sysvar,CECOLOR,,https://help.autodesk.com/cloudhelp/2026/ENU/AutoCAD-Core/files/GUID-703858E3-9038-406A-B499-90A0C05BECBF.htm,no,,Sets the color of new objects as you create them.
sysvar,CELTSCALE,,https://help.autodesk.com/cloudhelp/2026/ENU/AutoCAD-Core/files/GUID-ECE175AB-AB7B-4DEC-9CEC-D5D67AF9310B.htm,no,,Sets the current object linetype scaling factor.
sysvar,CELTYPE,,https://help.autodesk.com/cloudhelp/2026/ENU/AutoCAD-Core/files/GUID-28460EAB-7005-4E82-A97C-47A728F420E5.htm,no,,Sets the linetype of new objects.
sysvar,CELWEIGHT,,https://help.autodesk.com/cloudhelp/2026/ENU/AutoCAD-Core/files/GUID-E1B15CA7-C45D-4845-B1A6-2520F6F911F3.htm,no,,Sets the lineweight of new objects.
sysvar,CENTERCROSSGAP,,https://help.autodesk.com/cloudhelp/2026/ENU/AutoCAD-Core/files/GUID-AA5B90C5-AD48-4032-BD7A-39044E26B395.htm,no,,Determines the gap between the center mark and its centerlines.
sysvar,CENTERCROSSSIZE,,https://help.autodesk.com/cloudhelp/2026/ENU/AutoCAD-Core/files/GUID-AB005660-A8D7-41AC-85FE-CC5C39B2E61E.htm,no,,Determines the size of the associative center mark.
sysvar,CENTEREXE,,https://help.autodesk.com/cloudhelp/2026/ENU/AutoCAD-Core/files/GUID-4BCE09E0-6733-401D-8719-7CE603F878B1.htm,no,,Controls the length of the centerline extensions.
sysvar,CENTERLAYER,,https://help.autodesk.com/cloudhelp/2026/ENU/AutoCAD-Core/files/GUID-BAD8055E-71F4-4377-9E31-9E0DDBBAE9ED.htm,no,,Specifies a default layer for new center marks or centerlines.
sysvar,CENTERLTSCALE,,https://help.autodesk.com/cloudhelp/2026/ENU/AutoCAD-Core/files/GUID-5C5FD35B-9B78-4C17-865E-B25687BBE121.htm,no,,Sets the linetype scale used by center marks and centerlines.
sysvar,CENTERLTYPE,,https://help.autodesk.com/cloudhelp/2026/ENU/AutoCAD-Core/files/GUID-D1BE48F5-2689-4C14-B7F8-917A3AA71246.htm,no,,Specifies the linetype used by center marks and centerlines.
sysvar,CENTERLTYPEFILE,,https://help.autodesk.com/cloudhelp/2026/ENU/AutoCAD-Core/files/GUID-2E0C4EC9-141B-4091-A7A2-05B9A01D1E98.htm,no,,Specifies the loaded linetype library file used to create center marks and centerlines.
sysvar,CENTERMARKEXE,,https://help.autodesk.com/cloudhelp/2026/ENU/AutoCAD-Core/files/GUID-B5FD3049-94D2-4527-97A4-46F9BABE7EB2.htm,no,,Determines whether centerlines extend automatically from new center marks.
sysvar,CENTERMT,,https://help.autodesk.com/cloudhelp/2026/ENU/AutoCAD-Core/files/GUID-9046FDEF-20E6-4A78-935F-399C97BBAF50.htm,no,,Controls how grips stretch multiline text that is centered horizontally.
sysvar,CETRANSPARENCY,,https://help.autodesk.com/cloudhelp/2026/ENU/AutoCAD-Core/files/GUID-058580C9-43DE-4770-93C4-3DE1AB2F5287.htm,no,,Sets the transparency level for new objects.
sysvar,CGEOCS,,https://help.autodesk.com/cloudhelp/2026/ENU/AutoCAD-Core/files/GUID-2CB959D6-CDE3-47B6-B06B-BCA32EF8F371.htm,no,,Stores the name of the GIS coordinate system assigned to the drawing file.
sysvar,CHAMFERA,,https://help.autodesk.com/cloudhelp/2026/ENU/AutoCAD-Core/files/GUID-E2E34687-6BFF-481A-9732-885651AA44CF.htm,yes,packages/kernel/src/lib.rs:202,Sets the first chamfer distance when CHAMMODE is set to 0.
sysvar,CHAMFERB,,https://help.autodesk.com/cloudhelp/2026/ENU/AutoCAD-Core/files/GUID-53D438C7-3179-4971-BC39-E0F878FD18CF.htm,yes,packages/kernel/src/lib.rs:202,Sets the second chamfer distance when CHAMMODE is set to 0.
sysvar,CHAMFERC,,https://help.autodesk.com/cloudhelp/2026/ENU/AutoCAD-Core/files/GUID-FFFD13C0-3C7F-4865-B783-46E3BC652AC9.htm,no,,Sets the chamfer length when CHAMMODE is set to 1.
sysvar,CHAMFERD,,https://help.autodesk.com/cloudhelp/2026/ENU/AutoCAD-Core/files/GUID-19EB0506-005C-491A-B2E6-AF12890A3786.htm,no,,Sets the chamfer angle when CHAMMODE is set to 1.
sysvar,CHAMMODE,,https://help.autodesk.com/cloudhelp/2026/ENU/AutoCAD-Core/files/GUID-0FFBF218-FED2-485D-A332-19F406228123.htm,no,,Sets the input method for CHAMFER.
sysvar,CIRCLERAD,,https://help.autodesk.com/cloudhelp/2026/ENU/AutoCAD-Core/files/GUID-4C17F0AB-E726-4242-8060-0577C8F657BF.htm,no,,Sets the default circle radius.
sysvar,CLAYER,,https://help.autodesk.com/cloudhelp/2026/ENU/AutoCAD-Core/files/GUID-C4C02A34-3F38-41D1-945A-AEC4BB24926B.htm,no,,Sets the current layer.
sysvar,CLAYOUT,,https://help.autodesk.com/cloudhelp/2026/ENU/AutoCAD-Core/files/GUID-0C492884-3B3F-4C35-8BAE-8233342A9203.htm,no,,Sets the current layout.
sysvar,CLEANSCREENSTATE,,https://help.autodesk.com/cloudhelp/2026/ENU/AutoCAD-Core/files/GUID-ADC0D08A-3E48-404A-B0B1-75E479182FF3.htm,no,,Indicates whether the clean screen state is on or off.
sysvar,CLIPROMPTLINES,,https://help.autodesk.com/cloudhelp/2026/ENU/AutoCAD-Core/files/GUID-8B14D930-2B19-497D-B61E-EFD95296221C.htm,no,,Sets how many temporary prompt lines for a single command are displayed above the command window.
sysvar,CLIPROMPTUPDATE,,https://help.autodesk.com/cloudhelp/2026/ENU/AutoCAD-Core/files/GUID-CBC7C354-C006-42FA-997D-A6603CA27FAD.htm,no,,Controls whether the command line displays the messages and prompts generated while an AutoLISP or script file is being executed.
sysvar,CLISTATE,,https://help.autodesk.com/cloudhelp/2026/ENU/AutoCAD-Core/files/GUID-F08EAB93-CDB8-4843-B501-1B85B4390074.htm,no,,Indicates whether the command line is open or closed.
sysvar,CMATERIAL,,https://help.autodesk.com/cloudhelp/2026/ENU/AutoCAD-Core/files/GUID-28B84E0C-4C55-442B-A09C-7B71682481F3.htm,parked,,out of scope under SD-05
sysvar,CMDACTIVE,,https://help.autodesk.com/cloudhelp/2026/ENU/AutoCAD-Core/files/GUID-18B2E090-6C94-4C24-A70A-F2D6BDD5569C.htm,no,,"Indicates whether an ordinary command, transparent command, script, or dialog box is active."
sysvar,CMDDIA,,https://help.autodesk.com/cloudhelp/2026/ENU/AutoCAD-Core/files/GUID-CFB4A601-A0BF-49F0-856B-EEE1543A7E03.htm,no,,"Controls the display of the In-Place Text Editor for the DIMEDIT and QLEADER commands, and the display of certain dialog boxes in AutoCAD-based products."
sysvar,CMDECHO,,https://help.autodesk.com/cloudhelp/2026/ENU/AutoCAD-Core/files/GUID-E7599129-5A3B-4121-A0C3-A625CA96E55B.htm,no,,Controls whether prompts and input are echoed during the AutoLISP command function.
sysvar,CMDINPUTHISTORYMAX,,https://help.autodesk.com/cloudhelp/2026/ENU/AutoCAD-Core/files/GUID-F3888541-C058-4C29-91C8-AB43261823BD.htm,no,,Sets the maximum number of previous input values that are stored for a prompt in a command.
sysvar,CMDNAMES,,https://help.autodesk.com/cloudhelp/2026/ENU/AutoCAD-Core/files/GUID-422CB04D-A597-472F-B13B-72498DB8ECA3.htm,no,,Displays the names of the active and transparent commands.
sysvar,CMFADECOLOR,,https://help.autodesk.com/cloudhelp/2026/ENU/AutoCAD-Core/files/GUID-D03CE30E-E28B-4C90-9F9C-4F8FA50401AE.htm,no,,Controls the amount of black blended on all attached coordination models.
sysvar,CMFADEOPACITY,,https://help.autodesk.com/cloudhelp/2026/ENU/AutoCAD-Core/files/GUID-33A5D12A-4E35-425E-9725-3387A8515111.htm,no,,Controls the amount of dimming through transparency for all attached coordination models.
sysvar,CMLEADERSTYLE,,https://help.autodesk.com/cloudhelp/2026/ENU/AutoCAD-Core/files/GUID-E9D5F495-4442-4F34-A23E-5811DF53E9EE.htm,no,,Sets the name of the current multileader style.
sysvar,CMLJUST,,https://help.autodesk.com/cloudhelp/2026/ENU/AutoCAD-Core/files/GUID-EC3FF124-EDA6-45A9-94EA-6122C6C42E0B.htm,no,,Specifies multiline justification.
sysvar,CMLSCALE,,https://help.autodesk.com/cloudhelp/2026/ENU/AutoCAD-Core/files/GUID-9E3E86FD-CBF7-4722-BED5-17B12709C6F4.htm,no,,Controls the overall width of a multiline.
sysvar,CMLSTYLE,,https://help.autodesk.com/cloudhelp/2026/ENU/AutoCAD-Core/files/GUID-601C82B8-D127-4885-940C-D21A82E94886.htm,no,,Sets the multiline style that governs the appearance of the multiline.
sysvar,CMOSNAP,,https://help.autodesk.com/cloudhelp/2026/ENU/AutoCAD-Core/files/GUID-02732412-4940-46C0-9840-30D17FD384BF.htm,no,,Determines whether object snapping is active for geometry in coordination models that are attached to the drawing.
sysvar,COLORTHEME,,https://help.autodesk.com/cloudhelp/2026/ENU/AutoCAD-Core/files/GUID-64D9B2CD-E6C6-423B-8AA9-A876CF9502C0.htm,no,,"Sets the color theme of the ribbon, palettes, and several other interface elements to dark or light."
sysvar,COMMANDMACROSSTATE,,https://help.autodesk.com/cloudhelp/2026/ENU/AutoCAD-Core/files/GUID-E66D6378-4751-4DAC-8DEE-3E0B658810B5.htm,no,,Indicates whether the Command Macros palette is open or closed.
sysvar,COMMANDPREVIEW,,https://help.autodesk.com/cloudhelp/2026/ENU/AutoCAD-Core/files/GUID-2B245436-029A-4E14-92C2-0ED4F4F1362E.htm,no,,Controls whether a preview of the possible outcome of certain commands is displayed.
sysvar,COMMENTHIGHLIGHT,,https://help.autodesk.com/cloudhelp/2026/ENU/AutoCAD-Core/files/GUID-1409E1EB-D265-4FD4-94FA-452E9B75CBF2.htm,no,,Controls the display of markup assist boundaries for comments attached to PDF markups.
sysvar,COMPARECOLOR1,,https://help.autodesk.com/cloudhelp/2026/ENU/AutoCAD-Core/files/GUID-EE825A2E-F54B-4653-9AE0-DDA7AD4A04CA.htm,no,,Sets the color of the objects that only exist in the first drawing in the comparison drawing.
sysvar,COMPARECOLOR2,,https://help.autodesk.com/cloudhelp/2026/ENU/AutoCAD-Core/files/GUID-C8F5443E-1D02-41A7-8948-0A3EA23CEFB4.htm,no,,Sets the color of the objects that only exist in the second drawing in the comparison result drawing.
sysvar,COMPARECOLORCOMMON,,https://help.autodesk.com/cloudhelp/2026/ENU/AutoCAD-Core/files/GUID-57BFAA05-BA15-4E17-976B-A40A96A31FBB.htm,no,,Sets the color of the objects that are identical in the two drawings being compared.
sysvar,COMPAREFRONT,,https://help.autodesk.com/cloudhelp/2026/ENU/AutoCAD-Core/files/GUID-A0F50F24-2D9F-4B18-897F-492A0C6F16F2.htm,no,,Controls the default display order of overlapping objects in the comparison drawing.
sysvar,COMPAREHATCH,,https://help.autodesk.com/cloudhelp/2026/ENU/AutoCAD-Core/files/GUID-BBB5E4A0-B607-4898-9A6B-A65C51551EE5.htm,no,,Controls whether hatch objects are included in the drawing comparison.
sysvar,COMPAREPROPS,,https://help.autodesk.com/cloudhelp/2026/ENU/AutoCAD-Core/files/GUID-FC52193A-3801-42D1-B5C3-873B192B36B2.htm,no,,Controls whether a change in an object's property is identified as a change between two drawings revisions.
sysvar,COMPARERCMARGIN,,https://help.autodesk.com/cloudhelp/2026/ENU/AutoCAD-Core/files/GUID-7A230058-048B-4EE6-949D-105AF6AC8E73.htm,no,,Specifies the offset distance between the boundary of a change set and the rectangle/polygonal revision cloud in the comparison drawing.
sysvar,COMPARERCSHAPE,,https://help.autodesk.com/cloudhelp/2026/ENU/AutoCAD-Core/files/GUID-D1560319-05D9-4556-876B-A59D9E1419B9.htm,no,,Controls whether nearby individual changes are merged as a single large rectangle or a series of smaller rectangles in the compare result drawing.
sysvar,COMPARESHOW1,,https://help.autodesk.com/cloudhelp/2026/ENU/AutoCAD-Core/files/GUID-6DCC6EB9-F301-4854-BAFD-B1E553C7BC63.htm,no,,Displays the objects that exist only in the first drawing.
sysvar,COMPARESHOW2,,https://help.autodesk.com/cloudhelp/2026/ENU/AutoCAD-Core/files/GUID-8E3C5248-A2AE-4C26-A8A3-FCC9E1A846EF.htm,no,,Displays the objects that exist only in the second drawing.
sysvar,COMPARESHOWCOMMON,,https://help.autodesk.com/cloudhelp/2026/ENU/AutoCAD-Core/files/GUID-07FE3435-EC0F-4473-AF79-5D1E5A7B9DAE.htm,no,,Displays the objects that are identical in both the drawings that are being compared.
sysvar,COMPARESHOWCONTEXT,,https://help.autodesk.com/cloudhelp/2026/ENU/AutoCAD-Core/files/GUID-C4B684AD-633B-4498-9402-172424D3A2A1.htm,no,,Controls the visibility of objects that are not used in the xref comparison.
sysvar,COMPARESHOWRC,,https://help.autodesk.com/cloudhelp/2026/ENU/AutoCAD-Core/files/GUID-2F394248-AE3F-41AD-A45D-7CCDC4EFE3D0.htm,no,,Controls the display of revision cloud around the differences (change set) in the comparison drawing.
sysvar,COMPARETEXT,,https://help.autodesk.com/cloudhelp/2026/ENU/AutoCAD-Core/files/GUID-1BE58261-FA5F-4914-BAC6-C1DF7E3D1E9C.htm,no,,Controls whether text objects are included in the drawing comparison.
sysvar,COMPARETOLERANCE,,https://help.autodesk.com/cloudhelp/2026/ENU/AutoCAD-Core/files/GUID-3131F7C8-7199-4EC5-9892-88C2D2A86F78.htm,no,,Specifies the tolerance used when comparing two drawing files. Objects are considered identical if they are below or equal to a specified decimal point value.
sysvar,COMPASS,,https://help.autodesk.com/cloudhelp/2026/ENU/AutoCAD-Core/files/GUID-5D0E105E-ECA0-4BF2-B0AD-492BA214CB85.htm,parked,,out of scope under SD-05
sysvar,COMPLEXLTPREVIEW,,https://help.autodesk.com/cloudhelp/2026/ENU/AutoCAD-Core/files/GUID-58DC9873-E9F7-43C6-A2A6-1F040B6280D2.htm,no,,Controls whether a preview of the complex linetype is displayed during interactive operations.
sysvar,CONSTRAINTBARDISPLAY,,https://help.autodesk.com/cloudhelp/2026/ENU/AutoCAD-Core/files/GUID-B9994A28-0C01-4364-A336-A1D1AD1AD886.htm,no,,"Controls the display of constraints bars for subsequently applied geometric constraints, and the display of hidden constraints for selected objects."
sysvar,CONSTRAINTBARMODE,,https://help.autodesk.com/cloudhelp/2026/ENU/AutoCAD-Core/files/GUID-6C6BEE02-35E8-4D0D-920E-E72B4E5BA2DD.htm,no,,Controls the display of geometric constraints on constraint bars.
sysvar,CONSTRAINTINFER,,https://help.autodesk.com/cloudhelp/2026/ENU/AutoCAD-Core/files/GUID-71EC58F4-BBAD-444E-AF4D-ABDF6B038141.htm,no,,Controls whether the geometric constraints are inferred while creating and editing geometry.
sysvar,CONSTRAINTNAMEFORMAT,,https://help.autodesk.com/cloudhelp/2026/ENU/AutoCAD-Core/files/GUID-DF4DF224-9C8F-436B-9CDD-B45F126F69FA.htm,no,,Controls the text format for dimensional constraints.
sysvar,CONSTRAINTSOLVEMODE,,https://help.autodesk.com/cloudhelp/2026/ENU/AutoCAD-Core/files/GUID-897F4D0C-3090-4DE4-8A47-76C803BCE682.htm,no,,Controls constraint behavior when applying or editing constraints.
sysvar,COORDS,,https://help.autodesk.com/cloudhelp/2026/ENU/AutoCAD-Core/files/GUID-91D3C93C-9C89-4397-B855-92AFD5228422.htm,no,,Controls whether the cursor position on the status bar is updated continuously or at specific times only. It also controls the format in which the coordinates are displayed.
sysvar,COPYMODE,,https://help.autodesk.com/cloudhelp/2026/ENU/AutoCAD-Core/files/GUID-BB3CED8E-4FA7-492A-8229-77A9021F67D7.htm,no,,Controls whether the COPY command repeats automatically.
sysvar,COUNTCHECK,,https://help.autodesk.com/cloudhelp/2026/ENU/AutoCAD-Core/files/GUID-115D0192-FD3A-4420-B52D-1E8351D115F5.htm,no,,Controls the types of errors to check in the count.
sysvar,COUNTCOLOR,,https://help.autodesk.com/cloudhelp/2026/ENU/AutoCAD-Core/files/GUID-4711DC76-B422-4618-A2FA-3AACE7A1F37D.htm,no,,Sets the highlighting color on objects in a count.
sysvar,COUNTERRORCOLOR,,https://help.autodesk.com/cloudhelp/2026/ENU/AutoCAD-Core/files/GUID-4A8A439A-6BDF-4DB1-A804-E265A65C81E1.htm,no,,Sets the highlighting color on objects that can cause potential errors in a count.
sysvar,COUNTERRORNUM,,https://help.autodesk.com/cloudhelp/2026/ENU/AutoCAD-Core/files/GUID-7900B554-FB77-4A84-9D4D-1D3D0CC37C19.htm,no,,Displays the number errors in the current count.
sysvar,COUNTNUMBER,,https://help.autodesk.com/cloudhelp/2026/ENU/AutoCAD-Core/files/GUID-74B02A60-8EA0-4B49-ACA0-71EB1EF692D2.htm,no,,Displays the number of the current count.
sysvar,COUNTPALETTESTATE,,https://help.autodesk.com/cloudhelp/2026/ENU/AutoCAD-Core/files/GUID-AE8057DA-6293-4948-88D1-16DF9B09FC2A.htm,no,,Reports whether the Count palette is open or closed.
sysvar,COUNTSERVICE,,https://help.autodesk.com/cloudhelp/2026/ENU/AutoCAD-Core/files/GUID-273E2620-8D3C-4C9C-91E9-4FE4E081FB55.htm,no,,Controls the background indexing of the count.
sysvar,CPLOTSTYLE,,https://help.autodesk.com/cloudhelp/2026/ENU/AutoCAD-Core/files/GUID-7CBC3F05-F15B-4BF1-84A7-16CE634BF6B6.htm,no,,Controls the current plot style for new objects.
sysvar,CPROFILE,,https://help.autodesk.com/cloudhelp/2026/ENU/AutoCAD-Core/files/GUID-07A23914-0704-4C4F-B484-1BB6C965BAA3.htm,no,,Displays the name of the current profile.
sysvar,CROSSINGAREACOLOR,,https://help.autodesk.com/cloudhelp/2026/ENU/AutoCAD-Core/files/GUID-64DE9794-60FC-45E6-B117-F32BB4EADC94.htm,no,,Controls the color of the selection area during crossing selection.
sysvar,CTAB,,https://help.autodesk.com/cloudhelp/2026/ENU/AutoCAD-Core/files/GUID-20529853-0C88-4417-8D8C-9783E9789BBC.htm,no,,Determines whether the drawing area displays the Model tab or a specified layout tab.
sysvar,CTABLESTYLE,,https://help.autodesk.com/cloudhelp/2026/ENU/AutoCAD-Core/files/GUID-674CB618-DEFC-42BB-8125-0508A331B94D.htm,no,,Sets the name of the current table style.
sysvar,CULLINGOBJ,,https://help.autodesk.com/cloudhelp/2026/ENU/AutoCAD-Core/files/GUID-590C8657-F0DE-4014-B921-FFCFF8C389DE.htm,parked,,out of scope under SD-05
sysvar,CULLINGOBJSELECTION,,https://help.autodesk.com/cloudhelp/2026/ENU/AutoCAD-Core/files/GUID-3B35DE27-EC50-4290-ACF8-ABC5FB25EBBC.htm,parked,,out of scope under SD-05
sysvar,CURSORBADGE,,https://help.autodesk.com/cloudhelp/2026/ENU/AutoCAD-Core/files/GUID-61152026-7B55-42F1-80F6-4EF228EA0BA7.htm,no,,Determines whether certain cursor badges are displayed in the drawing area.
sysvar,CURSORSIZE,,https://help.autodesk.com/cloudhelp/2026/ENU/AutoCAD-Core/files/GUID-06BFA068-F97A-453F-8403-75AA778E7C35.htm,no,,Determines the size of the crosshairs as a percentage of the screen size.
sysvar,CURSORTYPE,,https://help.autodesk.com/cloudhelp/2026/ENU/AutoCAD-Core/files/GUID-17BAD632-92A4-4CCC-AF91-71ADB8C51FFD.htm,no,,Determines the cursor displayed by your pointing device.
sysvar,CVIEWDETAILSTYLE,,https://help.autodesk.com/cloudhelp/2026/ENU/AutoCAD-Core/files/GUID-A4691398-49AD-4CBF-A37E-3893F748775F.htm,no,,"Sets the name of the current detail view style. The current detail view style controls the appearance of all new model documentation detail views, detail boundaries and leader lines you create."
sysvar,CVIEWSECTIONSTYLE,,https://help.autodesk.com/cloudhelp/2026/ENU/AutoCAD-Core/files/GUID-141E01E9-EC99-4550-83D4-41D5830D9B50.htm,no,,Sets the name of the current section view style. The current section view style controls the appearance of all new model documentation section views and section lines you create.
sysvar,CVPORT,,https://help.autodesk.com/cloudhelp/2026/ENU/AutoCAD-Core/files/GUID-5FAAE9D9-31BB-4C8A-BA84-808610B59EB9.htm,no,,Displays the identification number of the current viewport.
sysvar,DATALINKNOTIFY,,https://help.autodesk.com/cloudhelp/2026/ENU/AutoCAD-Core/files/GUID-DF138807-A321-4609-91A6-72DDDD10EF43.htm,no,,Controls the notification for updated or missing data links.
sysvar,DATE,,https://help.autodesk.com/cloudhelp/2026/ENU/AutoCAD-Core/files/GUID-CBB24068-1654-4753-BE2E-1D0CE9700411.htm,no,,Stores the current date and time in Modified Julian Date format.
sysvar,DBCSTATE,,https://help.autodesk.com/cloudhelp/2026/ENU/AutoCAD-Core/files/GUID-D768F760-93D2-4422-81E2-E7A3A7AC70C2.htm,no,,Indicates whether the dbConnect Manager is open or closed.
sysvar,DBLCLKEDIT,,https://help.autodesk.com/cloudhelp/2026/ENU/AutoCAD-Core/files/GUID-0A1763AF-D682-4776-99BA-E64BC2B0D286.htm,no,,Controls the double click editing behavior in the drawing area.
sysvar,DBMOD,,https://help.autodesk.com/cloudhelp/2026/ENU/AutoCAD-Core/files/GUID-E255E808-2D48-4BDE-A760-FFEA28E5A86F.htm,no,,Indicates the drawing modification status.
sysvar,DCTCUST,,https://help.autodesk.com/cloudhelp/2026/ENU/AutoCAD-Core/files/GUID-68D78C7A-4C80-4932-A014-B1D6A4FB4FF6.htm,no,,Displays the path and file name of the current custom spelling dictionary.
sysvar,DCTMAIN,,https://help.autodesk.com/cloudhelp/2026/ENU/AutoCAD-Core/files/GUID-E16B1AF6-1907-43AA-B295-40071E3469E2.htm,no,,Displays the three letter keyword for the current main spelling dictionary.
sysvar,DEFAULTGIZMO,,https://help.autodesk.com/cloudhelp/2026/ENU/AutoCAD-Core/files/GUID-C80894A1-5A23-4CAF-83B1-435C3A5D290F.htm,parked,,out of scope under SD-05
sysvar,DEFAULTLIGHTING,,https://help.autodesk.com/cloudhelp/2026/ENU/AutoCAD-Core/files/GUID-C1503769-205F-4D58-99A9-5FE7FE3BD8BC.htm,no,,Turns on and off default lighting in place of other lighting.
sysvar,DEFAULTLIGHTINGTYPE,,https://help.autodesk.com/cloudhelp/2026/ENU/AutoCAD-Core/files/GUID-A3815F4D-2097-4BC5-B026-AB4AF6526088.htm,no,,"Specifies the type of default lighting, old or new."
sysvar,DEFLPLSTYLE,,https://help.autodesk.com/cloudhelp/2026/ENU/AutoCAD-Core/files/GUID-ED42103C-2A6F-4098-A489-D3EB303F17C5.htm,no,,"Specifies the default plot style for all layers in a drawing when opening a drawing that was created in a release prior to AutoCAD 2000, or for Layer 0 when creating a new drawing from scratch without using a drawing template."
sysvar,DEFPLSTYLE,,https://help.autodesk.com/cloudhelp/2026/ENU/AutoCAD-Core/files/GUID-CAEBD2CD-DA0D-4C91-AB53-BCBFF7FA3D22.htm,no,,"Specifies the default plot style for new objects in a drawing when opening a drawing that was created in a release prior to AutoCAD 2000, or when creating a new drawing from scratch without using a drawing template."
sysvar,DELOBJ,,https://help.autodesk.com/cloudhelp/2026/ENU/AutoCAD-Core/files/GUID-CB64587F-611E-441E-AB07-14B415BF535F.htm,no,,Controls whether geometry used to create other objects is retained or deleted.
sysvar,DEMANDLOAD,,https://help.autodesk.com/cloudhelp/2026/ENU/AutoCAD-Core/files/GUID-D83F2DEA-CB76-4B3C-99A4-88D4904DB3E5.htm,no,,Specifies if and when to demand-load certain applications.
sysvar,DGNFRAME,,https://help.autodesk.com/cloudhelp/2026/ENU/AutoCAD-Core/files/GUID-A311139A-E89C-4F44-B6E9-C41A25E54CB5.htm,no,,Determines whether DGN underlay frames are visible or plotted in the current drawing.
sysvar,DGNIMPORTMAX,,https://help.autodesk.com/cloudhelp/2026/ENU/AutoCAD-Core/files/GUID-41C26D69-E74B-4920-9814-C734E96D7838.htm,no,,Sets the maximum number of elements that are translated when importing a DGN file.
sysvar,DGNIMPORTMODE,,https://help.autodesk.com/cloudhelp/2026/ENU/AutoCAD-Core/files/GUID-6BC7D42E-8073-409F-8544-FA709593EC3C.htm,no,,Controls the default behavior of the DGNIMPORT command.
sysvar,DGNMAPPINGPATH,,https://help.autodesk.com/cloudhelp/2026/ENU/AutoCAD-Core/files/GUID-256656FF-5248-4DEB-806F-BDCAB78A188F.htm,no,,Specifies the location of the dgnsetups.ini file where DGN mapping setups are stored.
sysvar,DGNOSNAP,,https://help.autodesk.com/cloudhelp/2026/ENU/AutoCAD-Core/files/GUID-9C2BF2F7-D0BF-4188-828D-9683B1AB38A3.htm,no,,Determines whether object snapping is active for geometry in DGN underlays that are attached to the drawing.
sysvar,DIASTAT,,https://help.autodesk.com/cloudhelp/2026/ENU/AutoCAD-Core/files/GUID-1E85A76A-9E15-425B-B912-BDCE22C3D164.htm,no,,Stores the exit method of the most recently used dialog box.
sysvar,DIGITIZER,,https://help.autodesk.com/cloudhelp/2026/ENU/AutoCAD-Core/files/GUID-C8151C05-2D3D-4FA7-902F-9E7582CFBBAA.htm,no,,Identifies digitizers connected to the system.
sysvar,DIMADEC,,https://help.autodesk.com/cloudhelp/2026/ENU/AutoCAD-Core/files/GUID-E5C2F9AA-5017-4111-A485-E0456225D691.htm,no,,Controls the number of precision places displayed in angular dimensions.
sysvar,DIMALT,,https://help.autodesk.com/cloudhelp/2026/ENU/AutoCAD-Core/files/GUID-D3B737AB-53B7-431E-A794-746DD2EB6209.htm,no,,Controls the display of alternate units in dimensions.
sysvar,DIMALTD,,https://help.autodesk.com/cloudhelp/2026/ENU/AutoCAD-Core/files/GUID-DE3D35C1-C4AB-4A11-9F3A-6E5CF6EE9160.htm,no,,Controls the number of decimal places in alternate units.
sysvar,DIMALTF,,https://help.autodesk.com/cloudhelp/2026/ENU/AutoCAD-Core/files/GUID-4BB25870-8BFF-478D-8C04-88457311AAF2.htm,no,,Controls the multiplier for alternate units.
sysvar,DIMALTRND,,https://help.autodesk.com/cloudhelp/2026/ENU/AutoCAD-Core/files/GUID-B67093DA-6B0D-4E32-8A33-6298A770CAAF.htm,no,,Rounds off the alternate dimension units.
sysvar,DIMALTTD,,https://help.autodesk.com/cloudhelp/2026/ENU/AutoCAD-Core/files/GUID-4C0568B5-2655-4906-8BAC-3CA273007825.htm,no,,Sets the number of decimal places for the tolerance values in the alternate units of a dimension.
sysvar,DIMALTTZ,,https://help.autodesk.com/cloudhelp/2026/ENU/AutoCAD-Core/files/GUID-846F1DD5-C6B0-4088-BD5D-51D5E62345E2.htm,no,,Controls suppression of zeros in tolerance values.
sysvar,DIMALTU,,https://help.autodesk.com/cloudhelp/2026/ENU/AutoCAD-Core/files/GUID-3A2EA9D7-30C7-4C89-A09F-DD2AB74B9D13.htm,no,,Sets the units format for alternate units of all dimension substyles except Angular.
sysvar,DIMALTZ,,https://help.autodesk.com/cloudhelp/2026/ENU/AutoCAD-Core/files/GUID-4EAEEC60-4A34-4C5E-BFA4-AEFA8EEB4FB6.htm,no,,Controls the suppression of zeros for alternate unit dimension values.
sysvar,DIMANNO,,https://help.autodesk.com/cloudhelp/2026/ENU/AutoCAD-Core/files/GUID-CAFC7569-18A5-4D13-92AC-6434038F052F.htm,no,,Indicates whether or not the current dimension style is annotative.
sysvar,DIMAPOST,,https://help.autodesk.com/cloudhelp/2026/ENU/AutoCAD-Core/files/GUID-AEA9448D-CC01-404B-AFA0-055B9C2F21EE.htm,no,,Specifies a text prefix or suffix (or both) to the alternate dimension measurement for all types of dimensions except angular.
sysvar,DIMARCSYM,,https://help.autodesk.com/cloudhelp/2026/ENU/AutoCAD-Core/files/GUID-1B843AB0-7976-4DD9-9464-6B0A71A34D81.htm,no,,Controls display of the arc symbol in an arc length dimension.
sysvar,DIMASSOC,,https://help.autodesk.com/cloudhelp/2026/ENU/AutoCAD-Core/files/GUID-D77085A3-6E4C-4C18-AD70-21F54ED72492.htm,no,,Controls the associativity of dimension objects and whether dimensions are exploded.
sysvar,DIMASZ,,https://help.autodesk.com/cloudhelp/2026/ENU/AutoCAD-Core/files/GUID-43E31690-BA17-4AD6-82D1-E7809BD1298A.htm,no,,Controls the size of dimension line and leader line arrowheads. Also controls the size of hook lines.
sysvar,DIMATFIT,,https://help.autodesk.com/cloudhelp/2026/ENU/AutoCAD-Core/files/GUID-2F8FA7E7-C79F-40EA-A416-C4B02D09F310.htm,no,,Determines how dimension text and arrows are arranged when space is not sufficient to place both within the extension lines.
sysvar,DIMAUNIT,,https://help.autodesk.com/cloudhelp/2026/ENU/AutoCAD-Core/files/GUID-30F44A49-4250-42D1-AEF2-5E2914ADB02B.htm,no,,Sets the units format for angular dimensions.
sysvar,DIMAZIN,,https://help.autodesk.com/cloudhelp/2026/ENU/AutoCAD-Core/files/GUID-69E9BFD3-06A4-468D-88F0-7C9741407194.htm,no,,Suppresses zeros for angular dimensions.
sysvar,DIMBLK,,https://help.autodesk.com/cloudhelp/2026/ENU/AutoCAD-Core/files/GUID-6E09DCCA-313F-4FF4-BB1B-F41B512B9CC9.htm,no,,Sets the arrowhead block displayed at the ends of dimension lines.
sysvar,DIMBLK1,,https://help.autodesk.com/cloudhelp/2026/ENU/AutoCAD-Core/files/GUID-9DCC9697-9B2C-4EF7-9728-FE047DE760B3.htm,no,,Sets the arrowhead for the first end of the dimension line when DIMSAH is on.
sysvar,DIMBLK2,,https://help.autodesk.com/cloudhelp/2026/ENU/AutoCAD-Core/files/GUID-E81E370B-55A6-49C5-A280-5F54EAF8308B.htm,no,,Sets the arrowhead for the second end of the dimension line when DIMSAH is on.
sysvar,DIMCEN,,https://help.autodesk.com/cloudhelp/2026/ENU/AutoCAD-Core/files/GUID-19D6EC14-F800-48FC-B459-28E5E7F81DBB.htm,no,,"Controls drawing of circle or arc center marks and centerlines by the DIMCENTER, DIMDIAMETER, and DIMRADIUS commands."
sysvar,DIMCLRD,,https://help.autodesk.com/cloudhelp/2026/ENU/AutoCAD-Core/files/GUID-D229D47D-CFF5-461B-BB6F-96A6077D8A81.htm,no,,"Assigns colors to dimension lines, arrowheads, and dimension leader lines."
sysvar,DIMCLRE,,https://help.autodesk.com/cloudhelp/2026/ENU/AutoCAD-Core/files/GUID-9A0E97A2-79E8-49BD-8BE6-88BD802452B0.htm,no,,"Assigns colors to extension lines, center marks, and centerlines."
sysvar,DIMCLRT,,https://help.autodesk.com/cloudhelp/2026/ENU/AutoCAD-Core/files/GUID-58388D9A-F3E9-442D-8739-816BDE1DD07E.htm,no,,Assigns colors to dimension text.
sysvar,DIMCONSTRAINTICON,,https://help.autodesk.com/cloudhelp/2026/ENU/AutoCAD-Core/files/GUID-7CB0F797-4469-48B9-910E-62CEE723411B.htm,no,,Controls the display of the lock icon for dimensional constraints.
sysvar,DIMCONTINUEMODE,,https://help.autodesk.com/cloudhelp/2026/ENU/AutoCAD-Core/files/GUID-2424CA1C-B005-449B-A61A-C4F2D38C4E66.htm,no,,Determines whether the dimension style and layer of a continued or baseline dimension is inherited from the dimension that is being continued.
sysvar,DIMDEC,,https://help.autodesk.com/cloudhelp/2026/ENU/AutoCAD-Core/files/GUID-8F311450-A848-4682-81A5-D0EC6E3499C9.htm,no,,Sets the number of decimal places displayed for the primary units of a dimension.
sysvar,DIMDLE,,https://help.autodesk.com/cloudhelp/2026/ENU/AutoCAD-Core/files/GUID-C66183C7-D872-41F2-8815-D7479F2A87F6.htm,no,,Sets the distance the dimension line extends beyond the extension line when oblique strokes are drawn instead of arrowheads.
sysvar,DIMDLI,,https://help.autodesk.com/cloudhelp/2026/ENU/AutoCAD-Core/files/GUID-D2D1AF3D-004B-4C47-BABE-22B7327EE128.htm,no,,Controls the spacing of the dimension lines in baseline dimensions.
sysvar,DIMDSEP,,https://help.autodesk.com/cloudhelp/2026/ENU/AutoCAD-Core/files/GUID-0CDD6AA6-CDD8-4C9D-A270-A3DA00DCE63E.htm,no,,Specifies a single-character decimal separator to use when creating dimensions whose unit format is decimal.
sysvar,DIMEXE,,https://help.autodesk.com/cloudhelp/2026/ENU/AutoCAD-Core/files/GUID-508D4589-3C3E-4B5E-BA2C-539809197A71.htm,no,,Specifies how far to extend the extension line beyond the dimension line.
sysvar,DIMEXO,,https://help.autodesk.com/cloudhelp/2026/ENU/AutoCAD-Core/files/GUID-5CF50ABD-1F77-4609-BEB5-A129BF7DD746.htm,no,,Specifies how far extension lines are offset from origin points.
sysvar,DIMFRAC,,https://help.autodesk.com/cloudhelp/2026/ENU/AutoCAD-Core/files/GUID-6A35A398-ED55-4EC3-88F2-23F6FBADF1BE.htm,no,,Sets the fraction format when DIMLUNIT is set to 4 (Architectural) or 5 (Fractional).
sysvar,DIMFXL,,https://help.autodesk.com/cloudhelp/2026/ENU/AutoCAD-Core/files/GUID-CC0F54D4-688B-4A14-9926-9840BCB30FCA.htm,no,,Sets the total length of the extension lines starting from the dimension line toward the dimension origin.
sysvar,DIMFXLON,,https://help.autodesk.com/cloudhelp/2026/ENU/AutoCAD-Core/files/GUID-D0E2EA4A-4CA2-4286-9439-55A19726C166.htm,no,,Controls whether extension lines are set to a fixed length.
sysvar,DIMGAP,,https://help.autodesk.com/cloudhelp/2026/ENU/AutoCAD-Core/files/GUID-EB367187-A5D6-404A-8121-A6D1D25B626A.htm,no,,Sets the distance around the dimension text when the dimension line breaks to accommodate dimension text.
sysvar,DIMJOGANG,,https://help.autodesk.com/cloudhelp/2026/ENU/AutoCAD-Core/files/GUID-9C23D722-0792-4585-A40A-B8E3A191999A.htm,no,,Determines the angle of the transverse segment of the dimension line in a jogged radius dimension.
sysvar,DIMJUST,,https://help.autodesk.com/cloudhelp/2026/ENU/AutoCAD-Core/files/GUID-C67348A9-2260-4135-A7FF-FE0B45211CB0.htm,no,,Controls the horizontal positioning of dimension text.
sysvar,DIMLAYER,,https://help.autodesk.com/cloudhelp/2026/ENU/AutoCAD-Core/files/GUID-88E56602-EADC-4C68-93B4-93E7623BEB6B.htm,no,,Specifies a default layer for new dimensions.
sysvar,DIMLDRBLK,,https://help.autodesk.com/cloudhelp/2026/ENU/AutoCAD-Core/files/GUID-B4374832-C2B4-4555-900C-693625AC58DE.htm,no,,Specifies the arrow type for leaders.
sysvar,DIMLFAC,,https://help.autodesk.com/cloudhelp/2026/ENU/AutoCAD-Core/files/GUID-B6063785-B199-4A9A-8BD7-2108EB0AB7ED.htm,no,,Sets a scale factor for linear dimension measurements.
sysvar,DIMLIM,,https://help.autodesk.com/cloudhelp/2026/ENU/AutoCAD-Core/files/GUID-271D1152-D76D-4FD1-B91B-50F8671012A4.htm,no,,Generates dimension limits as the default text.
sysvar,DIMLTEX1,,https://help.autodesk.com/cloudhelp/2026/ENU/AutoCAD-Core/files/GUID-535BAECA-312A-4841-A064-4FDB3469AAD0.htm,no,,Sets the linetype of the first extension line.
sysvar,DIMLTEX2,,https://help.autodesk.com/cloudhelp/2026/ENU/AutoCAD-Core/files/GUID-E2101E66-6741-40BF-B62D-E8201F51BA7F.htm,no,,Sets the linetype of the second extension line.
sysvar,DIMLTYPE,,https://help.autodesk.com/cloudhelp/2026/ENU/AutoCAD-Core/files/GUID-08054AEC-6DB4-4E69-B992-C6D8FC0021EC.htm,no,,Sets the linetype of the dimension line.
sysvar,DIMLUNIT,,https://help.autodesk.com/cloudhelp/2026/ENU/AutoCAD-Core/files/GUID-2ECDF7CF-6EEA-4174-B50C-8630D5002C20.htm,no,,Sets units for all dimension types except Angular.
sysvar,DIMLWD,,https://help.autodesk.com/cloudhelp/2026/ENU/AutoCAD-Core/files/GUID-8EE72FFB-3EE7-4F10-83EC-45565F1CBCCE.htm,no,,Assigns lineweight to dimension lines.
sysvar,DIMLWE,,https://help.autodesk.com/cloudhelp/2026/ENU/AutoCAD-Core/files/GUID-21DF5F82-4F3A-4F93-8FD6-89A942799468.htm,no,,Assigns lineweight to extension lines.
sysvar,DIMPICKBOX,,https://help.autodesk.com/cloudhelp/2026/ENU/AutoCAD-Core/files/GUID-E5C8EBE2-6B96-46C8-9D24-23A713A1E6B0.htm,no,,"Sets the object selection target height, in pixels, within the DIM command."
sysvar,DIMPOST,,https://help.autodesk.com/cloudhelp/2026/ENU/AutoCAD-Core/files/GUID-79CCF9B1-BE33-4158-891C-50E4BF795D8E.htm,no,,Specifies a text prefix or suffix (or both) to the dimension measurement.
sysvar,DIMRND,,https://help.autodesk.com/cloudhelp/2026/ENU/AutoCAD-Core/files/GUID-215CF615-1AA7-45E5-9D0F-CF9693ABCCB9.htm,no,,Rounds all dimensioning distances to the specified value.
sysvar,DIMSAH,,https://help.autodesk.com/cloudhelp/2026/ENU/AutoCAD-Core/files/GUID-1B912FA4-3D88-42BC-93B4-D329DB5DBF1F.htm,no,,Controls the display of dimension line arrowhead blocks.
sysvar,DIMSCALE,,https://help.autodesk.com/cloudhelp/2026/ENU/AutoCAD-Core/files/GUID-AEA309F0-B831-4432-8085-FB6CD49CDC78.htm,no,,"Sets the overall scale factor applied to dimensioning variables that specify sizes, distances, or offsets."
sysvar,DIMSD1,,https://help.autodesk.com/cloudhelp/2026/ENU/AutoCAD-Core/files/GUID-B476440D-0BCB-4691-81BA-1B0DC945BE99.htm,no,,Controls suppression of the first dimension line and arrowhead.
sysvar,DIMSD2,,https://help.autodesk.com/cloudhelp/2026/ENU/AutoCAD-Core/files/GUID-B55002A4-AF9F-41D0-A8B4-EDB8BB078662.htm,no,,Controls suppression of the second dimension line and arrowhead.
sysvar,DIMSE1,,https://help.autodesk.com/cloudhelp/2026/ENU/AutoCAD-Core/files/GUID-491A0E6F-0387-4169-BCB9-40F2432C0B99.htm,no,,Suppresses display of the first extension line.
sysvar,DIMSE2,,https://help.autodesk.com/cloudhelp/2026/ENU/AutoCAD-Core/files/GUID-A2711B05-7F7E-472C-B53E-03B1F168FFEB.htm,no,,Suppresses display of the second extension line.
sysvar,DIMSOXD,,https://help.autodesk.com/cloudhelp/2026/ENU/AutoCAD-Core/files/GUID-79F0441D-60E2-49AE-80F1-093A5BB588E2.htm,no,,Suppresses arrowheads if not enough space is available inside the extension lines.
sysvar,DIMSTYLE,,https://help.autodesk.com/cloudhelp/2026/ENU/AutoCAD-Core/files/GUID-98D575CA-C7FE-4442-83F3-C2BFD7D9A112.htm,no,,Displays the unit type (imperial/standard or ISO-25/metric) used by dimensions in the drawing.
sysvar,DIMTAD,,https://help.autodesk.com/cloudhelp/2026/ENU/AutoCAD-Core/files/GUID-60D1241D-CEA7-4493-BD6A-4EF433F3C946.htm,no,,Controls the vertical position of text in relation to the dimension line.
sysvar,DIMTDEC,,https://help.autodesk.com/cloudhelp/2026/ENU/AutoCAD-Core/files/GUID-49EAC810-F707-464B-852D-F0B8D5BC3588.htm,no,,Sets the number of decimal places to display in tolerance values for the primary units in a dimension.
sysvar,DIMTFAC,,https://help.autodesk.com/cloudhelp/2026/ENU/AutoCAD-Core/files/GUID-0D3CBEEB-CF89-4979-BE42-A123357188DE.htm,no,,"Specifies a scale factor for the text height of fractions and tolerance values relative to the dimension text height, as set by DIMTXT."
sysvar,DIMTFILL,,https://help.autodesk.com/cloudhelp/2026/ENU/AutoCAD-Core/files/GUID-4E38E29F-DE85-4791-A2E7-4DC22842B1B4.htm,no,,Controls the background of dimension text.
sysvar,DIMTFILLCLR,,https://help.autodesk.com/cloudhelp/2026/ENU/AutoCAD-Core/files/GUID-FF6E5A28-35F0-4998-BC72-9EFD4EACCE18.htm,no,,Sets the color for the text background in dimensions.
sysvar,DIMTIH,,https://help.autodesk.com/cloudhelp/2026/ENU/AutoCAD-Core/files/GUID-60CFA531-80FD-45EF-B529-F4FAF5C758B3.htm,no,,Controls the position of dimension text inside the extension lines for all dimension types except Ordinate.
sysvar,DIMTIX,,https://help.autodesk.com/cloudhelp/2026/ENU/AutoCAD-Core/files/GUID-A553FB59-8741-4500-A7ED-15B02A1F3470.htm,no,,Draws text between extension lines.
sysvar,DIMTM,,https://help.autodesk.com/cloudhelp/2026/ENU/AutoCAD-Core/files/GUID-E2AAD7FB-C563-42A8-B7B4-3A3EC8AA8C68.htm,no,,Sets the minimum (or lower) tolerance limit for dimension text when DIMTOL or DIMLIM is on.
sysvar,DIMTMOVE,,https://help.autodesk.com/cloudhelp/2026/ENU/AutoCAD-Core/files/GUID-10475059-6A2E-40B2-AF30-E92F104E9C03.htm,no,,Sets dimension text movement rules.
sysvar,DIMTOFL,,https://help.autodesk.com/cloudhelp/2026/ENU/AutoCAD-Core/files/GUID-40D7439D-C805-4373-879A-E19ACE97FE54.htm,no,,Controls whether a dimension line is drawn between the extension lines even when the text is placed outside.
sysvar,DIMTOH,,https://help.autodesk.com/cloudhelp/2026/ENU/AutoCAD-Core/files/GUID-71B03AC9-ADC1-4859-A9CD-85247BACABBE.htm,no,,Controls the position of dimension text outside the extension lines.
sysvar,DIMTOL,,https://help.autodesk.com/cloudhelp/2026/ENU/AutoCAD-Core/files/GUID-1FA5DC50-8D40-49A5-9A79-08A4E01D6178.htm,no,,Appends tolerances to dimension text.
sysvar,DIMTOLJ,,https://help.autodesk.com/cloudhelp/2026/ENU/AutoCAD-Core/files/GUID-CF5FAF97-2718-4253-8B4C-9D6D7EB75C59.htm,no,,Sets the vertical justification for tolerance values relative to the nominal dimension text.
sysvar,DIMTP,,https://help.autodesk.com/cloudhelp/2026/ENU/AutoCAD-Core/files/GUID-635300D6-9738-44C4-A0B6-176F194533B3.htm,no,,Sets the maximum (or upper) tolerance limit for dimension text when DIMTOL or DIMLIM is on.
sysvar,DIMTSZ,,https://help.autodesk.com/cloudhelp/2026/ENU/AutoCAD-Core/files/GUID-D225D167-A66B-4617-BC59-C1385069D152.htm,no,,"Specifies the size of oblique strokes drawn instead of arrowheads for linear, radius, and diameter dimensioning."
sysvar,DIMTVP,,https://help.autodesk.com/cloudhelp/2026/ENU/AutoCAD-Core/files/GUID-248E5BFA-F355-4369-A889-291D77070B26.htm,no,,Controls the vertical position of dimension text above or below the dimension line.
sysvar,DIMTXSTY,,https://help.autodesk.com/cloudhelp/2026/ENU/AutoCAD-Core/files/GUID-2B91DF02-DF27-447D-A395-054814B1F305.htm,no,,Specifies the text style of the dimension.
sysvar,DIMTXT,,https://help.autodesk.com/cloudhelp/2026/ENU/AutoCAD-Core/files/GUID-A17A69D7-25EF-4F57-B4EB-D53A56AB909C.htm,no,,"Specifies the height of dimension text, unless the current text style has a fixed height."
sysvar,DIMTXTDIRECTION,,https://help.autodesk.com/cloudhelp/2026/ENU/AutoCAD-Core/files/GUID-06B9BE91-A2E9-45CB-9B3D-7D5BDD238F5B.htm,no,,Specifies the reading direction of the dimension text.
sysvar,DIMTXTRULER,,https://help.autodesk.com/cloudhelp/2026/ENU/AutoCAD-Core/files/GUID-985FDB67-F6AD-448F-9B48-08FD3D093C8B.htm,no,,Controls the display of the ruler when editing a dimension text.
sysvar,DIMTZIN,,https://help.autodesk.com/cloudhelp/2026/ENU/AutoCAD-Core/files/GUID-944FA6CB-1394-4523-9620-6B1350F0C40E.htm,no,,Controls the suppression of zeros in tolerance values.
sysvar,DIMUPT,,https://help.autodesk.com/cloudhelp/2026/ENU/AutoCAD-Core/files/GUID-4B271261-0596-48DE-BA45-0AB0C7379FA4.htm,no,,Controls options for user-positioned text.
sysvar,DIMZIN,,https://help.autodesk.com/cloudhelp/2026/ENU/AutoCAD-Core/files/GUID-A1860981-FE1C-4947-927B-7CD6B8CEF8EE.htm,no,,Controls the suppression of zeros in the primary unit value.
sysvar,DISPSILH,,https://help.autodesk.com/cloudhelp/2026/ENU/AutoCAD-Core/files/GUID-AFD89831-0DE8-4398-8774-0C3F8DB0D228.htm,no,,Controls display of silhouette edges of 3D solid and surface objects in the Wireframe or 2D Wireframe visual styles.
sysvar,DISPSILHBLOCKS,,https://help.autodesk.com/cloudhelp/2026/ENU/AutoCAD-Core/files/GUID-9E293ED4-1C00-4EF1-BD1D-338D2FEEC01B.htm,no,,Controls the display of 3D solid silhouettes in blocks in the 2D Wireframe visual style.
sysvar,DISTANCE,,https://help.autodesk.com/cloudhelp/2026/ENU/AutoCAD-Core/files/GUID-F55E2C37-515A-4560-B3BC-C2EE09A7F60D.htm,no,,Stores the distance computed by the DIST command.
sysvar,DIVMESHBOXHEIGHT,,https://help.autodesk.com/cloudhelp/2026/ENU/AutoCAD-Core/files/GUID-849A6E04-CA82-43E7-B54C-2D2ECFE6EA6B.htm,no,,Sets the number of subdivisions for the height of a mesh box along the Z axis.
sysvar,DIVMESHBOXLENGTH,,https://help.autodesk.com/cloudhelp/2026/ENU/AutoCAD-Core/files/GUID-9984F329-8A90-44F0-A7E9-94C888E892E0.htm,no,,Sets the number of subdivisions for the length of a mesh box along the X axis.
sysvar,DIVMESHBOXWIDTH,,https://help.autodesk.com/cloudhelp/2026/ENU/AutoCAD-Core/files/GUID-238AECE7-5A2D-48A1-9B06-998FDA45DA0F.htm,no,,Sets the number of subdivisions for the width of a mesh box along the Y axis.
sysvar,DIVMESHCONEAXIS,,https://help.autodesk.com/cloudhelp/2026/ENU/AutoCAD-Core/files/GUID-FAEDC53C-13ED-4524-990F-844AAAF2E981.htm,no,,Sets the number of subdivisions around the perimeter of the mesh cone base.
sysvar,DIVMESHCONEBASE,,https://help.autodesk.com/cloudhelp/2026/ENU/AutoCAD-Core/files/GUID-55066131-D355-443E-AFDD-8804588F89A3.htm,no,,Sets the number of subdivisions between the perimeter and the center point of the mesh cone base.
sysvar,DIVMESHCONEHEIGHT,,https://help.autodesk.com/cloudhelp/2026/ENU/AutoCAD-Core/files/GUID-189C8C70-D652-46F5-B366-BAEE69FD5C27.htm,no,,Sets the number of subdivisions between the base and the point or top of the mesh cone.
sysvar,DIVMESHCYLAXIS,,https://help.autodesk.com/cloudhelp/2026/ENU/AutoCAD-Core/files/GUID-2752144D-579F-4B33-B6A1-CDCE49E9A626.htm,no,,Sets the number of subdivisions around the perimeter of the mesh cylinder base.
sysvar,DIVMESHCYLBASE,,https://help.autodesk.com/cloudhelp/2026/ENU/AutoCAD-Core/files/GUID-D3643D94-F3CA-4A57-B08C-C4037089A518.htm,no,,Sets the number of radial subdivisions from the center of the mesh cylinder base to its perimeter.
sysvar,DIVMESHCYLHEIGHT,,https://help.autodesk.com/cloudhelp/2026/ENU/AutoCAD-Core/files/GUID-4CDA31C3-8D16-44A1-8DAE-4C0523D441A2.htm,no,,Sets the number of subdivisions between the base and the top of the mesh cylinder.
sysvar,DIVMESHPYRBASE,,https://help.autodesk.com/cloudhelp/2026/ENU/AutoCAD-Core/files/GUID-6933B00B-1646-4A40-BFBB-EFEA4F47AB24.htm,no,,Sets the number of radial subdivisions between the center of the mesh pyramid base and its perimeter.
sysvar,DIVMESHPYRHEIGHT,,https://help.autodesk.com/cloudhelp/2026/ENU/AutoCAD-Core/files/GUID-94594A60-4CD0-4C72-9607-10EFEBF1A58B.htm,no,,Sets the number of subdivisions between the base and the top of the mesh pyramid.
sysvar,DIVMESHPYRLENGTH,,https://help.autodesk.com/cloudhelp/2026/ENU/AutoCAD-Core/files/GUID-6E36079B-3895-4F58-85F3-26E469FAB9AA.htm,no,,Sets the number of subdivisions along each dimension of a mesh pyramid base.
sysvar,DIVMESHSPHEREAXIS,,https://help.autodesk.com/cloudhelp/2026/ENU/AutoCAD-Core/files/GUID-10B0A4DB-B7DE-4396-A00C-25BAE411C0EF.htm,no,,Sets the number of radial subdivisions around the axis endpoint of the mesh sphere.
sysvar,DIVMESHSPHEREHEIGHT,,https://help.autodesk.com/cloudhelp/2026/ENU/AutoCAD-Core/files/GUID-2AAE7B03-092A-4B63-90E5-E1ACFB38DCD6.htm,no,,Sets the number of subdivisions between the two axis endpoints of the mesh sphere.
sysvar,DIVMESHTORUSPATH,,https://help.autodesk.com/cloudhelp/2026/ENU/AutoCAD-Core/files/GUID-6EAE939E-9300-41B8-AE69-9F37FB09FBE0.htm,no,,Sets the number of subdivisions in the path that is swept by the profile of a mesh torus.
sysvar,DIVMESHTORUSSECTION,,https://help.autodesk.com/cloudhelp/2026/ENU/AutoCAD-Core/files/GUID-FEC2887D-0C6B-47AB-8915-B1138D0B9863.htm,no,,Sets the number of subdivisions in the profile that sweeps the path of a mesh torus.
sysvar,DIVMESHWEDGEBASE,,https://help.autodesk.com/cloudhelp/2026/ENU/AutoCAD-Core/files/GUID-9D3DFF3B-0301-484D-9473-299911CAFB37.htm,no,,Sets the number of subdivisions between the midpoint of the perimeter of triangular dimension of the mesh wedge.
sysvar,DIVMESHWEDGEHEIGHT,,https://help.autodesk.com/cloudhelp/2026/ENU/AutoCAD-Core/files/GUID-D3C66A72-C32E-400D-8F2D-37D61A91CE4D.htm,no,,Sets the number of subdivisions for the height of the mesh wedge along the Z axis.
sysvar,DIVMESHWEDGELENGTH,,https://help.autodesk.com/cloudhelp/2026/ENU/AutoCAD-Core/files/GUID-053FEEB7-D24F-49A0-B2DD-2E0DC3BE514B.htm,no,,Sets the number of subdivisions for the length of a mesh wedge along the X axis.
sysvar,DIVMESHWEDGESLOPE,,https://help.autodesk.com/cloudhelp/2026/ENU/AutoCAD-Core/files/GUID-27AAE7EA-D887-4FFA-A46C-F2682D1C1753.htm,no,,Sets the number of subdivisions in the slope that extends from the apex of the wedge to the edge of the base.
sysvar,DIVMESHWEDGEWIDTH,,https://help.autodesk.com/cloudhelp/2026/ENU/AutoCAD-Core/files/GUID-7ACF07B3-EC83-4BDD-B159-E18C224B069E.htm,no,,Sets the number of subdivisions for the width of the mesh wedge along the Y axis.
sysvar,DONUTID,,https://help.autodesk.com/cloudhelp/2026/ENU/AutoCAD-Core/files/GUID-E464A318-DDF6-4017-BE03-1366361C9623.htm,no,,Sets the default for the inside diameter of a donut.
sysvar,DONUTOD,,https://help.autodesk.com/cloudhelp/2026/ENU/AutoCAD-Core/files/GUID-B3C626A7-3401-43B5-8ACF-2BF3445A6C75.htm,no,,Sets the default for the outside diameter of a donut.
sysvar,DRAGMODE,,https://help.autodesk.com/cloudhelp/2026/ENU/AutoCAD-Core/files/GUID-0690A755-3B81-44E7-9AB2-5DFED263642F.htm,no,,Controls the way dragged objects are displayed.
sysvar,DRAGP1,,https://help.autodesk.com/cloudhelp/2026/ENU/AutoCAD-Core/files/GUID-E2A80E69-A30A-439C-B909-E5CAA3E220F2.htm,no,,"When hardware acceleration is used, controls how many vectors the system draws when you drag objects within a 2D viewport before it checks for a new input sample from the mouse."
sysvar,DRAGP2,,https://help.autodesk.com/cloudhelp/2026/ENU/AutoCAD-Core/files/GUID-5A74FD9B-CEFD-4D3A-B2D0-E868CF8CE1F7.htm,no,,"When software acceleration is used, controls how many vectors the system draws when you drag objects within a 2D viewport before it checks for a new input sample from the mouse."
sysvar,DRAGVS,,https://help.autodesk.com/cloudhelp/2026/ENU/AutoCAD-Core/files/GUID-EEB66098-82FA-4E58-8251-0879FB983228.htm,no,,"Sets the visual style that is displayed while creating 3D solid and mesh primitives and extruded solids, surfaces, and meshes."
sysvar,DRAWORDERCTL,,https://help.autodesk.com/cloudhelp/2026/ENU/AutoCAD-Core/files/GUID-85D5C950-1323-4A62-BC35-2CDA7F1C6A50.htm,no,,Controls the default display behavior of overlapping objects when they are created or edited.
sysvar,DRSTATE,,https://help.autodesk.com/cloudhelp/2026/ENU/AutoCAD-Core/files/GUID-CFD2DAD1-88A5-47F4-8A19-B379A53A78FB.htm,no,,Indicates whether the Drawing Recovery Manager window is open or closed.
sysvar,DTEXTED,,https://help.autodesk.com/cloudhelp/2026/ENU/AutoCAD-Core/files/GUID-1B7D1C18-13E5-46D2-9C31-114EC6D981E6.htm,no,,Specifies the user interface displayed for editing single-line text.
sysvar,DWFFRAME,,https://help.autodesk.com/cloudhelp/2026/ENU/AutoCAD-Core/files/GUID-67366D5F-0B39-4159-B762-D369EC765486.htm,no,,Determines whether DWF or DWFx underlay frames are visible or plotted in the current drawing.
sysvar,DWFOSNAP,,https://help.autodesk.com/cloudhelp/2026/ENU/AutoCAD-Core/files/GUID-C3059786-E3F3-47B0-8B54-F93E15A84120.htm,no,,Determines whether object snapping is active for geometry in DWF or DWFx underlays that are attached to the drawing.
sysvar,DWGCHECK,,https://help.autodesk.com/cloudhelp/2026/ENU/AutoCAD-Core/files/GUID-91E890BF-AEBD-4BCE-9663-1AFD595AA5E4.htm,no,,Checks drawings for potential problems when opening them.
sysvar,DWGCODEPAGE,,https://help.autodesk.com/cloudhelp/2026/ENU/AutoCAD-Core/files/GUID-2DD5A705-BD1E-4398-8C1C-17C8B139E66B.htm,no,,Stores the same value as SYSCODEPAGE (for compatibility reasons).
sysvar,DWGNAME,,https://help.autodesk.com/cloudhelp/2026/ENU/AutoCAD-Core/files/GUID-A89861EF-5F4F-46C6-A1DB-9D985A3858C9.htm,no,,Stores the name of the current drawing.
sysvar,DWGPREFIX,,https://help.autodesk.com/cloudhelp/2026/ENU/AutoCAD-Core/files/GUID-479EAE14-5A70-4FDD-8ACD-D75E5548386B.htm,no,,Stores the drive and folder path for the current drawing.
sysvar,DWGTITLED,,https://help.autodesk.com/cloudhelp/2026/ENU/AutoCAD-Core/files/GUID-1CA841EC-0313-4A34-8829-0CC0B5FB6FEE.htm,no,,Indicates whether the current drawing has been named.
sysvar,DX12FRAMERATEUNLIMITED,,https://help.autodesk.com/cloudhelp/2026/ENU/AutoCAD-Core/files/GUID-9B7C2155-4F2C-4732-A8CB-FA295865151C.htm,no,,Enables variable sync monitor optimization.
sysvar,DXEVAL,,https://help.autodesk.com/cloudhelp/2026/ENU/AutoCAD-Core/files/GUID-E8649154-1088-4C93-B4C6-03D0ED7B05E1.htm,no,,"Controls when data extraction tables are compared against the data source, and if the data is not current, displays an update notification."
sysvar,DYNCONSTRAINTMODE,,https://help.autodesk.com/cloudhelp/2026/ENU/AutoCAD-Core/files/GUID-C05FEE39-20AC-4EC8-9BFE-D9DD67A1A3F2.htm,no,,Displays hidden dimensional constraints when constrained objects are selected.
sysvar,DYNDIGRIP,,https://help.autodesk.com/cloudhelp/2026/ENU/AutoCAD-Core/files/GUID-1EB33CCE-EF2C-4334-A90D-F8D5DAC9B0FA.htm,no,,Controls which dynamic dimensions are displayed during grip stretch editing.
sysvar,DYNDIVIS,,https://help.autodesk.com/cloudhelp/2026/ENU/AutoCAD-Core/files/GUID-C2BB4EEB-D3FC-40AC-B479-A6E001E90947.htm,no,,Controls how many dynamic dimensions are displayed during grip stretch editing.
sysvar,DYNINFOTIPS,,https://help.autodesk.com/cloudhelp/2026/ENU/AutoCAD-Core/files/GUID-2C36CFFB-EFED-4CD3-BE59-700B63DCC908.htm,no,,Controls whether tips are displayed for using Shift and Ctrl when editing with grips.
sysvar,DYNMODE,,https://help.autodesk.com/cloudhelp/2026/ENU/AutoCAD-Core/files/GUID-1ED138FF-2679-45C4-9C2C-332A821C9D12.htm,no,,Turns Dynamic Input features on and off.
sysvar,DYNPICOORDS,,https://help.autodesk.com/cloudhelp/2026/ENU/AutoCAD-Core/files/GUID-87D649DF-8474-4F55-806E-604906030B36.htm,no,,Controls whether pointer input uses relative or absolute format for coordinates.
sysvar,DYNPIFORMAT,,https://help.autodesk.com/cloudhelp/2026/ENU/AutoCAD-Core/files/GUID-03D36D36-D734-43C3-BA4D-EA68C573F73C.htm,no,,Controls whether pointer input uses polar or Cartesian format for coordinates.
sysvar,DYNPIVIS,,https://help.autodesk.com/cloudhelp/2026/ENU/AutoCAD-Core/files/GUID-A5EBB25D-E626-4B4D-AD5B-0DEE467D70A7.htm,no,,Controls when pointer input is displayed.
sysvar,DYNPROMPT,,https://help.autodesk.com/cloudhelp/2026/ENU/AutoCAD-Core/files/GUID-FA6A4CC1-DF9D-452C-93EA-48FFD0E08E1C.htm,no,,Controls display of prompts in Dynamic Input tooltips.
sysvar,DYNTOOLTIPS,,https://help.autodesk.com/cloudhelp/2026/ENU/AutoCAD-Core/files/GUID-52163CC6-858B-4656-82D1-372D09E3F7DC.htm,no,,Controls which tooltips are affected by tooltip appearance settings.
sysvar,EDGEMODE,,https://help.autodesk.com/cloudhelp/2026/ENU/AutoCAD-Core/files/GUID-ED7D2A22-0C65-49C3-A58E-D10A3BECBE57.htm,yes,packages/kernel/src/lib.rs:202,Controls how the TRIM and EXTEND commands determine cutting and boundary edges.
sysvar,ELEVATION,,https://help.autodesk.com/cloudhelp/2026/ENU/AutoCAD-Core/files/GUID-E0FE35FA-841A-40D0-8282-1639F9A47107.htm,no,,Stores the current elevation of new objects relative to the current UCS.
sysvar,ENABLESYNCPDF,,https://help.autodesk.com/cloudhelp/2026/ENU/AutoCAD-Core/files/GUID-62EC1D00-E9EB-48F3-9E78-8F5F38949121.htm,no,,Controls whether AutoCAD embeds source drawing information for drawings saved to Autodesk Docs when they are plotted or published using one of the AutoCAD PDF plotter configurations.
sysvar,ENTERPRISEMENU,,https://help.autodesk.com/cloudhelp/2026/ENU/AutoCAD-Core/files/GUID-CB1CCB15-55E9-437E-995B-6727DEA772B5.htm,no,,"Stores the enterprise customization file name (if defined), including the path for the file name."
sysvar,ERHIGHLIGHT,,https://help.autodesk.com/cloudhelp/2026/ENU/AutoCAD-Core/files/GUID-773FCCAE-703F-45B0-9645-F4530D76A0C9.htm,no,,Controls whether reference names or reference objects are highlighted when their counterparts are selected in the External References palette or in the drawing window.
sysvar,ERRNO,,https://help.autodesk.com/cloudhelp/2026/ENU/AutoCAD-Core/files/GUID-08E19480-F87B-46E9-9C37-64693F95F680.htm,no,,Displays the number of the appropriate error code when an AutoLISP function call causes an error that the product detects.
sysvar,ERSTATE,,https://help.autodesk.com/cloudhelp/2026/ENU/AutoCAD-Core/files/GUID-57CCC897-AD15-4579-9751-C1299B2F6616.htm,no,,Indicates whether the External References palette is open or closed.
sysvar,EXPERT,,https://help.autodesk.com/cloudhelp/2026/ENU/AutoCAD-Core/files/GUID-28C09385-C00B-48F6-9765-7CB178CDD891.htm,no,,Controls whether certain prompts are issued.
sysvar,EXPLMODE,,https://help.autodesk.com/cloudhelp/2026/ENU/AutoCAD-Core/files/GUID-113BD30D-2F46-4E23-9B49-034AB50064A7.htm,no,,Controls whether the EXPLODE command supports nonuniformly scaled (NUS) blocks.
sysvar,EXPORTEPLOTFORMAT,,https://help.autodesk.com/cloudhelp/2026/ENU/AutoCAD-Core/files/GUID-0E4D7F85-B1A8-4009-8A93-DEF613459E8A.htm,no,,"Sets the default electronic file output displayed on the ribbon: PDF, DWF, or DWFx."
sysvar,EXPORTMODELSPACE,,https://help.autodesk.com/cloudhelp/2026/ENU/AutoCAD-Core/files/GUID-22F2A97C-50BE-4F08-A95A-FD872FB782DD.htm,no,,"Specifies what part of the drawing to export to a DWF, DWFx, or PDF file from Model space"
sysvar,EXPORTPAGESETUP,,https://help.autodesk.com/cloudhelp/2026/ENU/AutoCAD-Core/files/GUID-FED55746-EB0A-460F-979C-8CA7A1B5EE0A.htm,no,,"Specifies whether to export to a DWF, DWFx, or PDF file with the current page setup."
sysvar,EXPORTPAPERSPACE,,https://help.autodesk.com/cloudhelp/2026/ENU/AutoCAD-Core/files/GUID-AEAB3971-DC03-4591-A06A-13E08CD1E1B9.htm,no,,"Specifies what part of the drawing to export to a DWF, DWFx, or PDF file from paper space."
sysvar,EXPVALUE,,https://help.autodesk.com/cloudhelp/2026/ENU/AutoCAD-Core/files/GUID-73E2447B-E96C-41F2-9544-87636DF4C1C8.htm,no,,Specifies the exposure value to apply during rendering.
sysvar,EXPWHITEBALANCE,,https://help.autodesk.com/cloudhelp/2026/ENU/AutoCAD-Core/files/GUID-A75505CC-0C15-4F3E-A085-26894BC81AF9.htm,no,,Specifies the Kelvin color temperature (white balance) value to apply during rendering.
sysvar,EXTMAX,,https://help.autodesk.com/cloudhelp/2026/ENU/AutoCAD-Core/files/GUID-B3926CFA-DE74-4661-A9A5-2738A1FD937B.htm,no,,Stores the upper-right point of the drawing extents.
sysvar,EXTMIN,,https://help.autodesk.com/cloudhelp/2026/ENU/AutoCAD-Core/files/GUID-F37FCEB8-FD86-4E8A-9DB3-A5163B2C0AE0.htm,no,,Stores the lower-left point of the drawing extents.
sysvar,EXTNAMES,,https://help.autodesk.com/cloudhelp/2026/ENU/AutoCAD-Core/files/GUID-8EC065EC-D551-4E02-9C5A-A33D1DB80B05.htm,no,,"Controls the characters accepted for the names of blocks, dimension styles, layers, and other named objects."
sysvar,FACETERDEVNORMAL,,https://help.autodesk.com/cloudhelp/2026/ENU/AutoCAD-Core/files/GUID-9F2A2095-1932-474F-9293-66CEAE30D937.htm,no,,Sets the maximum angle between the surface normal and contiguous mesh faces.
sysvar,FACETERDEVSURFACE,,https://help.autodesk.com/cloudhelp/2026/ENU/AutoCAD-Core/files/GUID-B4C38DEE-5182-4526-8990-0F65BBFFFA60.htm,no,,Sets how closely the converted mesh object adheres to the original shape of the solid or surface.
sysvar,FACETERGRIDRATIO,,https://help.autodesk.com/cloudhelp/2026/ENU/AutoCAD-Core/files/GUID-0BF25D4E-772B-44BC-9E44-F81C80ADAEB8.htm,no,,Sets the maximum aspect ratio for the mesh subdivisions that are created for solids and surfaces converted to mesh.
sysvar,FACETERMAXEDGELENGTH,,https://help.autodesk.com/cloudhelp/2026/ENU/AutoCAD-Core/files/GUID-CC40F1DC-C470-4D48-A801-B13F71EBA37A.htm,no,,Sets the maximum length of edges for mesh objects that are created by conversion from solids and surfaces.
sysvar,FACETERMAXGRID,,https://help.autodesk.com/cloudhelp/2026/ENU/AutoCAD-Core/files/GUID-6716223B-E1C5-4B05-8F3B-ECF29D750BE5.htm,no,,Sets an internal parameter that affects the maximum number of U and V grid lines when converting objects into mesh objects using the MESHSMOOTH command.
sysvar,FACETERMESHTYPE,,https://help.autodesk.com/cloudhelp/2026/ENU/AutoCAD-Core/files/GUID-4074743F-42EC-4FDB-819F-667DBF2D6058.htm,no,,Sets the type of mesh to be created.
sysvar,FACETERMINUGRID,,https://help.autodesk.com/cloudhelp/2026/ENU/AutoCAD-Core/files/GUID-3C9D7C48-29EA-441A-B56D-56B3C1CAA570.htm,no,,Sets an internal parameter that affects the minimum number of U grid lines when converting objects into mesh objects using the MESHSMOOTH command.
sysvar,FACETERMINVGRID,,https://help.autodesk.com/cloudhelp/2026/ENU/AutoCAD-Core/files/GUID-F4C4CF36-3960-4EDE-BF89-1684D6ED8F14.htm,no,,Sets an internal parameter that affects the minimum number of V grid lines when converting objects into mesh objects using the MESHSMOOTH command.
sysvar,FACETERPRIMITIVEMODE,,https://help.autodesk.com/cloudhelp/2026/ENU/AutoCAD-Core/files/GUID-EECD5E4D-17BD-4085-A592-D3484BDDBBC3.htm,no,,Specifies whether smoothness settings for objects that are converted to mesh are derived from the Mesh Tessellation Options or the Mesh Primitive Options dialog box.
sysvar,FACETERSMOOTHLEV,,https://help.autodesk.com/cloudhelp/2026/ENU/AutoCAD-Core/files/GUID-E0A0EC48-AAC9-474D-8117-F90804C925AF.htm,no,,Sets the default level of smoothness for objects that are converted to mesh.
sysvar,FACETRATIO,,https://help.autodesk.com/cloudhelp/2026/ENU/AutoCAD-Core/files/GUID-526C0511-E66E-43DD-86A9-4118F1154B97.htm,no,,Controls the aspect ratio of faceting for cylindrical and conic solids.
sysvar,FACETRES,,https://help.autodesk.com/cloudhelp/2026/ENU/AutoCAD-Core/files/GUID-2DF46705-EE9E-409F-86B5-ED391CE207DC.htm,no,,"Adjusts the smoothness of shaded and rendered objects, rendered shadows, and objects with hidden lines removed."
sysvar,FASTSHADEDMODE,,https://help.autodesk.com/cloudhelp/2026/ENU/AutoCAD-Core/files/GUID-81A94EE2-017F-406C-90BB-8E004157DA33.htm,no,,Specifies whether the cross platform 3D graphics system is turned on or off.
sysvar,FIELDDISPLAY,,https://help.autodesk.com/cloudhelp/2026/ENU/AutoCAD-Core/files/GUID-99DB691B-9E11-4BD5-AFFE-BC1312F3281A.htm,no,,Controls whether fields are displayed with a gray background.
sysvar,FIELDEVAL,,https://help.autodesk.com/cloudhelp/2026/ENU/AutoCAD-Core/files/GUID-EF5D2DDE-A170-4BB4-8F76-7F3FAFE30E56.htm,no,,Controls how fields are updated.
sysvar,FILEDIA,,https://help.autodesk.com/cloudhelp/2026/ENU/AutoCAD-Core/files/GUID-99736BD7-E60E-4F4A-83F7-436B6F9C67A1.htm,no,,Suppresses display of file navigation dialog boxes.
sysvar,FILETABPREVIEW,,https://help.autodesk.com/cloudhelp/2026/ENU/AutoCAD-Core/files/GUID-BE2D28F6-C85C-4EA1-9D39-478C27200EE2.htm,no,,Controls the type of preview when you hover over a drawing file tab.
sysvar,FILETABSTATE,,https://help.autodesk.com/cloudhelp/2026/ENU/AutoCAD-Core/files/GUID-3C8E04C4-D464-4615-A9FB-68FB28487723.htm,no,,Indicates the display status of the file tabs at the top of the drawing area.
sysvar,FILETABTHUMBHOVER,,https://help.autodesk.com/cloudhelp/2026/ENU/AutoCAD-Core/files/GUID-15DD5C80-C8C8-4750-87C0-0C67A975FB79.htm,no,,Specifies whether the corresponding model or layout loads in the drawing window when you hover over a file tab thumbnail.
sysvar,FILLETPOLYARC,,https://help.autodesk.com/cloudhelp/2026/ENU/AutoCAD-Core/files/GUID-DD802826-BEE4-4B85-9B76-E9A3FBD02E24.htm,no,,"Determines the fillet behavior for polylines that include arcs, either current or legacy."
sysvar,FILLETRAD,,https://help.autodesk.com/cloudhelp/2026/ENU/AutoCAD-Core/files/GUID-BA2DD5FF-B663-48DB-95A8-6DEAFCEDDBF5.htm,yes,packages/kernel/src/lib.rs:202,Stores the current fillet radius for 2D objects.
sysvar,FILLETRAD3D,,https://help.autodesk.com/cloudhelp/2026/ENU/AutoCAD-Core/files/GUID-758FCCF3-8E13-4D60-9BC8-62231C8B3066.htm,no,,Stores the current fillet radius for 3D objects.
sysvar,FILLMODE,,https://help.autodesk.com/cloudhelp/2026/ENU/AutoCAD-Core/files/GUID-FC385D70-45AA-4B9A-848A-CA3906C36124.htm,no,,"Specifies whether hatches and fills, 2D solids, and wide polylines are filled in."
sysvar,FONTALT,,https://help.autodesk.com/cloudhelp/2026/ENU/AutoCAD-Core/files/GUID-858A8D84-5104-4A35-9C82-2094DF6F411D.htm,no,,Specifies the alternate font to be used when the specified font file cannot be located.
sysvar,FONTMAP,,https://help.autodesk.com/cloudhelp/2026/ENU/AutoCAD-Core/files/GUID-FC45A5DC-31F5-4725-A482-C95769273C1C.htm,no,,Specifies the font mapping file to be used for substituting fonts.
sysvar,FRAME,,https://help.autodesk.com/cloudhelp/2026/ENU/AutoCAD-Core/files/GUID-29BD70BB-07BF-41A2-8C2F-AD41C9402486.htm,no,,"Controls the display of frames for all images, map images, underlays, clipped xrefs, and wipeout objects."
sysvar,FRAMESELECTION,,https://help.autodesk.com/cloudhelp/2026/ENU/AutoCAD-Core/files/GUID-4DD5058A-4194-4568-A03E-81CE9BC9C018.htm,no,,"Controls whether the hidden frame of an image, underlay, clipped xref, or wipeout can be selected."
sysvar,FRONTZ,,https://help.autodesk.com/cloudhelp/2026/ENU/AutoCAD-Core/files/GUID-7B68318D-2060-44B2-BD7C-300AC62F8E21.htm,no,,"Stores the front clipping plane offset from the target plane for the current viewport, in drawing units."
sysvar,FULLOPEN,,https://help.autodesk.com/cloudhelp/2026/ENU/AutoCAD-Core/files/GUID-90B96194-104A-4A8E-87CE-0909C921F556.htm,no,,Indicates whether the current drawing is partially open.
sysvar,FULLPLOTPATH,,https://help.autodesk.com/cloudhelp/2026/ENU/AutoCAD-Core/files/GUID-92D38169-B19C-4073-AF31-9007B78EC768.htm,no,,Controls whether the full path of the drawing file is sent to the plot spooler.
sysvar,GALLERYVIEW,,https://help.autodesk.com/cloudhelp/2026/ENU/AutoCAD-Core/files/GUID-4CBCF6FC-F4E8-4B91-A951-76EFDA32C4E7.htm,no,,Controls the type of preview in the ribbon drop-down galleries.
sysvar,GEOLATLONGFORMAT,,https://help.autodesk.com/cloudhelp/2026/ENU/AutoCAD-Core/files/GUID-17D1BEB2-6A2D-4EFC-B63D-920FDA84CEAC.htm,no,,Controls the format of the latitude and longitude values in the Geographic Location dialog box and the status bar.
sysvar,GEOLOCATEMODE,,https://help.autodesk.com/cloudhelp/2026/ENU/AutoCAD-Core/files/GUID-E3BAE34E-E50B-46D0-9DF0-CE2377F908A6.htm,no,,Indicates if position tracking is on or off.
sysvar,GEOMAPMODE,,https://help.autodesk.com/cloudhelp/2026/ENU/AutoCAD-Core/files/GUID-D7C64582-431C-4C5E-B544-0F5DE532B7A4.htm,no,,Controls the style of the online map used in the current viewport.
sysvar,GEOMARKERVISIBILITY,,https://help.autodesk.com/cloudhelp/2026/ENU/AutoCAD-Core/files/GUID-24FF3B38-8A3E-428E-8AD4-E1182149489A.htm,no,,Controls the visibility of geographic markers.
sysvar,GEOMARKPOSITIONSIZE,,https://help.autodesk.com/cloudhelp/2026/ENU/AutoCAD-Core/files/GUID-B119B38F-A03C-456C-A379-F66D0640DAEC.htm,no,,Specifies the scale factor to use for point objects and multiline text objects when creating position markers.
sysvar,GFANG,,https://help.autodesk.com/cloudhelp/2026/ENU/AutoCAD-Core/files/GUID-4364D9A4-1132-464F-BD45-F5F5E3E32F02.htm,no,,Specifies the angle of a gradient fill.
sysvar,GFCLR1,,https://help.autodesk.com/cloudhelp/2026/ENU/AutoCAD-Core/files/GUID-1DB58F66-D25B-49B6-9A84-7992B19EB89A.htm,no,,Specifies the color for a one-color gradient fill or the first color for a two-color gradient fill.
sysvar,GFCLR2,,https://help.autodesk.com/cloudhelp/2026/ENU/AutoCAD-Core/files/GUID-60D22A1A-EF08-41F0-B76A-5793B2D7EAC9.htm,no,,Specifies the second color for a two-color gradient fill.
sysvar,GFCLRLUM,,https://help.autodesk.com/cloudhelp/2026/ENU/AutoCAD-Core/files/GUID-874583B9-80E7-49F7-ABB9-CC549726E9C0.htm,no,,Controls the tint or shade level in a one-color gradient fill.
sysvar,GFCLRSTATE,,https://help.autodesk.com/cloudhelp/2026/ENU/AutoCAD-Core/files/GUID-7FF6A82D-6970-4916-9FBB-2AB782ABA987.htm,no,,Specifies whether a gradient fill uses one color or two colors.
sysvar,GFNAME,,https://help.autodesk.com/cloudhelp/2026/ENU/AutoCAD-Core/files/GUID-5B251F13-2A65-4116-9D58-0971CF8834EA.htm,no,,Specifies the pattern of a gradient fill.
sysvar,GFSHIFT,,https://help.autodesk.com/cloudhelp/2026/ENU/AutoCAD-Core/files/GUID-3E52C558-97E8-4BB9-A4BE-4305F83BB894.htm,no,,Specifies whether the pattern in a gradient fill is centered or is shifted up and to the left.
sysvar,GLOBALOPACITY,,https://help.autodesk.com/cloudhelp/2026/ENU/AutoCAD-Core/files/GUID-27CA16ED-30EC-4C5F-AC35-1D39CE34BB93.htm,no,,Controls transparency level for all palettes.
sysvar,GRIDDISPLAY,,https://help.autodesk.com/cloudhelp/2026/ENU/AutoCAD-Core/files/GUID-4D6AC943-FC9C-4CB8-A4E6-AD7313BF9C3A.htm,no,,Controls the display behavior and display limits of the grid.
sysvar,GRIDMAJOR,,https://help.autodesk.com/cloudhelp/2026/ENU/AutoCAD-Core/files/GUID-94C8162E-B852-469D-B434-5BB822B0215C.htm,no,,Controls the frequency of major grid lines compared to minor grid lines.
sysvar,GRIDMODE,,https://help.autodesk.com/cloudhelp/2026/ENU/AutoCAD-Core/files/GUID-EB16BD83-E8A5-41D7-95DD-E8FE8028B8FD.htm,no,,Specifies whether the grid is turned on or off.
sysvar,GRIDSTYLE,,https://help.autodesk.com/cloudhelp/2026/ENU/AutoCAD-Core/files/GUID-30FC52C7-A734-43EE-A08D-96717A4B4959.htm,no,,Controls whether the grid displays as dots or lines.
sysvar,GRIDUNIT,,https://help.autodesk.com/cloudhelp/2026/ENU/AutoCAD-Core/files/GUID-6E37252F-77E5-4266-8759-AAD5E5577F1C.htm,no,,Specifies the grid spacing (X and Y) for the current viewport.
sysvar,GRIPBLOCK,,https://help.autodesk.com/cloudhelp/2026/ENU/AutoCAD-Core/files/GUID-325AE351-DEC3-41E9-BC9D-22A08D805261.htm,no,,Controls the display of grips in blocks.
sysvar,GRIPCOLOR,,https://help.autodesk.com/cloudhelp/2026/ENU/AutoCAD-Core/files/GUID-6D239124-BCB9-430F-91F8-7D7C4DC1A0A4.htm,no,,Controls the color of unselected grips.
sysvar,GRIPCONTOUR,,https://help.autodesk.com/cloudhelp/2026/ENU/AutoCAD-Core/files/GUID-2523202B-F6EB-4AA6-AF05-2E3931C4C12D.htm,no,,Controls the color of the grip outline.
sysvar,GRIPDYNCOLOR,,https://help.autodesk.com/cloudhelp/2026/ENU/AutoCAD-Core/files/GUID-1BA695E9-20BB-4BBA-A307-A51F6A4046AE.htm,no,,Controls the color of custom grips for dynamic blocks.
sysvar,GRIPHOT,,https://help.autodesk.com/cloudhelp/2026/ENU/AutoCAD-Core/files/GUID-96ABB239-7C6F-431B-BB37-672123472EC8.htm,no,,Controls the color of selected grips.
sysvar,GRIPHOVER,,https://help.autodesk.com/cloudhelp/2026/ENU/AutoCAD-Core/files/GUID-9CC870B5-A4B9-41E3-9B0B-B9566530587B.htm,no,,Controls the fill color of an unselected grip when the cursor pauses over it.
sysvar,GRIPMULTIFUNCTIONAL,,https://help.autodesk.com/cloudhelp/2026/ENU/AutoCAD-Core/files/GUID-A88576CB-7CDD-4DC4-819C-EA0F892E72CB.htm,no,,Specifies the access methods for multifunctional grip options.
sysvar,GRIPOBJLIMIT,,https://help.autodesk.com/cloudhelp/2026/ENU/AutoCAD-Core/files/GUID-705F3A42-4A2F-4B5C-A2A6-0CF8949B8ED5.htm,no,,Suppresses the display of grips when the selection set includes more than the specified number of objects.
sysvar,GRIPS,,https://help.autodesk.com/cloudhelp/2026/ENU/AutoCAD-Core/files/GUID-97AD30F3-A1A3-4027-91B7-49008841A447.htm,no,,Controls the display of grips on selected objects.
sysvar,GRIPSIZE,,https://help.autodesk.com/cloudhelp/2026/ENU/AutoCAD-Core/files/GUID-5F355F5F-0DDE-49B4-B253-C6BA717BAF8B.htm,no,,"Sets the size of the grip box, in device independent pixels."
sysvar,GRIPSUBOBJMODE,,https://help.autodesk.com/cloudhelp/2026/ENU/AutoCAD-Core/files/GUID-1F18AF4A-7124-49CD-96D0-53E740434ABF.htm,no,,Controls whether grips are automatically made hot when subobjects are selected.
sysvar,GRIPTIPS,,https://help.autodesk.com/cloudhelp/2026/ENU/AutoCAD-Core/files/GUID-8ADD9045-DD1B-416E-92E4-839C6FADC109.htm,no,,Controls the display of grip tips when the cursor hovers over grips on dynamic blocks and custom objects that support grip tips.
sysvar,GROUPDISPLAYMODE,,https://help.autodesk.com/cloudhelp/2026/ENU/AutoCAD-Core/files/GUID-1EDF8F98-A769-415C-9FF3-B8C304369094.htm,no,,Controls how grips are displayed when group selection is turned on and an object in a group is selected.
sysvar,GTAUTO,,https://help.autodesk.com/cloudhelp/2026/ENU/AutoCAD-Core/files/GUID-77234824-1143-4D37-A4AD-6EBFB37E291B.htm,no,,Controls whether 3D gizmos are automatically displayed when you select objects before you start a command in a viewport with a 3D visual style.
sysvar,GTDEFAULT,,https://help.autodesk.com/cloudhelp/2026/ENU/AutoCAD-Core/files/GUID-C419D5E0-FAD3-414E-9554-EE5DAD2EDB64.htm,no,,"Controls whether the 3D Move, 3D Rotate, or 3D Scale operation starts automatically when you start the MOVE, ROTATE, or SCALE command in a viewport with a 3D visual style."
sysvar,GTLOCATION,,https://help.autodesk.com/cloudhelp/2026/ENU/AutoCAD-Core/files/GUID-83583225-CD2E-426A-8E87-3FFC9DEA4D1A.htm,no,,"Controls the initial location of the 3D Move, 3D Rotate, or 3D Scale gizmo when you select objects before you start a command in a viewport with a 3D visual style."
sysvar,HALOGAP,,https://help.autodesk.com/cloudhelp/2026/ENU/AutoCAD-Core/files/GUID-323A9B4D-2B53-4E3D-83AA-2A14AC9CA10C.htm,no,,Specifies a gap to be displayed where an object is hidden by another object.
sysvar,HANDLES,,https://help.autodesk.com/cloudhelp/2026/ENU/AutoCAD-Core/files/GUID-FC1B6550-B675-49F7-96DF-A44445CBC797.htm,no,,Reports whether object handles can be accessed by applications.
sysvar,HELPPREFIX,,https://help.autodesk.com/cloudhelp/2026/ENU/AutoCAD-Core/files/GUID-07966A0F-F2F4-4465-B921-92FECAEBE540.htm,no,,Sets the file path for the Help system.
sysvar,HIDETEXT,,https://help.autodesk.com/cloudhelp/2026/ENU/AutoCAD-Core/files/GUID-C30AB91D-D9B6-4762-A6F4-AF3DA50459EF.htm,no,,Specifies whether text objects created by the TEXT or MTEXT command are processed during a HIDE command.
sysvar,HIGHLIGHT,,https://help.autodesk.com/cloudhelp/2026/ENU/AutoCAD-Core/files/GUID-A0543122-803C-4692-9EEB-090483C4025C.htm,no,,Controls object highlighting; does not affect objects selected with grips.
sysvar,HPANG,,https://help.autodesk.com/cloudhelp/2026/ENU/AutoCAD-Core/files/GUID-5D218A6C-F3AE-419A-8F0C-0AD704E9CDE9.htm,no,,Sets the default angle for new hatch patterns in this session.
sysvar,HPANNOTATIVE,,https://help.autodesk.com/cloudhelp/2026/ENU/AutoCAD-Core/files/GUID-D5AAA8E4-D02D-43FA-B999-57E795CC15F5.htm,no,,Controls whether new hatch patterns are annotative in this session.
sysvar,HPASSOC,,https://help.autodesk.com/cloudhelp/2026/ENU/AutoCAD-Core/files/GUID-4875C3C9-77E8-49F9-8E91-C89084C76733.htm,no,,Controls whether hatches and fills are associative.
sysvar,HPBACKGROUNDCOLOR,,https://help.autodesk.com/cloudhelp/2026/ENU/AutoCAD-Core/files/GUID-19FA19F4-A8FA-4F6C-BC09-CB0B34E7D571.htm,no,,Sets the default background color for new hatch patterns in the current drawing.
sysvar,HPBOUND,,https://help.autodesk.com/cloudhelp/2026/ENU/AutoCAD-Core/files/GUID-1300471B-7F23-4D0B-AC7F-C72AC47D824E.htm,no,,Controls the object type created by HATCH and BOUNDARY in this session.
sysvar,HPBOUNDRETAIN,,https://help.autodesk.com/cloudhelp/2026/ENU/AutoCAD-Core/files/GUID-2B931D42-4FFA-44A5-8E87-27254BF68A12.htm,no,,Controls whether boundary objects are created for new hatches and fills in this session.
sysvar,HPCOLOR,,https://help.autodesk.com/cloudhelp/2026/ENU/AutoCAD-Core/files/GUID-C5ACE97D-E19F-4F81-B3DA-0F86A688C414.htm,no,,Sets the default color for new hatches in the current drawing.
sysvar,HPDLGMODE,,https://help.autodesk.com/cloudhelp/2026/ENU/AutoCAD-Core/files/GUID-8C19FED5-6024-40A8-AEBD-2AA1C57240B3.htm,no,,Controls the display of the Hatch and Gradient dialog box and the Hatch Edit dialog box.
sysvar,HPDOUBLE,,https://help.autodesk.com/cloudhelp/2026/ENU/AutoCAD-Core/files/GUID-691E7B7D-28DD-46A0-980D-82FFC0CC0B32.htm,no,,Controls whether hatch patterns are doubled for user-defined patterns in this session.
sysvar,HPDRAWMODE,,https://help.autodesk.com/cloudhelp/2026/ENU/AutoCAD-Core/files/GUID-B23CFA6A-88E4-4446-B003-BE4A6D766B48.htm,no,,Controls the drawing mode used when defining new boundaries to hatch or fill.
sysvar,HPDRAWORDER,,https://help.autodesk.com/cloudhelp/2026/ENU/AutoCAD-Core/files/GUID-50DE5CC8-9857-46F1-9374-9F1DA3760DC3.htm,no,,Controls the default draw order of new hatches and fills in this session.
sysvar,HPGAPTOL,,https://help.autodesk.com/cloudhelp/2026/ENU/AutoCAD-Core/files/GUID-E58FDE75-CDB6-4625-83A8-D0BA4CF6A96A.htm,no,,Specifies the maximum gaps between a set of objects that almost enclose an area to still be treated as a closed hatch boundary.
sysvar,HPINHERIT,,https://help.autodesk.com/cloudhelp/2026/ENU/AutoCAD-Core/files/GUID-DD1C25BF-7AF2-4785-8C30-CC8B27C13331.htm,no,,Controls whether the hatch origin is inherited when using the Inherit Properties option in HATCH and HATCHEDIT in the current drawing.
sysvar,HPISLANDDETECTION,,https://help.autodesk.com/cloudhelp/2026/ENU/AutoCAD-Core/files/GUID-3B578500-B1F3-450E-8C1B-5DEE394B2A27.htm,no,,Controls how islands within new hatch boundaries are treated in this session.
sysvar,HPISLANDDETECTIONMODE,,https://help.autodesk.com/cloudhelp/2026/ENU/AutoCAD-Core/files/GUID-1595FDAF-AE59-475B-A8DA-D7D754C16501.htm,no,,Controls whether islands within new hatches and fills are detected in this session.
sysvar,HPLAYER,,https://help.autodesk.com/cloudhelp/2026/ENU/AutoCAD-Core/files/GUID-8B64F625-7DD2-4264-8E59-3936F0992070.htm,no,,Specifies a default layer for new hatches and fills in the current drawing.
sysvar,HPLINETYPE,,https://help.autodesk.com/cloudhelp/2026/ENU/AutoCAD-Core/files/GUID-10E0E411-38C4-4BCE-B9AA-0E03B772DFB2.htm,no,,Controls how non-continuous linetypes are displayed in hatch patterns.
sysvar,HPMAXAREAS,,https://help.autodesk.com/cloudhelp/2026/ENU/AutoCAD-Core/files/GUID-407E5F77-E823-4998-AD10-BEE5F2422AB4.htm,no,,"Sets the maximum number of ""enclosed areas"" that a single hatch object can have and still automatically switch between solid and pattern hatches during zoom operations."
sysvar,HPMAXLINES,,https://help.autodesk.com/cloudhelp/2026/ENU/AutoCAD-Core/files/GUID-0DE22398-D77D-40C6-83CA-06A24581539A.htm,no,,Sets the maximum number of hatch lines that are generated in a hatch operation.
sysvar,HPNAME,,https://help.autodesk.com/cloudhelp/2026/ENU/AutoCAD-Core/files/GUID-C562EB1D-239D-4AFC-BC77-48F174834EE5.htm,no,,Sets the default hatch pattern name in this session.
sysvar,HPOBJWARNING,,https://help.autodesk.com/cloudhelp/2026/ENU/AutoCAD-Core/files/GUID-FB17EB18-FD84-4CD0-950A-2040CC1D1F86.htm,no,,Sets the number of hatch boundary objects that can be selected before displaying a warning message.
sysvar,HPORIGIN,,https://help.autodesk.com/cloudhelp/2026/ENU/AutoCAD-Core/files/GUID-38993CD0-3F26-400C-BCAF-F82057A059DD.htm,no,,Sets the hatch origin point for new hatch patterns relative to the current user coordinate system in the current drawing.
sysvar,HPORIGINMODE,,https://help.autodesk.com/cloudhelp/2026/ENU/AutoCAD-Core/files/GUID-471B755D-69F9-467B-BE6F-103106C1B03A.htm,no,,Controls how the default hatch origin point is determined.
sysvar,HPPATHALIGNMENT,,https://help.autodesk.com/cloudhelp/2026/ENU/AutoCAD-Core/files/GUID-A1AAAF13-E0F8-4516-BADA-C46282E430AF.htm,no,,Specifies the alignment of new drawn paths to be hatched or filled.
sysvar,HPPATHWIDTH,,https://help.autodesk.com/cloudhelp/2026/ENU/AutoCAD-Core/files/GUID-FC906EBC-B990-45B6-8ADE-F1896D47676B.htm,no,,Specifies the width of new drawn paths to be hatched or filled.
sysvar,HPPICKMODE,,https://help.autodesk.com/cloudhelp/2026/ENU/AutoCAD-Core/files/GUID-060C1F46-2DCF-40BD-84DB-00C6A1907683.htm,no,,Indicates the current method for specifying hatch areas.
sysvar,HPQUICKPREVIEW,,https://help.autodesk.com/cloudhelp/2026/ENU/AutoCAD-Core/files/GUID-55E323D8-5BC3-407E-A57C-B18273325604.htm,no,,Controls whether a hatch preview is displayed when specifying a hatch area.
sysvar,HPQUICKPREVTIMEOUT,,https://help.autodesk.com/cloudhelp/2026/ENU/AutoCAD-Core/files/GUID-4AB77E71-3EA7-41E7-AE43-EFE547149D4C.htm,no,,Sets the maximum time for a hatch preview to generate before the preview is automatically cancelled.
sysvar,HPSCALE,,https://help.autodesk.com/cloudhelp/2026/ENU/AutoCAD-Core/files/GUID-B002D6D9-7CF2-43B7-B78F-10BEA710C430.htm,no,,Sets the default scale factor for new hatch patterns in this session.
sysvar,HPSEPARATE,,https://help.autodesk.com/cloudhelp/2026/ENU/AutoCAD-Core/files/GUID-82537D46-06CD-4A2B-9148-1475A3599B12.htm,no,,Controls whether a single hatch object or separate hatch objects are created when operating on several closed boundaries.
sysvar,HPSPACE,,https://help.autodesk.com/cloudhelp/2026/ENU/AutoCAD-Core/files/GUID-E7F89BD7-6591-442E-A150-B662F2FCFBFF.htm,no,,Sets the default line spacing for new user-defined hatch patterns in this session.
sysvar,HPTRANSPARENCY,,https://help.autodesk.com/cloudhelp/2026/ENU/AutoCAD-Core/files/GUID-C12451CF-470A-48B2-83A7-92BC0E873936.htm,no,,Sets the default transparency for new hatches and fills in the current drawing.
sysvar,HYPERLINKBASE,,https://help.autodesk.com/cloudhelp/2026/ENU/AutoCAD-Core/files/GUID-94331F93-45DF-4181-8232-37AA29A30EB9.htm,no,,Specifies the path used for all relative hyperlinks in the drawing.
sysvar,IBLENVIRONMENT,,https://help.autodesk.com/cloudhelp/2026/ENU/AutoCAD-Core/files/GUID-253F5660-ABC3-4277-8F7C-71D42021AA4F.htm,no,,Enables image-based lighting and specifies the current image map.
sysvar,IMAGEASYNC,,https://help.autodesk.com/cloudhelp/2026/ENU/AutoCAD-Core/files/GUID-8F52FCC9-C2A9-4E2A-9DE3-1ADB19FEAED7.htm,no,,Controls whether images are asynchronous loaded in the background during the opening of a drawing file.
sysvar,IMAGEFRAME,,https://help.autodesk.com/cloudhelp/2026/ENU/AutoCAD-Core/files/GUID-D736B7E4-92C8-41DF-899D-622DB58D09F3.htm,no,,Controls whether image and map image frames are displayed and plotted.
sysvar,IMAGEHLT,,https://help.autodesk.com/cloudhelp/2026/ENU/AutoCAD-Core/files/GUID-E0D9C807-B49F-4104-8062-3E5B9CB2B49A.htm,no,,Controls whether the entire raster image or only the raster image frame is highlighted.
sysvar,IMPLIEDFACE,,https://help.autodesk.com/cloudhelp/2026/ENU/AutoCAD-Core/files/GUID-5E3787E6-A696-49E3-BE86-CED3ADB472AA.htm,no,,Controls the detection of implied faces.
sysvar,INDEXCTL,,https://help.autodesk.com/cloudhelp/2026/ENU/AutoCAD-Core/files/GUID-78E98530-C455-43AA-8DB8-33EE3EAB85C4.htm,no,,Controls whether layer and spatial indexes are created and saved in drawing files.
sysvar,INETLOCATION,,https://help.autodesk.com/cloudhelp/2026/ENU/AutoCAD-Core/files/GUID-419EE66C-FDFE-4747-BACA-31525420015C.htm,no,,Stores the Internet location used by the BROWSER command and the Browse the Web dialog box.
sysvar,INPUTHISTORYMODE,,https://help.autodesk.com/cloudhelp/2026/ENU/AutoCAD-Core/files/GUID-1906269A-8E27-4E0C-A61A-69A2C2CD8733.htm,no,,Controls the content and location of the user input history.
sysvar,INPUTSEARCHDELAY,,https://help.autodesk.com/cloudhelp/2026/ENU/AutoCAD-Core/files/GUID-86E5D67B-E33C-4A05-8CB9-1F5F208C9B3E.htm,no,,Sets the number of milliseconds to delay before the command line suggestion list is displayed.
sysvar,INSBASE,,https://help.autodesk.com/cloudhelp/2026/ENU/AutoCAD-Core/files/GUID-B0A82E39-CB83-484E-95CB-B35D8114B947.htm,no,,"Stores the insertion base point set by BASE, which gets expressed as a UCS coordinate for the current space."
sysvar,INSNAME,,https://help.autodesk.com/cloudhelp/2026/ENU/AutoCAD-Core/files/GUID-1654B78D-A11A-44D6-9790-28C756929EFB.htm,no,,Sets a default block name for the INSERT command.
sysvar,INSUNITS,,https://help.autodesk.com/cloudhelp/2026/ENU/AutoCAD-Core/files/GUID-A58A87BB-482B-4042-A00A-EEF55A2B4FD8.htm,no,,"Specifies a drawing-units value for automatic scaling of blocks, images, or xrefs when inserted or attached to a drawing."
sysvar,INSUNITSDEFSOURCE,,https://help.autodesk.com/cloudhelp/2026/ENU/AutoCAD-Core/files/GUID-4C21BD16-8C17-4469-A91C-F7CC105B770F.htm,no,,Sets source content units value when INSUNITS is set to 0.
sysvar,INSUNITSDEFTARGET,,https://help.autodesk.com/cloudhelp/2026/ENU/AutoCAD-Core/files/GUID-5E9D42F6-CAE4-49BD-8850-E665455EF5CB.htm,no,,Sets target drawing units value when INSUNITS is set to 0.
sysvar,INTELLIGENTUPDATE,,https://help.autodesk.com/cloudhelp/2026/ENU/AutoCAD-Core/files/GUID-D7F47EA2-4156-45F4-9A83-D96C8E7D22F6.htm,no,,Controls the graphics refresh rate.
sysvar,INTERFERECOLOR,,https://help.autodesk.com/cloudhelp/2026/ENU/AutoCAD-Core/files/GUID-A4EE21EE-4F2B-4E2C-8715-6EAB714C56F8.htm,no,,Sets the color for interference objects.
sysvar,INTERFEREOBJVS,,https://help.autodesk.com/cloudhelp/2026/ENU/AutoCAD-Core/files/GUID-C50BF4CF-4D5E-4820-8AFF-8D0673BD3692.htm,no,,Sets the visual style for interference objects.
sysvar,INTERFEREVPVS,,https://help.autodesk.com/cloudhelp/2026/ENU/AutoCAD-Core/files/GUID-F056B9DB-BE98-4993-9ECD-1953C09A846A.htm,no,,Specifies the visual style for the viewport during interference checking.
sysvar,INTERSECTIONCOLOR,,https://help.autodesk.com/cloudhelp/2026/ENU/AutoCAD-Core/files/GUID-7BF2966C-118B-4AAF-82E5-83A773E1ABEB.htm,no,,Controls the color of polylines at the intersection of 3D surfaces when the visual style is set to 2D Wireframe.
sysvar,INTERSECTIONDISPLAY,,https://help.autodesk.com/cloudhelp/2026/ENU/AutoCAD-Core/files/GUID-E0A00845-398B-484B-9F47-105A6F2BFFD7.htm,no,,Controls the display of the intersections of 3D solids and surfaces when the visual style is set to 2D Wireframe and a HIDE is performed.
sysvar,ISAVEBAK,,https://help.autodesk.com/cloudhelp/2026/ENU/AutoCAD-Core/files/GUID-25AF36C1-CA4A-4C1C-8D93-1C4F436C6C25.htm,no,,Controls whether BAK files are created when drawing files are saved.
sysvar,ISAVEPERCENT,,https://help.autodesk.com/cloudhelp/2026/ENU/AutoCAD-Core/files/GUID-469DFA87-1986-4BDA-918B-1E3F9D6FCDC2.htm,no,,"Controls the amount of space allocated in DWG files for incremental saves, which affects the number of quick save operations that can be performed before a full save is required."
sysvar,ISOLINES,,https://help.autodesk.com/cloudhelp/2026/ENU/AutoCAD-Core/files/GUID-64DC6A85-C9FA-4808-83AD-7F0705296A65.htm,no,,Specifies the number of contour lines displayed on the curved surfaces of 3D solids.
sysvar,JIGZOOMMAX,,https://help.autodesk.com/cloudhelp/2026/ENU/AutoCAD-Core/files/GUID-D3FE6B77-601C-430A-998B-16FAAA96A61E.htm,no,,Controls the maximum percentage of the view dimensions that the block extents must fit when being inserted.
sysvar,JIGZOOMMIN,,https://help.autodesk.com/cloudhelp/2026/ENU/AutoCAD-Core/files/GUID-31EA623B-8681-4BF7-B715-AB88F12D8761.htm,no,,Controls the minimum percentage of the view dimensions that the block extents must fit when being inserted.
sysvar,LARGEOBJECTSUPPORT,,https://help.autodesk.com/cloudhelp/2026/ENU/AutoCAD-Core/files/GUID-DF5416D3-FB6F-4022-A448-62144907CE2D.htm,no,,Controls the size limit for large objects when you open and save drawings.
sysvar,LASTANGLE,,https://help.autodesk.com/cloudhelp/2026/ENU/AutoCAD-Core/files/GUID-FBD5ACF2-BEB9-4159-8F76-AE464DE2DF6F.htm,no,,"Stores the angle of the ending tangent of the last arc, line, or polyline entered relative to the XY plane of the current UCS."
sysvar,LASTPOINT,,https://help.autodesk.com/cloudhelp/2026/ENU/AutoCAD-Core/files/GUID-4EE5F6EA-B8D1-4DD0-8D5D-B7FA2AD3A3D0.htm,no,,"Stores the last point specified, expressed as UCS coordinates for the current space."
sysvar,LASTPROMPT,,https://help.autodesk.com/cloudhelp/2026/ENU/AutoCAD-Core/files/GUID-6C63005A-A87C-416C-B9FC-D11F609143A9.htm,no,,Stores the last string echoed to the Command prompt.
sysvar,LATITUDE,,https://help.autodesk.com/cloudhelp/2026/ENU/AutoCAD-Core/files/GUID-BBA986D3-9BA8-4160-9471-55DAC9EDCA70.htm,no,,Specifies the latitude of the geographic marker.
sysvar,LAYERDLGMODE,,https://help.autodesk.com/cloudhelp/2026/ENU/AutoCAD-Core/files/GUID-E3DD4E11-E47D-4ABA-8D6C-F61D2E16532F.htm,no,,Controls whether the legacy or the current Layer Properties Manager is opened.
sysvar,LAYEREVAL,,https://help.autodesk.com/cloudhelp/2026/ENU/AutoCAD-Core/files/GUID-42F44696-D045-4468-ADEB-E18AEFBA77BF.htm,no,,Specifies whether the layer list is evaluated for new layers when added to the drawing or to attached xrefs.
sysvar,LAYEREVALCTL,,https://help.autodesk.com/cloudhelp/2026/ENU/AutoCAD-Core/files/GUID-4EE593AE-BBD3-43B3-8F31-1896399A55E0.htm,no,,"Controls the Unreconciled New Layer filter list in the Layer Properties Manager, which is evaluated for new layers."
sysvar,LAYERFILTERALERT,,https://help.autodesk.com/cloudhelp/2026/ENU/AutoCAD-Core/files/GUID-7787698E-ADFF-46D1-B096-944103AC90A5.htm,no,,Deletes excess layer filters to improve performance.
sysvar,LAYERMANAGERSTATE,,https://help.autodesk.com/cloudhelp/2026/ENU/AutoCAD-Core/files/GUID-2269B3A5-18DA-4A35-A013-F2EC4D238393.htm,no,,Indicates whether the Layer Properties Manager is open or closed.
sysvar,LAYERNOTIFY,,https://help.autodesk.com/cloudhelp/2026/ENU/AutoCAD-Core/files/GUID-FCE244C3-F642-4EF5-912E-C099EFF9C050.htm,no,,Specifies when an alert displays when unreconciled new layers are found.
sysvar,LAYEROVERRIDEHIGHLIGHT,,https://help.autodesk.com/cloudhelp/2026/ENU/AutoCAD-Core/files/GUID-38E6B19F-A322-4051-8DA0-DB7A9FC2CE7E.htm,no,,Toggles the visibility of the background color highlighting for layers that have overrides.
sysvar,LAYLOCKFADECTL,,https://help.autodesk.com/cloudhelp/2026/ENU/AutoCAD-Core/files/GUID-753F2A76-E248-483F-9F55-CCF613B12C31.htm,no,,Controls the amount of fading for objects on locked layers.
sysvar,LAYOUTCREATEVIEWPORT,,https://help.autodesk.com/cloudhelp/2026/ENU/AutoCAD-Core/files/GUID-799745E4-9804-41A7-BC48-E67CF2615111.htm,no,,Controls whether a viewport is created automatically on each new layout added to a drawing.
sysvar,LAYOUTREGENCTL,,https://help.autodesk.com/cloudhelp/2026/ENU/AutoCAD-Core/files/GUID-A4FB9763-625A-4C4F-B948-100BE5566694.htm,no,,Specifies how the display list is updated in the Model tab and layout tabs.
sysvar,LAYOUTTAB,,https://help.autodesk.com/cloudhelp/2026/ENU/AutoCAD-Core/files/GUID-C340CB7C-F65B-4603-B8F6-9B1C6B5B5E2A.htm,no,,Toggles the visibility of the Model and Layout tabs.
sysvar,LEGACYCODESEARCH,,https://help.autodesk.com/cloudhelp/2026/ENU/AutoCAD-Core/files/GUID-1E582989-79A5-4B88-A9C2-8826E3FF9430.htm,no,,Controls whether searching for executable files includes the folder from which the program is started.
sysvar,LEGACYCTRLPICK,,https://help.autodesk.com/cloudhelp/2026/ENU/AutoCAD-Core/files/GUID-7FD66320-FC7D-4855-886A-C4BF7B3F1C03.htm,no,,Specifies the Ctrl key behavior for selection cycling and subobject selection.
sysvar,LENSLENGTH,,https://help.autodesk.com/cloudhelp/2026/ENU/AutoCAD-Core/files/GUID-78DABC95-C744-4DC2-8A19-4A66711D537C.htm,no,,Stores the length of the lens in millimeters used in perspective viewing.
sysvar,LIGHTGLYPHDISPLAY,,https://help.autodesk.com/cloudhelp/2026/ENU/AutoCAD-Core/files/GUID-D1EA6DB1-C013-4066-9F5A-425AA5833F2B.htm,parked,,out of scope under SD-05
sysvar,LIGHTINGUNITS,,https://help.autodesk.com/cloudhelp/2026/ENU/AutoCAD-Core/files/GUID-B127602F-B213-4F13-83BB-A84031576023.htm,parked,,out of scope under SD-05
sysvar,LIGHTLISTSTATE,,https://help.autodesk.com/cloudhelp/2026/ENU/AutoCAD-Core/files/GUID-CEABCC09-2DD3-4D13-97AC-5CB0C410ECFC.htm,parked,,out of scope under SD-05
sysvar,LIGHTSINBLOCKS,,https://help.autodesk.com/cloudhelp/2026/ENU/AutoCAD-Core/files/GUID-5A21C492-C983-466B-BC6E-02177810722D.htm,parked,,out of scope under SD-05
sysvar,LIMCHECK,,https://help.autodesk.com/cloudhelp/2026/ENU/AutoCAD-Core/files/GUID-84DE5754-71A8-4CA7-91C4-05E0463D2BAB.htm,no,,Controls whether you can create objects outside the grid limits.
sysvar,LIMMAX,,https://help.autodesk.com/cloudhelp/2026/ENU/AutoCAD-Core/files/GUID-CB4FA7B5-7041-481F-858C-C9BFE4AAC660.htm,no,,"Stores the upper-right grid limits for the current space, expressed in world coordinates."
sysvar,LIMMIN,,https://help.autodesk.com/cloudhelp/2026/ENU/AutoCAD-Core/files/GUID-1F2F481D-D130-4ED9-8590-7910F6F7F2D9.htm,no,,"Stores the lower-left grid limits for the current space, expressed in world coordinates."
sysvar,LINEFADING,,https://help.autodesk.com/cloudhelp/2026/ENU/AutoCAD-Core/files/GUID-7AA085DB-2F0C-43B6-933A-DB8170E20F58.htm,no,,Controls whether line displays are faded when hardware acceleration is on and you have exceeded the line density limits.
sysvar,LINEFADINGLEVEL,,https://help.autodesk.com/cloudhelp/2026/ENU/AutoCAD-Core/files/GUID-87F4D6AF-1BB3-4C4C-B86C-4E44E31A8A13.htm,no,,"When hardware acceleration is on, controls the intensity of the line fading effect."
sysvar,LINESMOOTHING,,https://help.autodesk.com/cloudhelp/2026/ENU/AutoCAD-Core/files/GUID-A3F27607-8A69-401B-9247-61E00584B7F4.htm,no,,Controls whether anti-aliasing is applied to 2D objects in 2D wireframe visual styles.
sysvar,LISPSYS,,https://help.autodesk.com/cloudhelp/2026/ENU/AutoCAD-Core/files/GUID-1853092D-6E6D-4A06-8956-AD2C3DF203A3.htm,no,,"Controls the default AutoLISP development environment and, on AutoCAD for Windows only, the behavior of the VLISP command."
sysvar,LOCALE,,https://help.autodesk.com/cloudhelp/2026/ENU/AutoCAD-Core/files/GUID-FC7C9C59-4335-4511-8804-36E1724534CC.htm,no,,Displays a code that indicates the current language.
sysvar,LOCALROOTPREFIX,,https://help.autodesk.com/cloudhelp/2026/ENU/AutoCAD-Core/files/GUID-B91E3446-3DA2-49E6-A312-701104E2F829.htm,no,,Stores the full path to the root folder where local customizable files were installed.
sysvar,LOCKUI,,https://help.autodesk.com/cloudhelp/2026/ENU/AutoCAD-Core/files/GUID-19C5EEB0-D2DD-4726-89A7-3D346B513715.htm,no,,"Locks the location and size of toolbars panels, and dockable windows such as DesignCenter and the Properties palette."
sysvar,LOFTANG1,,https://help.autodesk.com/cloudhelp/2026/ENU/AutoCAD-Core/files/GUID-AF30562B-CAF3-480C-A470-316E995AA084.htm,no,,Sets the draft angle through the first cross section in a loft operation.
sysvar,LOFTANG2,,https://help.autodesk.com/cloudhelp/2026/ENU/AutoCAD-Core/files/GUID-4947343A-BC69-4DB5-A1E9-F80F52996DC9.htm,no,,Sets the draft angle through the last cross section in a loft operation.
sysvar,LOFTMAG1,,https://help.autodesk.com/cloudhelp/2026/ENU/AutoCAD-Core/files/GUID-BC5CCAED-A9E9-4D3B-BCC7-242A31D9E777.htm,no,,Sets the magnitude of the draft angle through the first cross section in a loft operation.
sysvar,LOFTMAG2,,https://help.autodesk.com/cloudhelp/2026/ENU/AutoCAD-Core/files/GUID-128216DE-135C-4135-9787-3386CBFE4B56.htm,no,,Sets the magnitude of the draft angle through the last cross section in a loft operation.
sysvar,LOFTNORMALS,,https://help.autodesk.com/cloudhelp/2026/ENU/AutoCAD-Core/files/GUID-1176E493-3EF5-4FE0-9199-F6EEC132E362.htm,no,,Controls the normals of a lofted object where it passes through cross sections.
sysvar,LOFTPARAM,,https://help.autodesk.com/cloudhelp/2026/ENU/AutoCAD-Core/files/GUID-D2666F77-526D-4A38-BE6F-4E7CD99EF1F7.htm,no,,Controls the shape of lofted solids and surfaces.
sysvar,LOGFILEMODE,,https://help.autodesk.com/cloudhelp/2026/ENU/AutoCAD-Core/files/GUID-C0C25385-F210-4834-B7D4-B29C2592D36A.htm,no,,Specifies whether the contents of the command history are written to a log file.
sysvar,LOGFILENAME,,https://help.autodesk.com/cloudhelp/2026/ENU/AutoCAD-Core/files/GUID-38D94E23-56D3-4B41-8684-200150A2DDA7.htm,no,,Specifies the path and name of the command history log file for the current drawing.
sysvar,LOGFILEPATH,,https://help.autodesk.com/cloudhelp/2026/ENU/AutoCAD-Core/files/GUID-0E2D4DF2-4C26-48AC-ACBC-819E3C46CE59.htm,no,,Specifies the path for the command history log files for all drawings in a session.
sysvar,LOGINNAME,,https://help.autodesk.com/cloudhelp/2026/ENU/AutoCAD-Core/files/GUID-81446F4E-F6DC-442A-9889-EE777D3D49B9.htm,no,,Displays the current user's login name and is saved with the file properties statistics of DWG and related files.
sysvar,LONGITUDE,,https://help.autodesk.com/cloudhelp/2026/ENU/AutoCAD-Core/files/GUID-C745C49D-3646-4C3E-B32E-7AC0F89E854E.htm,no,,Specifies the longitude of the geographic marker.
sysvar,LTGAPSELECTION,,https://help.autodesk.com/cloudhelp/2026/ENU/AutoCAD-Core/files/GUID-C3816CB5-ED9D-4F7B-8F1A-C974E17D0FF7.htm,no,,Controls whether you can select or snap to the gaps on objects defined with non-continuous linetype.
sysvar,LTSCALE,,https://help.autodesk.com/cloudhelp/2026/ENU/AutoCAD-Core/files/GUID-88787AE5-957B-483C-9EEF-51564114181F.htm,no,,Sets the global linetype scale factor.
sysvar,LUNITS,,https://help.autodesk.com/cloudhelp/2026/ENU/AutoCAD-Core/files/GUID-D7C80D1F-B1C0-44A9-898E-B3100FF391CB.htm,no,,Sets the linear units format for creating objects.
sysvar,LUPREC,,https://help.autodesk.com/cloudhelp/2026/ENU/AutoCAD-Core/files/GUID-5FFF39D6-EFC7-49F5-B56A-6023EB5C0DE7.htm,no,,Sets the display precision for linear units and coordinates.
sysvar,LWDEFAULT,,https://help.autodesk.com/cloudhelp/2026/ENU/AutoCAD-Core/files/GUID-969FE4A6-C30D-44DE-AFD4-A81B53F175F6.htm,no,,Sets the value for the default lineweight.
sysvar,LWDISPLAY,,https://help.autodesk.com/cloudhelp/2026/ENU/AutoCAD-Core/files/GUID-18CA6E8F-0008-402E-9F6B-2F9ED8A0A7DD.htm,no,,Controls whether the lineweights of objects are displayed.
sysvar,LWUNITS,,https://help.autodesk.com/cloudhelp/2026/ENU/AutoCAD-Core/files/GUID-60AD1B40-39E8-4918-B93D-647CBA439E30.htm,no,,Controls whether lineweight units are displayed in inches or in millimeters.
sysvar,MACROINSIGHTSSUPPORT,,https://help.autodesk.com/cloudhelp/2026/ENU/AutoCAD-Core/files/GUID-D1780F08-853C-4AAF-BD71-D0E27C3E8018.htm,no,,Controls whether macro insights can be received based on the command sequences you execute.
sysvar,MACRONOTIFY,,https://help.autodesk.com/cloudhelp/2026/ENU/AutoCAD-Core/files/GUID-4AA4D305-A5CC-4A56-B188-BF114A0E9C91.htm,no,,Controls the notification for macro insights.
sysvar,MARKUPASSISTMODE,,https://help.autodesk.com/cloudhelp/2026/ENU/AutoCAD-Core/files/GUID-7C483FAC-793E-422F-B500-4D6F7AE96A89.htm,no,,Controls whether identified markups are highlighted.
sysvar,MARKUPPAPERDISPLAY,,https://help.autodesk.com/cloudhelp/2026/ENU/AutoCAD-Core/files/GUID-9F391B6F-5065-40C3-AF02-5E252F9FD807.htm,no,,Controls the level of transparency when a digital markup is active.
sysvar,MARKUPPAPERTRANSPARENCY,,https://help.autodesk.com/cloudhelp/2026/ENU/AutoCAD-Core/files/GUID-49945E9C-9B38-42DD-9197-B3561CB1C945.htm,no,,Controls the level of transparency of the markup drawing background image when a digital markup is active.
sysvar,MARKUPSELECTIONMODE,,https://help.autodesk.com/cloudhelp/2026/ENU/AutoCAD-Core/files/GUID-ACCD06B0-30FD-4901-987A-38E3F89AC838.htm,no,,Enables selection using boundary markup assist boxes as criteria.
sysvar,MATBROWSERSTATE,,https://help.autodesk.com/cloudhelp/2026/ENU/AutoCAD-Core/files/GUID-EE82A39A-90F8-46F7-87FC-4AF9E9AEB833.htm,no,,Indicates whether the Materials Browser is open or closed.
sysvar,MATEDITORSTATE,,https://help.autodesk.com/cloudhelp/2026/ENU/AutoCAD-Core/files/GUID-38D9209A-0682-44F3-B065-1EB70D7B1B5F.htm,no,,Indicates whether the Materials Editor is open or closed.
sysvar,MAXACTVP,,https://help.autodesk.com/cloudhelp/2026/ENU/AutoCAD-Core/files/GUID-86846A4D-4E21-4E62-A710-E7B55243452D.htm,no,,Sets the maximum number of viewports that can be active at one time on a layout.
sysvar,MAXINTERSECTIONCURVEPOINTS,,https://help.autodesk.com/cloudhelp/2026/ENU/AutoCAD-Core/files/GUID-DEFF9536-EAB5-42F4-B61B-4EB36BFD685F.htm,no,,Controls the upper limit of the number of control points or vertices that splines and polylines can include in the intersection calculations.
sysvar,MAXSORT,,https://help.autodesk.com/cloudhelp/2026/ENU/AutoCAD-Core/files/GUID-7AD30968-4982-4E1C-9847-69A5EAEB7C63.htm,no,,"Sets the maximum number of items such as file names, layer names, and block names that are sorted alphabetically in dialog boxes, drop-down lists, and palettes."
sysvar,MAXTOUCHES,,https://help.autodesk.com/cloudhelp/2026/ENU/AutoCAD-Core/files/GUID-9083CEB0-765A-4812-9F83-AD8320E079D2.htm,no,,Identifies the number of touch points supported by connected digitizers.
sysvar,MBUTTONPAN,,https://help.autodesk.com/cloudhelp/2026/ENU/AutoCAD-Core/files/GUID-07122CB7-EC98-4D5F-B3BE-16EA6FB54CED.htm,no,,Controls the behavior of the third button or wheel on the pointing device.
sysvar,MEASUREINIT,,https://help.autodesk.com/cloudhelp/2026/ENU/AutoCAD-Core/files/GUID-5F81863D-FAA6-4837-9071-F91C3E1A1E26.htm,no,,Controls whether a drawing you start from scratch uses imperial or metric default settings.
sysvar,MEASUREMENT,,https://help.autodesk.com/cloudhelp/2026/ENU/AutoCAD-Core/files/GUID-1D074C55-0B63-482E-8A37-A52AC0C7C8FE.htm,no,,Controls whether the current drawing uses imperial or metric hatch pattern and linetype files.
sysvar,MENUBAR,,https://help.autodesk.com/cloudhelp/2026/ENU/AutoCAD-Core/files/GUID-27FE369A-FBB3-4559-9093-F572EE00AD6C.htm,no,,Controls the display of the menu bar.
sysvar,MENUECHO,,https://help.autodesk.com/cloudhelp/2026/ENU/AutoCAD-Core/files/GUID-B28F3542-B21B-45BF-987E-63303EE18170.htm,no,,Sets menu echo and prompt control bits.
sysvar,MENUNAME,,https://help.autodesk.com/cloudhelp/2026/ENU/AutoCAD-Core/files/GUID-9F0A50EB-0A85-473E-9AF5-184B25B81D40.htm,no,,"Stores the customization file name, including the path for the file name."
sysvar,MESHTYPE,,https://help.autodesk.com/cloudhelp/2026/ENU/AutoCAD-Core/files/GUID-BC7C217E-CBA1-43AF-8688-81204DFDCDEB.htm,parked,,out of scope under SD-05
sysvar,MILLISECS,,https://help.autodesk.com/cloudhelp/2026/ENU/AutoCAD-Core/files/GUID-C89F7375-E923-489C-B59F-A145270D6007.htm,no,,Stores the number of milliseconds that have elapsed since the system was started.
sysvar,MIRRHATCH,,https://help.autodesk.com/cloudhelp/2026/ENU/AutoCAD-Core/files/GUID-427D4868-B3BF-48F1-8BB8-04FE1B3976D4.htm,no,,Controls how MIRROR reflects hatch patterns.
sysvar,MIRRTEXT,,https://help.autodesk.com/cloudhelp/2026/ENU/AutoCAD-Core/files/GUID-D55D2D18-B26E-4525-B5E4-03A2A07FB5F6.htm,no,,Controls how MIRROR reflects text.
sysvar,MLEADERLAYER,,https://help.autodesk.com/cloudhelp/2026/ENU/AutoCAD-Core/files/GUID-1A3337E5-3C1E-446C-9EED-91B3931EE2B0.htm,no,,Specifies a default layer for new multileaders.
sysvar,MLEADERSCALE,,https://help.autodesk.com/cloudhelp/2026/ENU/AutoCAD-Core/files/GUID-79E3F4C9-2F20-4DE0-8966-E4636ACF6E68.htm,no,,Sets the overall scale factor applied to multileader objects.
sysvar,MODEMACRO,,https://help.autodesk.com/cloudhelp/2026/ENU/AutoCAD-Core/files/GUID-3637B188-6520-4BCB-B40F-1E0428AE34AD.htm,no,,"Displays a text string on the status line, such as the name of the current drawing, time/date stamp, or special modes."
sysvar,MSLTSCALE,,https://help.autodesk.com/cloudhelp/2026/ENU/AutoCAD-Core/files/GUID-023B046C-56EA-463C-A867-DF713666A69E.htm,no,,Scales linetypes displayed on the model tab by the annotation scale.
sysvar,MSMSTATE,,https://help.autodesk.com/cloudhelp/2026/ENU/AutoCAD-Core/files/GUID-71C7F558-EDEE-4890-94F7-05F2C3CC83C0.htm,no,,Indicates whether the Markup Set Manager is open or closed.
sysvar,MSOLESCALE,,https://help.autodesk.com/cloudhelp/2026/ENU/AutoCAD-Core/files/GUID-EB73E96B-3B3B-49DC-AE73-1DF7F9EE2CEE.htm,no,,Controls the size of an OLE object with text that is pasted into model space.
sysvar,MTEXTAUTOSTACK,,https://help.autodesk.com/cloudhelp/2026/ENU/AutoCAD-Core/files/GUID-B8FD8188-880B-4F95-BF74-D3D67B6F46D2.htm,no,,Controls autostacking for the MTEXT command.
sysvar,MTEXTCOLUMN,,https://help.autodesk.com/cloudhelp/2026/ENU/AutoCAD-Core/files/GUID-188C7F13-7046-436E-9F4E-6E05984456E8.htm,no,,Sets the default column setting for an mtext object.
sysvar,MTEXTDETECTSPACE,,https://help.autodesk.com/cloudhelp/2026/ENU/AutoCAD-Core/files/GUID-CDEA90C9-66CB-4F23-9FB6-5BD7F49796C2.htm,no,,Controls whether the keyboard spacebar is used to create list items in the MTEXT command.
sysvar,MTEXTED,,https://help.autodesk.com/cloudhelp/2026/ENU/AutoCAD-Core/files/GUID-C7CF957C-3A44-4667-8ABE-22CAFDF99145.htm,no,,Sets the application for editing multiline text objects.
sysvar,MTEXTEDENCODING,,https://help.autodesk.com/cloudhelp/2026/ENU/AutoCAD-Core/files/GUID-ACA606FE-B114-4106-B054-2B9CC7B3B6A7.htm,no,,Sets the expected encoding to use when reading the output from an external editor while editing MText.
sysvar,MTEXTFIXED,,https://help.autodesk.com/cloudhelp/2026/ENU/AutoCAD-Core/files/GUID-614588C8-2375-4D1B-A645-A9376D170B02.htm,no,,Sets the display size and orientation behavior of the In-Place Text Editor for multiline text.
sysvar,MTEXTTOOLBAR,,https://help.autodesk.com/cloudhelp/2026/ENU/AutoCAD-Core/files/GUID-D920DB3C-8BF6-4219-B9E8-782D93785821.htm,no,,Controls the display of the Text Formatting toolbar.
sysvar,MTJIGSTRING,,https://help.autodesk.com/cloudhelp/2026/ENU/AutoCAD-Core/files/GUID-A4497DDB-EAC9-4DFD-837D-19B85C6426C1.htm,no,,Sets the content of the sample text displayed at the cursor location when the MTEXT command is started.
sysvar,MVIEWPREVIEW,,https://help.autodesk.com/cloudhelp/2026/ENU/AutoCAD-Core/files/GUID-2CA0AB1A-D237-4C8D-A9A7-C23D8339102A.htm,no,,Controls the preview behavior when inserting a named or new layout viewport.
sysvar,MYDOCUMENTSPREFIX,,https://help.autodesk.com/cloudhelp/2026/ENU/AutoCAD-Core/files/GUID-BB7A683E-4CBE-4FE6-8C0B-431A0CCD91A6.htm,no,,Stores the full path to the My Documents folder for the user currently logged on.
sysvar,NAVBARDISPLAY,,https://help.autodesk.com/cloudhelp/2026/ENU/AutoCAD-Core/files/GUID-96CA70D4-A86A-4BEE-BBB3-BFF1C28799A2.htm,no,,Controls the display of the navigation bar in all viewports.
sysvar,NAVSWHEELMODE,,https://help.autodesk.com/cloudhelp/2026/ENU/AutoCAD-Core/files/GUID-BF597215-83F8-42B0-95B5-3A6D588B6BA7.htm,no,,Specifies the current mode of the SteeringWheel.
sysvar,NAVSWHEELOPACITYBIG,,https://help.autodesk.com/cloudhelp/2026/ENU/AutoCAD-Core/files/GUID-E2B522DD-4DA7-40BF-A078-C6C6E4E726BF.htm,no,,Controls the opacity of the big SteeringWheels.
sysvar,NAVSWHEELOPACITYMINI,,https://help.autodesk.com/cloudhelp/2026/ENU/AutoCAD-Core/files/GUID-ECB4FE77-CB72-4D88-9BB5-110A63B2AA86.htm,no,,Controls the opacity of the mini SteeringWheels.
sysvar,NAVSWHEELSIZEBIG,,https://help.autodesk.com/cloudhelp/2026/ENU/AutoCAD-Core/files/GUID-DD21EA8A-6893-4883-95E8-380E78C7ED7F.htm,no,,Specifies the size of the big SteeringWheels.
sysvar,NAVSWHEELSIZEMINI,,https://help.autodesk.com/cloudhelp/2026/ENU/AutoCAD-Core/files/GUID-95FBFDE3-9A89-4A24-A2A3-91A9416A3498.htm,no,,Specifies the size of the mini SteeringWheels.
sysvar,NAVVCUBEDISPLAY,,https://help.autodesk.com/cloudhelp/2026/ENU/AutoCAD-Core/files/GUID-0D362177-000F-4722-83D8-0B808F4A4C97.htm,no,,Controls the display of the ViewCube tool in the current visual style and the current viewport.
sysvar,NAVVCUBELOCATION,,https://help.autodesk.com/cloudhelp/2026/ENU/AutoCAD-Core/files/GUID-37832360-B7F4-4C03-8FDD-54C21D2383E2.htm,no,,Identifies the corner in a viewport where the ViewCube tool is displayed.
sysvar,NAVVCUBEOPACITY,,https://help.autodesk.com/cloudhelp/2026/ENU/AutoCAD-Core/files/GUID-629F5CDF-9266-4614-AC67-A022181CFF1B.htm,no,,Controls the opacity of the ViewCube tool when inactive.
sysvar,NAVVCUBEORIENT,,https://help.autodesk.com/cloudhelp/2026/ENU/AutoCAD-Core/files/GUID-34A9363D-2578-4CBF-B9CC-3B4452DE8FB3.htm,no,,Controls whether the ViewCube tool reflects the current UCS or WCS.
sysvar,NAVVCUBESIZE,,https://help.autodesk.com/cloudhelp/2026/ENU/AutoCAD-Core/files/GUID-775F24B6-7044-43DF-8967-A5C6EE930758.htm,no,,Specifies the size of the ViewCube tool.
sysvar,NOMUTT,,https://help.autodesk.com/cloudhelp/2026/ENU/AutoCAD-Core/files/GUID-9289326E-DEE9-40E7-839C-A4B031A29B2A.htm,no,,Suppresses the message display (muttering) when it wouldn't normally be suppressed.
sysvar,NORTHDIRECTION,,https://help.autodesk.com/cloudhelp/2026/ENU/AutoCAD-Core/files/GUID-ABD3783D-4D11-40B0-9499-4FC7F42E155D.htm,no,,Specifies the angle between the Y axis of WCS and the grid north.
sysvar,OBJECTISOLATIONMODE,,https://help.autodesk.com/cloudhelp/2026/ENU/AutoCAD-Core/files/GUID-B4ED98BE-62D0-4982-82A2-87B744C56F99.htm,no,,Controls whether hidden objects remain hidden between drawing sessions.
sysvar,OBSCUREDCOLOR,,https://help.autodesk.com/cloudhelp/2026/ENU/AutoCAD-Core/files/GUID-31495F30-D8DA-4A33-BAF0-730A5DD90890.htm,no,,Specifies the color of obscured lines.
sysvar,OBSCUREDLTYPE,,https://help.autodesk.com/cloudhelp/2026/ENU/AutoCAD-Core/files/GUID-072B3C99-2B93-49C4-8B92-FBDD05BC2399.htm,no,,Specifies the linetype of obscured lines.
sysvar,OFFSETDIST,,https://help.autodesk.com/cloudhelp/2026/ENU/AutoCAD-Core/files/GUID-4296AA53-76EF-4BDA-8B73-1AF08EA0B523.htm,yes,packages/kernel/src/lib.rs:202,Sets the default offset distance.
sysvar,OFFSETGAPTYPE,,https://help.autodesk.com/cloudhelp/2026/ENU/AutoCAD-Core/files/GUID-EB2A74E1-E6C8-4690-9658-7F731AB7FD84.htm,yes,packages/kernel/src/lib.rs:202,Controls how potential gaps between segments are treated when polylines are offset.
sysvar,OLEFRAME,,https://help.autodesk.com/cloudhelp/2026/ENU/AutoCAD-Core/files/GUID-24F7D9D4-0E89-49AA-BDB9-DB4644DAA3A3.htm,no,,Controls whether a frame is displayed and plotted on all OLE objects in the drawing.
sysvar,OLEHIDE,,https://help.autodesk.com/cloudhelp/2026/ENU/AutoCAD-Core/files/GUID-5C49940E-532B-4FDF-8EC4-D75C9779A8B8.htm,no,,Controls the display and plotting of OLE objects.
sysvar,OLEQUALITY,,https://help.autodesk.com/cloudhelp/2026/ENU/AutoCAD-Core/files/GUID-1366AB24-F08B-40F9-9EFC-05BED0A1767C.htm,no,,Sets the default plot quality for all OLE objects.
sysvar,OLESTARTUP,,https://help.autodesk.com/cloudhelp/2026/ENU/AutoCAD-Core/files/GUID-AD39941E-879B-4DA0-BF34-04C8AAE6BD43.htm,no,,Controls whether the source application of an embedded OLE object loads when plotting.
sysvar,ONLINEUSERID,,https://help.autodesk.com/cloudhelp/2026/ENU/AutoCAD-Core/files/GUID-7163D7D2-FE81-4A3D-8B0B-AAD0C6FB74A0.htm,no,,Displays the user ID associated with the Autodesk account of the user whose currently logged into this product.
sysvar,ONLINEUSERNAME,,https://help.autodesk.com/cloudhelp/2026/ENU/AutoCAD-Core/files/GUID-2AC3A13E-DDC5-427F-B0A3-4B9E7BDAD2E9.htm,no,,Displays the Autodesk account name of the user whose currently logged into this product.
sysvar,OPMSTATE,,https://help.autodesk.com/cloudhelp/2026/ENU/AutoCAD-Core/files/GUID-757527A0-4FD6-464B-A91D-1618E71E09FE.htm,no,,"Indicates whether the Properties palette is open, closed, or hidden."
sysvar,ORBITAUTOTARGET,,https://help.autodesk.com/cloudhelp/2026/ENU/AutoCAD-Core/files/GUID-4E7E1156-CADF-410C-BDD0-C209FDD8953E.htm,no,,Controls how the target point is acquired for the 3DORBIT command.
sysvar,ORTHOMODE,,https://help.autodesk.com/cloudhelp/2026/ENU/AutoCAD-Core/files/GUID-CF142B68-675B-452F-B3A8-7831DDB71BD0.htm,no,,Constrains cursor movement to the perpendicular.
sysvar,OSMODE,,https://help.autodesk.com/cloudhelp/2026/ENU/AutoCAD-Core/files/GUID-DD9B3216-A533-4D47-95D8-7585F738FD75.htm,no,,Sets running object snaps.
sysvar,OSNAPCOORD,,https://help.autodesk.com/cloudhelp/2026/ENU/AutoCAD-Core/files/GUID-94994960-5E62-4044-BEF7-9CF91667F641.htm,no,,Controls whether coordinates entered on the command line will override running object snaps.
sysvar,OSNAPNODELEGACY,,https://help.autodesk.com/cloudhelp/2026/ENU/AutoCAD-Core/files/GUID-BF86DE5F-49D6-481D-BE1E-09A89F0F3DD2.htm,no,,Controls whether the Node object snap can be used to snap to multiline text objects.
sysvar,OSNAPOVERRIDE,,https://help.autodesk.com/cloudhelp/2026/ENU/AutoCAD-Core/files/GUID-F3B84568-4B41-427C-8B9F-FE4C1E547D9D.htm,no,,Prevents overrides to default object snap settings.
sysvar,OSNAPZ,,https://help.autodesk.com/cloudhelp/2026/ENU/AutoCAD-Core/files/GUID-5A49F08E-C0FD-4B38-9253-BC60197E1A60.htm,no,,Controls whether object snaps are automatically projected onto a plane parallel to the XY plane of the current UCS at the current elevation.
sysvar,OSOPTIONS,,https://help.autodesk.com/cloudhelp/2026/ENU/AutoCAD-Core/files/GUID-0D05BECE-0DC3-454D-999A-208C6DBC3C3E.htm,no,,"Controls whether objects snaps are suppressed on hatch objects, geometry with negative Z values when using dynamic UCS, or dimension extension lines."
sysvar,PALETTEOPAQUE,,https://help.autodesk.com/cloudhelp/2026/ENU/AutoCAD-Core/files/GUID-32C9D125-6D80-4C1B-A51D-3F48854BD1E4.htm,no,,Controls whether palettes can be made transparent.
sysvar,PAPERUPDATE,,https://help.autodesk.com/cloudhelp/2026/ENU/AutoCAD-Core/files/GUID-35A66DE6-B442-43E3-B62C-BF204D45EC0E.htm,no,,Controls the display of a warning dialog box when attempting to print a layout with a paper size different from the paper size specified by the default for the plotter configuration file.
sysvar,PARAMETERCOPYMODE,,https://help.autodesk.com/cloudhelp/2026/ENU/AutoCAD-Core/files/GUID-003EF122-5624-4CBA-A925-9D9B756C1490.htm,no,,"Controls how constraints and referenced user parameters are handled when constrained objects are copied between drawings, Model space and layouts, and block definitions."
sysvar,PARAMETERSSTATUS,,https://help.autodesk.com/cloudhelp/2026/ENU/AutoCAD-Core/files/GUID-6F68AA1F-4273-48D5-A688-B8E2C9D5C11D.htm,no,,Indicates whether the Parameters Manager is displayed or hidden.
sysvar,PASTESPECMODE,,https://help.autodesk.com/cloudhelp/2026/ENU/AutoCAD-Core/files/GUID-BBFB5A36-686D-4BAF-8AF3-B06BE9AFED56.htm,no,,Controls the cell formatting of Microsoft Excel data when using PASTESPEC command with the AutoCAD Entities option.
sysvar,PCMSTATE,,https://help.autodesk.com/cloudhelp/2026/ENU/AutoCAD-Core/files/GUID-BD650D0C-95CA-4168-9594-0A251190C710.htm,no,,Indicates whether the Point Cloud Manager is open or closed.
sysvar,PDFFRAME,,https://help.autodesk.com/cloudhelp/2026/ENU/AutoCAD-Core/files/GUID-9FC48ACE-3962-4977-B2BB-CD90984E91D6.htm,no,,Determines whether the PDF underlay frame is visible.
sysvar,PDFIMPORTFILTER,,https://help.autodesk.com/cloudhelp/2026/ENU/AutoCAD-Core/files/GUID-79A946C3-7E9C-4E7F-B175-23CC55978028.htm,no,,Controls what types of data are imported from a PDF file and converted to AutoCAD objects.
sysvar,PDFIMPORTIMAGEPATH,,https://help.autodesk.com/cloudhelp/2026/ENU/AutoCAD-Core/files/GUID-4DB80DEB-CDE2-430B-9D5E-7A3828BC7832.htm,no,,Specifies the folder where referenced image files are extracted and saved when importing PDF files.
sysvar,PDFIMPORTLAYERS,,https://help.autodesk.com/cloudhelp/2026/ENU/AutoCAD-Core/files/GUID-F5A62383-B2F2-4003-8BE2-5E3E5419593D.htm,no,,Controls what layers are assigned to objects imported from PDF files.
sysvar,PDFIMPORTMODE,,https://help.autodesk.com/cloudhelp/2026/ENU/AutoCAD-Core/files/GUID-669F39FF-972F-4C24-8841-E42185A44843.htm,no,,Controls the default processing when importing objects from a PDF file.
sysvar,PDFOSNAP,,https://help.autodesk.com/cloudhelp/2026/ENU/AutoCAD-Core/files/GUID-9E9F06D1-115B-4966-ABE8-F129AFDB36FB.htm,no,,Determines whether object snapping is active for geometry in PDF underlays that are attached to the drawing.
sysvar,PDFSHX,,https://help.autodesk.com/cloudhelp/2026/ENU/AutoCAD-Core/files/GUID-56EA988C-A1DA-4E85-8765-B3F31A01AB02.htm,no,,Controls whether text objects using SHX fonts are stored in PDF files as comments or hidden text when you export a drawing as a PDF file.
sysvar,PDFSHXBESTFONT,,https://help.autodesk.com/cloudhelp/2026/ENU/AutoCAD-Core/files/GUID-5734B0FD-1813-4926-BFCD-47CDF24FFAEC.htm,no,,"When converting imported PDF geometry to text, controls whether the PDFSHXTEXT command uses the best matching font or uses the first selected font that exceeds the recognition threshold."
sysvar,PDFSHXLAYER,,https://help.autodesk.com/cloudhelp/2026/ENU/AutoCAD-Core/files/GUID-E2F6E9D6-8696-42D8-8DE4-8D82FB1F4C81.htm,no,,Controls what layer is assigned to newly created text objects when converting SHX geometry to text objects.
sysvar,PDFSHXTHRESHOLD,,https://help.autodesk.com/cloudhelp/2026/ENU/AutoCAD-Core/files/GUID-C9A0DC3C-7906-45A2-9997-ECEC9CFA2758.htm,no,,Sets the percentage of the selected geometry that must match a font before the geometry is converted to text objects.
sysvar,PDMODE,,https://help.autodesk.com/cloudhelp/2026/ENU/AutoCAD-Core/files/GUID-82F9BB52-D026-4D6A-ABA6-BF29641F459B.htm,no,,Controls how point objects are displayed.
sysvar,PDSIZE,,https://help.autodesk.com/cloudhelp/2026/ENU/AutoCAD-Core/files/GUID-826CA91D-704B-400B-B784-7FCC9619AFB9.htm,no,,Sets the display size for point objects.
sysvar,PEDITACCEPT,,https://help.autodesk.com/cloudhelp/2026/ENU/AutoCAD-Core/files/GUID-ED35EB02-53AD-4725-97DD-346C7E01974D.htm,no,,Automatically converts selected objects into polylines without a prompt when using PEDIT.
sysvar,PELLIPSE,,https://help.autodesk.com/cloudhelp/2026/ENU/AutoCAD-Core/files/GUID-A1C64346-BBFC-4FE9-B346-BCD121BEFA0A.htm,no,,Controls the ellipse type created with ELLIPSE.
sysvar,PERIMETER,,https://help.autodesk.com/cloudhelp/2026/ENU/AutoCAD-Core/files/GUID-A4F61BB1-2B36-41FE-8B67-FDABB2F62814.htm,no,,"Stores the last perimeter value computed by the AREA, DBLIST, LIST, and MEASUREGEOM commands."
sysvar,PERSPECTIVE,,https://help.autodesk.com/cloudhelp/2026/ENU/AutoCAD-Core/files/GUID-37819B48-C614-40B8-9004-A0D862B90BAC.htm,no,,Specifies whether the current viewport displays a perspective view.
sysvar,PERSPECTIVECLIP,,https://help.autodesk.com/cloudhelp/2026/ENU/AutoCAD-Core/files/GUID-0854F8E9-AB7B-44F5-8B4D-0215922A77B6.htm,no,,Determines the location of eyepoint clipping.
sysvar,PFACEVMAX,,https://help.autodesk.com/cloudhelp/2026/ENU/AutoCAD-Core/files/GUID-3FA5C664-0F03-45C6-8E05-3C3614F123C3.htm,no,,Sets the maximum number of face vertices in a polyface mesh.
sysvar,PICKADD,,https://help.autodesk.com/cloudhelp/2026/ENU/AutoCAD-Core/files/GUID-47C2A568-30EE-4F07-916F-884CDE25CBCA.htm,no,,Controls whether subsequent selections replace the current selection set or add to it.
sysvar,PICKAUTO,,https://help.autodesk.com/cloudhelp/2026/ENU/AutoCAD-Core/files/GUID-7BAAA374-8409-4296-B520-C5355941C836.htm,no,,Controls automatic windowing for object selection.
sysvar,PICKBOX,,https://help.autodesk.com/cloudhelp/2026/ENU/AutoCAD-Core/files/GUID-363698CF-C3DC-4770-81EF-CB09D86B3D3A.htm,no,,"Sets the object selection target height, in device independent pixels."
sysvar,PICKDRAG,,https://help.autodesk.com/cloudhelp/2026/ENU/AutoCAD-Core/files/GUID-46CBF4EF-E210-447D-AE6E-793249551640.htm,no,,Controls the method of drawing a selection window.
sysvar,PICKFIRST,,https://help.autodesk.com/cloudhelp/2026/ENU/AutoCAD-Core/files/GUID-258E01D5-83E8-40EB-9662-78C626A60844.htm,no,,Controls whether you can select objects before you start a command.
sysvar,PICKSTYLE,,https://help.autodesk.com/cloudhelp/2026/ENU/AutoCAD-Core/files/GUID-0F1D2321-E474-48AA-9179-98F17CCCA239.htm,no,,Controls the use of group selection and associative hatch selection.
sysvar,PLACEMENTSWITCH,,https://help.autodesk.com/cloudhelp/2026/ENU/AutoCAD-Core/files/GUID-F1EDAE78-D9F6-48B3-AD0F-8503CD3FED02.htm,no,,Indicates whether placement suggestions are displayed by default as you insert a block.
sysvar,PLATFORM,,https://help.autodesk.com/cloudhelp/2026/ENU/AutoCAD-Core/files/GUID-8236A789-3725-4D4A-BCEF-C955B93A1E93.htm,no,,Indicates which operating system is in use.
sysvar,PLINECONVERTMODE,,https://help.autodesk.com/cloudhelp/2026/ENU/AutoCAD-Core/files/GUID-AB5B75E5-2302-454E-B4D5-5C0DBD7EF1F6.htm,no,,Specifies the fit method used when converting splines to polylines.
sysvar,PLINEGCENMAX,,https://help.autodesk.com/cloudhelp/2026/ENU/AutoCAD-Core/files/GUID-98FF3F46-C887-461C-AF0C-A3E6EB0C73A9.htm,no,,Sets the maximum number of segments that a polyline can have for the application to calculate the geometric center.
sysvar,PLINEGEN,,https://help.autodesk.com/cloudhelp/2026/ENU/AutoCAD-Core/files/GUID-352844E4-FBEA-44E0-B8F3-41C4187AD9C7.htm,no,,Controls how linetype patterns generate around the vertices of a 2D polyline when it is drawn.
sysvar,PLINEREVERSEWIDTHS,,https://help.autodesk.com/cloudhelp/2026/ENU/AutoCAD-Core/files/GUID-9E0951E0-1917-4309-85C6-96A9ACFC04CF.htm,no,,Controls the appearance of a polyline when its direction is reversed.
sysvar,PLINETYPE,,https://help.autodesk.com/cloudhelp/2026/ENU/AutoCAD-Core/files/GUID-F6027128-2707-4BBE-A0A4-C757435D4874.htm,no,,Specifies whether optimized lightweight 2D polylines are used.
sysvar,PLINEWID,,https://help.autodesk.com/cloudhelp/2026/ENU/AutoCAD-Core/files/GUID-35EEB892-15C9-442F-847D-2F4DC52E9690.htm,no,,Stores the default polyline width.
sysvar,PLOTOFFSET,,https://help.autodesk.com/cloudhelp/2026/ENU/AutoCAD-Core/files/GUID-6890E492-8774-4DFA-B808-9E179431E84B.htm,no,,Controls whether the plot offset is relative to the printable area or to the edge of the paper.
sysvar,PLOTROTMODE,,https://help.autodesk.com/cloudhelp/2026/ENU/AutoCAD-Core/files/GUID-B376D968-4346-4D7E-9AE5-3888317B5730.htm,no,,Controls the orientation of plots.
sysvar,PLOTTRANSPARENCYOVERRIDE,,https://help.autodesk.com/cloudhelp/2026/ENU/AutoCAD-Core/files/GUID-38F03A2C-6D36-4AD9-BBE0-9CA574BEF218.htm,no,,Controls whether object transparency is plotted.
sysvar,PLQUIET,,https://help.autodesk.com/cloudhelp/2026/ENU/AutoCAD-Core/files/GUID-2CB8CDA5-CDD7-472D-8F34-EB7C23B8CAFE.htm,no,,Controls the display of optional plot-related dialog boxes and nonfatal errors for scripts.
sysvar,POINTCLOUD2DVSDISPLAY,,https://help.autodesk.com/cloudhelp/2026/ENU/AutoCAD-Core/files/GUID-78A7FF41-2B0F-4141-AFB4-D5283EEB6567.htm,parked,,out of scope under SD-05
sysvar,POINTCLOUDAUTOUPDATE,,https://help.autodesk.com/cloudhelp/2026/ENU/AutoCAD-Core/files/GUID-8DEF25C6-2F91-4BD1-AC92-B0ABBA291467.htm,parked,,out of scope under SD-05
sysvar,POINTCLOUDBOUNDARY,,https://help.autodesk.com/cloudhelp/2026/ENU/AutoCAD-Core/files/GUID-1ECCB280-F235-44AF-B3C8-D422BCC65A3B.htm,parked,,out of scope under SD-05
sysvar,POINTCLOUDCACHESIZE,,https://help.autodesk.com/cloudhelp/2026/ENU/AutoCAD-Core/files/GUID-FA022633-3BB5-4881-9ED1-A514F685186C.htm,parked,,out of scope under SD-05
sysvar,POINTCLOUDCLIPFRAME,,https://help.autodesk.com/cloudhelp/2026/ENU/AutoCAD-Core/files/GUID-8929B8C8-16A1-4868-B618-3AAB4802577B.htm,parked,,out of scope under SD-05
sysvar,POINTCLOUDDENSITY,,https://help.autodesk.com/cloudhelp/2026/ENU/AutoCAD-Core/files/GUID-FFC9C797-7822-4BB9-BDCE-369F2BBF8C65.htm,parked,,out of scope under SD-05
sysvar,POINTCLOUDLIGHTING,,https://help.autodesk.com/cloudhelp/2026/ENU/AutoCAD-Core/files/GUID-BA365059-760E-497B-91E7-4A972C174B4E.htm,parked,,out of scope under SD-05
sysvar,POINTCLOUDLIGHTSOURCE,,https://help.autodesk.com/cloudhelp/2026/ENU/AutoCAD-Core/files/GUID-851A2F59-ED92-408D-A5B4-C63DB5657BB3.htm,parked,,out of scope under SD-05
sysvar,POINTCLOUDLOCK,,https://help.autodesk.com/cloudhelp/2026/ENU/AutoCAD-Core/files/GUID-91368F24-0E98-424D-9C5C-804FCDA9F576.htm,parked,,out of scope under SD-05
sysvar,POINTCLOUDLOD,,https://help.autodesk.com/cloudhelp/2026/ENU/AutoCAD-Core/files/GUID-028E3724-7D1F-420E-B87A-CE0C9578290E.htm,parked,,out of scope under SD-05
sysvar,POINTCLOUDPOINTMAX,,https://help.autodesk.com/cloudhelp/2026/ENU/AutoCAD-Core/files/GUID-A08F0428-3EF8-4102-A553-76AC2C097BA0.htm,parked,,out of scope under SD-05
sysvar,POINTCLOUDPOINTMAXLEGACY,,https://help.autodesk.com/cloudhelp/2026/ENU/AutoCAD-Core/files/GUID-6566E365-5D79-4AEB-9358-3DD3D2568593.htm,parked,,out of scope under SD-05
sysvar,POINTCLOUDPOINTSIZE,,https://help.autodesk.com/cloudhelp/2026/ENU/AutoCAD-Core/files/GUID-E8168DCB-5B66-434B-8DAE-5A08DAE0B2E7.htm,parked,,out of scope under SD-05
sysvar,POINTCLOUDRTDENSITY,,https://help.autodesk.com/cloudhelp/2026/ENU/AutoCAD-Core/files/GUID-AD344DE9-D747-4EFD-83B0-872CB299566A.htm,parked,,out of scope under SD-05
sysvar,POINTCLOUDSHADING,,https://help.autodesk.com/cloudhelp/2026/ENU/AutoCAD-Core/files/GUID-35D73259-12DD-461B-946C-41CAABD68E71.htm,parked,,out of scope under SD-05
sysvar,POINTCLOUDVISRETAIN,,https://help.autodesk.com/cloudhelp/2026/ENU/AutoCAD-Core/files/GUID-B393B848-FCB4-45A6-83D7-280DAFFD501E.htm,parked,,out of scope under SD-05
sysvar,POLARADDANG,,https://help.autodesk.com/cloudhelp/2026/ENU/AutoCAD-Core/files/GUID-73162BAB-C98D-4159-A653-E4C7D4CB38C3.htm,no,,Stores additional angles for polar tracking and polar snap.
sysvar,POLARANG,,https://help.autodesk.com/cloudhelp/2026/ENU/AutoCAD-Core/files/GUID-0CF67F9E-F953-43D6-9227-0D56E0E693ED.htm,no,,Sets the polar angle increment.
sysvar,POLARDIST,,https://help.autodesk.com/cloudhelp/2026/ENU/AutoCAD-Core/files/GUID-2CE7AC0B-D502-49F1-8C51-A67AA3E4BB15.htm,no,,Sets the snap increment when the SNAPTYPE is set to 1 (PolarSnap).
sysvar,POLARMODE,,https://help.autodesk.com/cloudhelp/2026/ENU/AutoCAD-Core/files/GUID-D91628CC-9975-4DBF-8D02-10B23A6F3ED5.htm,no,,Controls settings for polar and object snap tracking.
sysvar,POLYSIDES,,https://help.autodesk.com/cloudhelp/2026/ENU/AutoCAD-Core/files/GUID-D848B99F-62E9-4605-BA87-18606BE36F0C.htm,no,,Sets the default number of sides for the POLYGON command.
sysvar,POPUPS,,https://help.autodesk.com/cloudhelp/2026/ENU/AutoCAD-Core/files/GUID-2E31C396-BF5D-4C0B-A0AD-6C8B43ACA7EA.htm,no,,Displays the status of the currently configured display driver.
sysvar,PREVIEWCREATIONTRANSPARENCY,,https://help.autodesk.com/cloudhelp/2026/ENU/AutoCAD-Core/files/GUID-B9CB868C-B9BE-45CB-9DCC-DCBCBBC38C6B.htm,no,,"Controls the transparency of the preview generated while using SURFBLEND, SURFPATCH, SURFFILLET, FILLETEDGE, CHAMFEREDGE, and LOFT."
sysvar,PREVIEWFILTER,,https://help.autodesk.com/cloudhelp/2026/ENU/AutoCAD-Core/files/GUID-9B75C028-6429-4FC0-9EC6-72C21E29A5D8.htm,no,,Excludes specified object types from selection previewing.
sysvar,PREVIEWTYPE,,https://help.autodesk.com/cloudhelp/2026/ENU/AutoCAD-Core/files/GUID-1A22B0E0-1EC1-4DAA-8933-10FCE4215BC0.htm,no,,Controls the view to use for the drawing thumbnail preview.
sysvar,PRODUCT,,https://help.autodesk.com/cloudhelp/2026/ENU/AutoCAD-Core/files/GUID-1586C054-4EDF-4BB8-99F8-799A2C8ECC8E.htm,no,,Displays the product name.
sysvar,PROGRAM,,https://help.autodesk.com/cloudhelp/2026/ENU/AutoCAD-Core/files/GUID-278C8023-96CB-414C-85F1-372896AA7B08.htm,no,,Displays the program name.
sysvar,PROJECTAWARE,,https://help.autodesk.com/cloudhelp/2026/ENU/AutoCAD-Core/files/GUID-AE3E169F-556E-41A5-A9D8-7A97A797B0ED.htm,no,,Informs the user or developer of the project path state of the current drawing.
sysvar,PROJECTNAME,,https://help.autodesk.com/cloudhelp/2026/ENU/AutoCAD-Core/files/GUID-BBE6FA4B-800E-4D7D-9D59-EDA24829C5E9.htm,no,,Assigns a project name to the current drawing.
sysvar,PROJMODE,,https://help.autodesk.com/cloudhelp/2026/ENU/AutoCAD-Core/files/GUID-8735A062-2688-44A7-809A-9883761533F9.htm,no,,Sets the current Projection mode for trimming or extending.
sysvar,PROPERTYPREVIEW,,https://help.autodesk.com/cloudhelp/2026/ENU/AutoCAD-Core/files/GUID-CBD0C401-9805-450A-855C-9FBDE6D6FA74.htm,no,,Controls whether you can preview the changes to currently selected objects when you roll over drop-down lists and galleries that control properties.
sysvar,PROPOBJLIMIT,,https://help.autodesk.com/cloudhelp/2026/ENU/AutoCAD-Core/files/GUID-6170C0EC-0910-46A6-81DF-DE0A888573A0.htm,no,,Limits the number of objects that can be changed at one time with the Properties and Quick Properties palettes.
sysvar,PROPPREVTIMEOUT,,https://help.autodesk.com/cloudhelp/2026/ENU/AutoCAD-Core/files/GUID-77232DE3-0C5D-4FDD-9CCE-CFD2C1DE0AEC.htm,no,,Sets the maximum amount of time available for generating a property preview.
sysvar,PROXYGRAPHICS,,https://help.autodesk.com/cloudhelp/2026/ENU/AutoCAD-Core/files/GUID-4205F367-F234-4BE3-86D5-81234684385F.htm,no,,Specifies whether images of proxy objects are saved in the drawing.
sysvar,PROXYNOTICE,,https://help.autodesk.com/cloudhelp/2026/ENU/AutoCAD-Core/files/GUID-A1A272D8-F3E3-4B84-AF23-1AFEF732DA03.htm,no,,Displays a notice when a proxy is created.
sysvar,PROXYSHOW,,https://help.autodesk.com/cloudhelp/2026/ENU/AutoCAD-Core/files/GUID-E0F980FF-53A5-4094-B259-B1143F8C9B89.htm,no,,Controls the display of proxy objects in a drawing.
sysvar,PSLTSCALE,,https://help.autodesk.com/cloudhelp/2026/ENU/AutoCAD-Core/files/GUID-23EA4D64-AE7D-41E5-A8D0-20F060313D62.htm,no,,Controls the linetype scaling of objects displayed in paper space viewports.
sysvar,PSOLHEIGHT,,https://help.autodesk.com/cloudhelp/2026/ENU/AutoCAD-Core/files/GUID-B3DA9FC6-E829-4BEC-BC06-BA19E0BF2971.htm,no,,Controls the default height for a swept solid object created with the POLYSOLID command.
sysvar,PSOLWIDTH,,https://help.autodesk.com/cloudhelp/2026/ENU/AutoCAD-Core/files/GUID-BD9FB9E1-A005-4DBB-8FC2-68B461E99540.htm,no,,Controls the default width for a swept solid object created with the POLYSOLID command.
sysvar,PSTYLEMODE,,https://help.autodesk.com/cloudhelp/2026/ENU/AutoCAD-Core/files/GUID-2D0D1C41-60E6-4FD0-AB63-28475EE82633.htm,no,,Indicates whether the current drawing is in a Color-Dependent or Named Plot Style mode.
sysvar,PSTYLEPOLICY,,https://help.autodesk.com/cloudhelp/2026/ENU/AutoCAD-Core/files/GUID-58BCFAF5-68B6-4931-84DE-7EE2270EBC4C.htm,no,,"Controls the plot style mode, Color-Dependent or Named, that is used when opening a drawing that was created in a release prior to AutoCAD 2000 or when creating a new drawing from scratch without using a drawing template."
sysvar,PSVPSCALE,,https://help.autodesk.com/cloudhelp/2026/ENU/AutoCAD-Core/files/GUID-0EE6B130-9ACC-4E5E-98E9-28D1E00BAE89.htm,no,,Sets the view scale factor for all newly created viewports.
sysvar,PUBLISHALLSHEETS,,https://help.autodesk.com/cloudhelp/2026/ENU/AutoCAD-Core/files/GUID-F58625D9-66FC-479F-9198-88509538DD92.htm,no,,Specifies whether to load the contents of the active document or of all open documents in the Publish dialog box.
sysvar,PUBLISHCOLLATE,,https://help.autodesk.com/cloudhelp/2026/ENU/AutoCAD-Core/files/GUID-2369EDF8-FC5E-4DB9-8DBA-E1997C31BDED.htm,no,,"Controls whether plotting a sheet set, multi-sheet plot file, or plot spool file can be interrupted by other plot jobs."
sysvar,PUBLISHHATCH,,https://help.autodesk.com/cloudhelp/2026/ENU/AutoCAD-Core/files/GUID-A53DA0BB-9CFB-44ED-AF17-026C70C42F8E.htm,no,,Controls whether hatch patterns published to DWF or DWFx format are treated as a single object.
sysvar,PUCSBASE,,https://help.autodesk.com/cloudhelp/2026/ENU/AutoCAD-Core/files/GUID-1A64F4F1-3A28-4630-B0E0-D83DDB877E51.htm,no,,Stores the name of the UCS that defines the origin and orientation of orthographic UCS settings in paper space only.
sysvar,PUSHTODOCSSTATE,,https://help.autodesk.com/cloudhelp/2026/ENU/AutoCAD-Core/files/GUID-F3015AE5-134F-43E2-A8D3-F5BF3FE75AA6.htm,no,,Indicates whether the Push to Autodesk Docs palette is open or closed.
sysvar,QCSTATE,,https://help.autodesk.com/cloudhelp/2026/ENU/AutoCAD-Core/files/GUID-F24C70AE-EE5D-4672-8766-C9DDC4DA99CA.htm,no,,Indicates whether the QuickCalc calculator is open or closed.
sysvar,QPLOCATION,,https://help.autodesk.com/cloudhelp/2026/ENU/AutoCAD-Core/files/GUID-9536F299-E9E4-4418-B809-5AF5AFA5DF7C.htm,no,,Sets the location for the Quick Properties palette.
sysvar,QPMODE,,https://help.autodesk.com/cloudhelp/2026/ENU/AutoCAD-Core/files/GUID-1803CDBC-C0C9-4AB9-B76B-FF6AB214D97B.htm,no,,Controls whether the Quick Properties palette is displayed when objects are selected.
sysvar,QTEXTMODE,,https://help.autodesk.com/cloudhelp/2026/ENU/AutoCAD-Core/files/GUID-95370B7F-B389-4026-94B7-7E869BF2AAB6.htm,no,,Controls how text is displayed.
sysvar,QVDRAWINGPIN,,https://help.autodesk.com/cloudhelp/2026/ENU/AutoCAD-Core/files/GUID-B0DE7734-6ACB-4897-ABD2-7A8D2BD84BE5.htm,no,,Controls the default display state of preview images of drawings.
sysvar,QVLAYOUTPIN,,https://help.autodesk.com/cloudhelp/2026/ENU/AutoCAD-Core/files/GUID-2E54A1E5-5C85-4487-9D23-781845BF4EA2.htm,no,,Controls the default display state of preview images of model space and layouts in a drawing.
sysvar,RASTERDPI,,https://help.autodesk.com/cloudhelp/2026/ENU/AutoCAD-Core/files/GUID-804EEB78-7F41-4E49-B121-D9966571B8D3.htm,no,,Controls paper size and plot scaling when switching between dimensional and dimensionless output devices.
sysvar,RASTERPERCENT,,https://help.autodesk.com/cloudhelp/2026/ENU/AutoCAD-Core/files/GUID-B091EC10-7E05-4D8E-8B70-89CDAC03F917.htm,no,,Sets the maximum percentage of available virtual memory that is allowed for printing each raster image or OLE object.
sysvar,RASTERPREVIEW,,https://help.autodesk.com/cloudhelp/2026/ENU/AutoCAD-Core/files/GUID-81E53976-3950-4849-A287-56C4E878E9F6.htm,no,,Controls whether thumbnail preview images are created and saved with the drawing.
sysvar,RASTERTHRESHOLD,,https://help.autodesk.com/cloudhelp/2026/ENU/AutoCAD-Core/files/GUID-64A75B2B-7131-4CBA-876D-3BE232C51014.htm,no,,Specifies a threshold in megabytes for each raster image or OLE object when printing.
sysvar,RE-INIT,,https://help.autodesk.com/cloudhelp/2026/ENU/AutoCAD-Core/files/GUID-FD73A73D-0CB7-4E03-96A6-C0CD9A29A280.htm,no,,"Reinitializes the digitizer, digitizer port, and acad.pgp file."
sysvar,REBUILD2DCV,,https://help.autodesk.com/cloudhelp/2026/ENU/AutoCAD-Core/files/GUID-FA242EB3-5D28-4837-9D95-7BFB763608BB.htm,no,,Sets the number of control vertices when rebuilding a spline.
sysvar,REBUILD2DDEGREE,,https://help.autodesk.com/cloudhelp/2026/ENU/AutoCAD-Core/files/GUID-BCCE2600-0834-4976-AD1D-FA4AA8E42B11.htm,no,,Sets the global degree when rebuilding a spline.
sysvar,REBUILD2DOPTION,,https://help.autodesk.com/cloudhelp/2026/ENU/AutoCAD-Core/files/GUID-8FB89BB1-0294-4B8E-8E50-F7149A19ECF9.htm,no,,Controls whether to delete the original curve when rebuilding a spline.
sysvar,REBUILDDEGREEU,,https://help.autodesk.com/cloudhelp/2026/ENU/AutoCAD-Core/files/GUID-07B3C262-27CF-4FB1-9A98-84532C484844.htm,no,,Sets the degree in the U direction when rebuilding a NURBS surface.
sysvar,REBUILDDEGREEV,,https://help.autodesk.com/cloudhelp/2026/ENU/AutoCAD-Core/files/GUID-89D61BC8-ABB1-4FB7-8EDD-0A6E786FA110.htm,no,,Sets the degree in the V direction when rebuilding a NURBS surface.
sysvar,REBUILDOPTIONS,,https://help.autodesk.com/cloudhelp/2026/ENU/AutoCAD-Core/files/GUID-C6C258F8-7039-4107-9C7B-C8D34D785530.htm,no,,Controls deletion and trimming options when rebuilding a NURBS surface.
sysvar,REBUILDU,,https://help.autodesk.com/cloudhelp/2026/ENU/AutoCAD-Core/files/GUID-B1689C60-6FE1-4804-8091-8E072573C749.htm,no,,Sets the number of grid lines in the U direction when rebuilding a NURBS surface.
sysvar,REBUILDV,,https://help.autodesk.com/cloudhelp/2026/ENU/AutoCAD-Core/files/GUID-5362ECDA-B3F2-43D2-9C13-5A5E32529C16.htm,no,,Sets the number of grid lines in the V direction when rebuilding a NURBS surface.
sysvar,RECOVERAUTO,,https://help.autodesk.com/cloudhelp/2026/ENU/AutoCAD-Core/files/GUID-18E43007-8DE9-4C6D-AE55-13FF0AF492C3.htm,no,,Controls the display of recovery notifications before or after opening a damaged drawing file.
sysvar,RECOVERYMODE,,https://help.autodesk.com/cloudhelp/2026/ENU/AutoCAD-Core/files/GUID-00A79CD6-938C-45B4-A380-A2BFD993D758.htm,no,,Controls whether drawing recovery information is recorded after a system failure.
sysvar,REFEDITNAME,,https://help.autodesk.com/cloudhelp/2026/ENU/AutoCAD-Core/files/GUID-5B6E3917-5EA0-49A1-869E-2C4E18FCDA50.htm,no,,Displays the name of the reference being edited.
sysvar,REFPATHTYPE,,https://help.autodesk.com/cloudhelp/2026/ENU/AutoCAD-Core/files/GUID-CCC90130-7575-4901-8905-FBB4553DAA3F.htm,no,,"Controls whether reference files are attached using full, relative or no paths when they are first attached to a host drawing file."
sysvar,REGENMODE,,https://help.autodesk.com/cloudhelp/2026/ENU/AutoCAD-Core/files/GUID-DE6326CF-3BF6-476B-A670-24AB227231B2.htm,no,,Obsolete. Controls automatic regeneration of the drawing.
sysvar,REMEMBERFOLDERS,,https://help.autodesk.com/cloudhelp/2026/ENU/AutoCAD-Core/files/GUID-6CA42228-7F27-4217-8F70-F1C2AF644740.htm,no,,Controls the default path displayed in standard file selection dialog boxes.
sysvar,RENDERENVSTATE,,https://help.autodesk.com/cloudhelp/2026/ENU/AutoCAD-Core/files/GUID-5D9DFD5E-48B3-4E6C-9093-D165D3D7E4E4.htm,parked,,out of scope under SD-05
sysvar,RENDERLEVEL,,https://help.autodesk.com/cloudhelp/2026/ENU/AutoCAD-Core/files/GUID-3D5F8F27-B3EC-4C6B-85EC-F48B4A2F1058.htm,parked,,out of scope under SD-05
sysvar,RENDERLIGHTCALC,,https://help.autodesk.com/cloudhelp/2026/ENU/AutoCAD-Core/files/GUID-3BD25283-4012-4FC1-8109-467D3B47EE95.htm,parked,,out of scope under SD-05
sysvar,RENDERPREFSSTATE,,https://help.autodesk.com/cloudhelp/2026/ENU/AutoCAD-Core/files/GUID-D711D9BD-DDB1-469A-82F1-422AF4F3E34C.htm,parked,,out of scope under SD-05
sysvar,RENDERTARGET,,https://help.autodesk.com/cloudhelp/2026/ENU/AutoCAD-Core/files/GUID-DC957D23-78D4-43DE-ACB6-087D301412AD.htm,parked,,out of scope under SD-05
sysvar,RENDERTIME,,https://help.autodesk.com/cloudhelp/2026/ENU/AutoCAD-Core/files/GUID-B851E102-BCF5-48B1-B89E-B7BF52D14B2C.htm,parked,,out of scope under SD-05
sysvar,RENDERUSERLIGHTS,,https://help.autodesk.com/cloudhelp/2026/ENU/AutoCAD-Core/files/GUID-B7931F8F-E34C-42F6-8D41-DBA71707AB87.htm,parked,,out of scope under SD-05
sysvar,REPORTERROR,,https://help.autodesk.com/cloudhelp/2026/ENU/AutoCAD-Core/files/GUID-509A2E92-C0B6-477C-B1B4-2D66CEB45E13.htm,no,,Controls whether an error report can be sent to Autodesk if the program closes unexpectedly.
sysvar,REVCLOUDAPPROXARCLEN,,https://help.autodesk.com/cloudhelp/2026/ENU/AutoCAD-Core/files/GUID-EA1AE5FF-6DE4-49D2-A422-10294CF8FACB.htm,no,,Stores the current approximate arc length for revision clouds.
sysvar,REVCLOUDARCVARIANCE,,https://help.autodesk.com/cloudhelp/2026/ENU/AutoCAD-Core/files/GUID-970AE162-B9A6-4CB6-A227-EBBCBD04271E.htm,no,,Controls whether revcloud arcs are created with varying or generally uniform chord lengths.
sysvar,REVCLOUDCREATEMODE,,https://help.autodesk.com/cloudhelp/2026/ENU/AutoCAD-Core/files/GUID-5D91AC1F-7F44-412A-8BFE-E9152EC5AF4F.htm,no,,Specifies the default input for creation of revision clouds.
sysvar,REVCLOUDGRIPS,,https://help.autodesk.com/cloudhelp/2026/ENU/AutoCAD-Core/files/GUID-7790D277-F11B-4AA3-BC97-40DF1C27CC7F.htm,no,,Controls the number of grips displayed on a revision cloud.
sysvar,REVCLOUDLAYER,,https://help.autodesk.com/cloudhelp/2026/ENU/AutoCAD-Core/files/GUID-44C31427-9C3D-4189-9B87-11EB00A9B2F4.htm,no,,Specifies a default layer for new revision clouds.
sysvar,REVCLOUDMAXARCLENGTH,,https://help.autodesk.com/cloudhelp/2026/ENU/AutoCAD-Core/files/GUID-56124BAB-004C-4623-89F8-F2C243F4FC3F.htm,no,,Obsolete. Stores the maximum arc length for revision clouds.
sysvar,REVCLOUDMINARCLENGTH,,https://help.autodesk.com/cloudhelp/2026/ENU/AutoCAD-Core/files/GUID-57E15E3C-5121-4DB5-8AE4-7B9A38D06568.htm,no,,Obsolete. Stores the minimum arc length for revision clouds.
sysvar,REVCLOUDSCALEMODE,,https://help.autodesk.com/cloudhelp/2026/ENU/AutoCAD-Core/files/GUID-61211E9D-DA8A-45ED-B3F3-E9EAB3DD1565.htm,no,,Controls the scaling of arc lengths during the creation of new revision clouds based on the current value of the DIMSCALE system variable.
sysvar,RIBBONBGLOAD,,https://help.autodesk.com/cloudhelp/2026/ENU/AutoCAD-Core/files/GUID-01B38117-5C2C-48C5-99DD-8E6606BC62A1.htm,no,,Controls whether ribbon tabs are loaded into memory by a background process during idle processor time.
sysvar,RIBBONCONTEXTSELLIM,,https://help.autodesk.com/cloudhelp/2026/ENU/AutoCAD-Core/files/GUID-74184BF4-B6C5-4409-B38E-62743B219ABC.htm,no,,Limits the number of objects that can be changed at one time with the ribbon property controls or a contextual tab.
sysvar,RIBBONDOCKEDHEIGHT,,https://help.autodesk.com/cloudhelp/2026/ENU/AutoCAD-Core/files/GUID-66301197-1C8B-4A0E-B919-813DAA2456C2.htm,no,,Determines whether the horizontally docked ribbon is set to the height of the current tab or a predetermined height.
sysvar,RIBBONICONRESIZE,,https://help.autodesk.com/cloudhelp/2026/ENU/AutoCAD-Core/files/GUID-23B10250-AEDD-4010-837C-3320FA00B381.htm,no,,Controls whether to resize icons on the ribbon to standard sizes.
sysvar,RIBBONSELECTMODE,,https://help.autodesk.com/cloudhelp/2026/ENU/AutoCAD-Core/files/GUID-EAADC5BE-E317-4068-980E-715741EF9E20.htm,no,,Determines whether a pickfirst selection set remains selected after a ribbon contextual tab is invoked and the command is completed.
sysvar,RIBBONSTATE,,https://help.autodesk.com/cloudhelp/2026/ENU/AutoCAD-Core/files/GUID-61E4267F-6957-4A0D-A2B6-69FB0674331C.htm,no,,Indicates whether the ribbon palette is open or closed.
sysvar,ROAMABLEROOTPREFIX,,https://help.autodesk.com/cloudhelp/2026/ENU/AutoCAD-Core/files/GUID-17F7BD8A-98B1-4A9B-8724-D96105B5F6E7.htm,no,,Stores the full path to the root folder where roamable customizable files were installed.
sysvar,ROLLOVEROPACITY,,https://help.autodesk.com/cloudhelp/2026/ENU/AutoCAD-Core/files/GUID-E0A6843B-1C07-4D59-8142-B72CC87791FF.htm,no,,Controls the transparency of a palette while the cursor moves over the palette.
sysvar,ROLLOVERTIPS,,https://help.autodesk.com/cloudhelp/2026/ENU/AutoCAD-Core/files/GUID-22E75D39-E601-41BD-935C-B359345DC47E.htm,no,,Controls the display of rollover tooltips when the cursor hovers over an object.
sysvar,RTDISPLAY,,https://help.autodesk.com/cloudhelp/2026/ENU/AutoCAD-Core/files/GUID-BA3CD3F0-A5A3-421A-92EC-C02317F9BE4A.htm,no,,Controls the display of raster images and OLE objects during Realtime ZOOM or PAN.
sysvar,RTREGENAUTO,,https://help.autodesk.com/cloudhelp/2026/ENU/AutoCAD-Core/files/GUID-9B52A286-BFCD-47B7-9FAC-197BBDB246D8.htm,no,,Controls automatic regeneration in real-time panning and zooming operations.
sysvar,SAFEMODE,,https://help.autodesk.com/cloudhelp/2026/ENU/AutoCAD-Core/files/GUID-23D32BD8-2F94-4463-9618-055CA798D465.htm,no,,Indicates whether executable code can be loaded and executed in the current session.
sysvar,SAVEFIDELITY,,https://help.autodesk.com/cloudhelp/2026/ENU/AutoCAD-Core/files/GUID-0D4C8D4B-6A37-4D74-BEE4-E00459B4F1ED.htm,no,,Controls the visual fidelity for annotative objects in AutoCAD 2007 and earlier.
sysvar,SAVEFILE,,https://help.autodesk.com/cloudhelp/2026/ENU/AutoCAD-Core/files/GUID-2C7A305A-951E-49F3-9804-4C9CD23270E5.htm,no,,Stores the current automatic save file name.
sysvar,SAVEFILEPATH,,https://help.autodesk.com/cloudhelp/2026/ENU/AutoCAD-Core/files/GUID-62A5D248-65DB-46DA-8A45-89DFB6C78C88.htm,no,,Specifies the path to the folder for all automatic save files for the current session.
sysvar,SAVENAME,,https://help.autodesk.com/cloudhelp/2026/ENU/AutoCAD-Core/files/GUID-EBBA5CBE-4B68-4150-BE22-5A7DC3810A48.htm,no,,Displays the file name and folder path of the most recently saved drawing.
sysvar,SAVETIME,,https://help.autodesk.com/cloudhelp/2026/ENU/AutoCAD-Core/files/GUID-AE54276F-ACF1-41A1-87EC-56E297CDB067.htm,no,,"Sets the automatic save interval, which is measured in minutes."
sysvar,SCREENMODE,,https://help.autodesk.com/cloudhelp/2026/ENU/AutoCAD-Core/files/GUID-C6905C65-5048-460B-AABC-DCBE77FA6F2C.htm,no,,Indicates the state of the display.
sysvar,SCREENSIZE,,https://help.autodesk.com/cloudhelp/2026/ENU/AutoCAD-Core/files/GUID-D2744552-5213-4E20-9D6B-169D7ECE2696.htm,no,,Stores current viewport size in pixels (X and Y).
sysvar,SECTIONOFFSETINC,,https://help.autodesk.com/cloudhelp/2026/ENU/AutoCAD-Core/files/GUID-DDA60D8B-1C5C-443E-8D29-CC720A235B1B.htm,no,,Sets the distance by which the section object moves when clicking on the control to offset the section plane.
sysvar,SECTIONTHICKNESSINC,,https://help.autodesk.com/cloudhelp/2026/ENU/AutoCAD-Core/files/GUID-E93EA846-7CAC-48FA-A2BE-BA361FC3519F.htm,no,,Sets the number of points by which the section slice thickness control increases or decreases.
sysvar,SECURELOAD,,https://help.autodesk.com/cloudhelp/2026/ENU/AutoCAD-Core/files/GUID-541566C6-2738-49DD-87C3-C1490E924A02.htm,no,,Controls whether executable files are restricted to being loaded from trusted folders only
sysvar,SECUREREMOTEACCESS,,https://help.autodesk.com/cloudhelp/2026/ENU/AutoCAD-Core/files/GUID-B76972C0-FB74-4E1E-AEA0-427B7B6FEEFB.htm,no,,Controls whether ObjectARX programs are restricted from accessing internet locations or remote servers.
sysvar,SELECTIONANNODISPLAY,,https://help.autodesk.com/cloudhelp/2026/ENU/AutoCAD-Core/files/GUID-022C086E-E1E2-4FB2-A7B3-4272EC810FA9.htm,no,,Controls whether alternate scale representations are temporarily displayed in a dimmed state when an annotative object is selected.
sysvar,SELECTIONAREA,,https://help.autodesk.com/cloudhelp/2026/ENU/AutoCAD-Core/files/GUID-78E758D3-4953-44DB-BC11-D11BF9718C7E.htm,no,,Controls the display of effects for selection areas.
sysvar,SELECTIONAREAOPACITY,,https://help.autodesk.com/cloudhelp/2026/ENU/AutoCAD-Core/files/GUID-02C900C5-D8AA-4E2F-BC28-4FE194031711.htm,no,,Controls the transparency of the selection area during window and crossing selection.
sysvar,SELECTIONCYCLING,,https://help.autodesk.com/cloudhelp/2026/ENU/AutoCAD-Core/files/GUID-08FA6975-49A7-4029-A3F3-ABDA3B2A7122.htm,no,,Controls the display options associated with overlapping objects and selection cycling.
sysvar,SELECTIONEFFECT,,https://help.autodesk.com/cloudhelp/2026/ENU/AutoCAD-Core/files/GUID-E3D7841C-87EB-4F5C-86C7-213FF9469BA8.htm,no,,Specifies the visual effect used when objects are selected.
sysvar,SELECTIONEFFECTCOLOR,,https://help.autodesk.com/cloudhelp/2026/ENU/AutoCAD-Core/files/GUID-CBB90ED0-9C2C-401A-B849-0EAD4E15DC7E.htm,no,,Sets the color of the glowing highlighting effect on object selection.
sysvar,SELECTIONOFFSCREEN,,https://help.autodesk.com/cloudhelp/2026/ENU/AutoCAD-Core/files/GUID-2609B540-EF39-45B5-8682-FEC7F16B77DE.htm,no,,Controls the selection of objects that are off-screen.
sysvar,SELECTIONPREVIEW,,https://help.autodesk.com/cloudhelp/2026/ENU/AutoCAD-Core/files/GUID-77B3B59F-95E5-4F8A-85E2-D9411D712AF0.htm,no,,Controls the display of selection previewing.
sysvar,SELECTIONPREVIEWLIMIT,,https://help.autodesk.com/cloudhelp/2026/ENU/AutoCAD-Core/files/GUID-9CDDA4F9-5B88-428F-B0C8-345E9A9DC4F1.htm,no,,Limits the number of objects that can display preview highlighting during a window or crossing selection.
sysvar,SELECTSIMILARMODE,,https://help.autodesk.com/cloudhelp/2026/ENU/AutoCAD-Core/files/GUID-B5E03A31-ADA0-4374-B75E-0F3D26F4EB49.htm,no,,Controls which properties must match for an object of the same type to be selected with SELECTSIMILAR.
sysvar,SETBYLAYERMODE,,https://help.autodesk.com/cloudhelp/2026/ENU/AutoCAD-Core/files/GUID-7A27C789-A03B-4EBE-869D-2E429CF928C1.htm,no,,Controls which properties are selected for the SETBYLAYER command.
sysvar,SHADEDGE,,https://help.autodesk.com/cloudhelp/2026/ENU/AutoCAD-Core/files/GUID-C2F44CA9-913D-4C23-88DF-1FFF728369D7.htm,no,,Controls the shading of edges.
sysvar,SHADEDIF,,https://help.autodesk.com/cloudhelp/2026/ENU/AutoCAD-Core/files/GUID-B74E8745-6155-40DE-8CC1-E765573BCBAD.htm,no,,Sets the ratio of diffuse reflective light to ambient light.
sysvar,SHADOWPLANELOCATION,,https://help.autodesk.com/cloudhelp/2026/ENU/AutoCAD-Core/files/GUID-8E831EE6-2948-482E-9B0B-DE06155733C1.htm,no,,Controls the location of an invisible ground plane used to display shadows.
sysvar,SHAREDVIEWSTATE,,https://help.autodesk.com/cloudhelp/2026/ENU/AutoCAD-Core/files/GUID-A37BCDB4-90A9-434A-8FD8-ABEF0921F3FD.htm,no,,Indicates whether the Shared Views palette is open or closed.
sysvar,SHAREVIEWPROPERTIES,,https://help.autodesk.com/cloudhelp/2026/ENU/AutoCAD-Core/files/GUID-CA6EAAAA-041C-448C-8F1C-74AB0CA8136C.htm,no,,Controls whether drawing properties are included with shared views.
sysvar,SHAREVIEWTYPE,,https://help.autodesk.com/cloudhelp/2026/ENU/AutoCAD-Core/files/GUID-934B71E1-4494-46F3-92B3-A265D90D4FFA.htm,no,,"Controls whether a shared view is created from the current view, model space or a layout, or created from the entire drawing."
sysvar,SHORTCUTMENU,,https://help.autodesk.com/cloudhelp/2026/ENU/AutoCAD-Core/files/GUID-27079CDD-85E0-4883-A961-82C8FC5C7F46.htm,no,,"Controls whether Default, Edit, and Command mode shortcut menus are available in the drawing area."
sysvar,SHORTCUTMENUDURATION,,https://help.autodesk.com/cloudhelp/2026/ENU/AutoCAD-Core/files/GUID-1F0CD64B-A9EC-437A-9EC3-E475D7A83DBA.htm,no,,Specifies how long the right button on a pointing device must be pressed to display a shortcut menu in the drawing area.
sysvar,SHOWHIST,,https://help.autodesk.com/cloudhelp/2026/ENU/AutoCAD-Core/files/GUID-06B7570B-3FDD-40B4-84A6-B9C15549702E.htm,no,,Controls the Show History property for solids in a drawing.
sysvar,SHOWLAYERUSAGE,,https://help.autodesk.com/cloudhelp/2026/ENU/AutoCAD-Core/files/GUID-21FA88A5-6769-4CCF-B252-C059CBDDFFBA.htm,no,,Displays icons in the Layer Properties Manager to indicate whether layers are in use.
sysvar,SHOWMOTIONPIN,,https://help.autodesk.com/cloudhelp/2026/ENU/AutoCAD-Core/files/GUID-6F31BED8-8059-49EA-9E65-67EEAB3D334B.htm,no,,Controls the default state of the thumbnail images.
sysvar,SHOWNEWSTATE,,https://help.autodesk.com/cloudhelp/2026/ENU/AutoCAD-Core/files/GUID-C5FF63F2-4636-45C9-9F05-958E0F6CB9F6.htm,no,,Indicates whether highlighting new features in updates is active.
sysvar,SHOWPAGESETUPFORNEWLAYOUTS,,https://help.autodesk.com/cloudhelp/2026/ENU/AutoCAD-Core/files/GUID-3DE6D9CE-CFA5-438D-A1A8-AA2E232D0C23.htm,no,,Specifies whether the Page Setup Manager is displayed when a new layout is created.
sysvar,SHOWPALETTESTATE,,https://help.autodesk.com/cloudhelp/2026/ENU/AutoCAD-Core/files/GUID-5E311DF3-340C-4405-B1CD-973950AAE071.htm,no,,Indicates whether palettes are hidden by the HIDEPALETTES command or restored by the SHOWPALETTES command.
sysvar,SHPNAME,,https://help.autodesk.com/cloudhelp/2026/ENU/AutoCAD-Core/files/GUID-39E0CF6E-2D2F-4618-AD71-2D54AE391E34.htm,no,,Sets a default shape name that must conform to symbol- naming conventions.
sysvar,SIGWARN,,https://help.autodesk.com/cloudhelp/2026/ENU/AutoCAD-Core/files/GUID-0AEC6815-83E1-4852-9519-E9757DCF7AF5.htm,no,,Controls whether a warning is presented when a file with an attached digital signature is opened.
sysvar,SKETCHINC,,https://help.autodesk.com/cloudhelp/2026/ENU/AutoCAD-Core/files/GUID-F0858B5F-0435-471A-8A54-D59ABA2155E7.htm,no,,Sets the record increment for the SKETCH command.
sysvar,SKPOLY,,https://help.autodesk.com/cloudhelp/2026/ENU/AutoCAD-Core/files/GUID-0BDCB230-916D-45A2-803A-7EB270CE4308.htm,no,,"Determines whether the SKETCH command generates lines, polylines, or splines."
sysvar,SKTOLERANCE,,https://help.autodesk.com/cloudhelp/2026/ENU/AutoCAD-Core/files/GUID-0E77860B-C012-4F92-8C05-514B100D0A66.htm,no,,Determines how closely the spline fits to the freehand sketch.
sysvar,SKYSTATUS,,https://help.autodesk.com/cloudhelp/2026/ENU/AutoCAD-Core/files/GUID-786A9AC3-F222-4B19-B73B-3027D5BF7FBE.htm,no,,Determines if the sky illumination is computed at render time.
sysvar,SMOOTHMESHCONVERT,,https://help.autodesk.com/cloudhelp/2026/ENU/AutoCAD-Core/files/GUID-9357E7C2-B5C5-4CFF-9E9D-9B865FE31131.htm,no,,"Controls whether mesh objects that you convert to 3D solids or surfaces are smoothed or faceted, and whether their faces are merged."
sysvar,SMOOTHMESHGRID,,https://help.autodesk.com/cloudhelp/2026/ENU/AutoCAD-Core/files/GUID-B8DB646D-5A7D-4EFD-8355-B5DF97FFF5E9.htm,no,,Sets the maximum level of smoothness at which the underlying mesh facet grid is displayed on 3D mesh objects.
sysvar,SMOOTHMESHMAXFACE,,https://help.autodesk.com/cloudhelp/2026/ENU/AutoCAD-Core/files/GUID-C586972B-8A74-46FB-AD4D-0708605D0ED1.htm,no,,Sets the maximum number of faces permitted for mesh objects.
sysvar,SMOOTHMESHMAXLEV,,https://help.autodesk.com/cloudhelp/2026/ENU/AutoCAD-Core/files/GUID-70592674-3BBF-45FF-8E4C-DAEFD78D1812.htm,no,,Sets the maximum smoothness level for mesh objects.
sysvar,SNAPANG,,https://help.autodesk.com/cloudhelp/2026/ENU/AutoCAD-Core/files/GUID-7C4EAEAE-3738-4E51-AC9B-B16B5A2CDB3B.htm,no,,Sets the snap and grid rotation angle for the current viewport relative to the current UCS.
sysvar,SNAPBASE,,https://help.autodesk.com/cloudhelp/2026/ENU/AutoCAD-Core/files/GUID-484B0F6E-4EB0-4B83-9C95-16F5CCE8F3E2.htm,no,,Sets the snap and grid origin point for the current viewport relative to the current UCS.
sysvar,SNAPGRIDLEGACY,,https://help.autodesk.com/cloudhelp/2026/ENU/AutoCAD-Core/files/GUID-4ED2C55C-B432-4AEF-A8E8-FBD3F6A7A689.htm,no,,Controls whether the cursor snaps to the snap grid only when an operation is in progress.
sysvar,SNAPISOPAIR,,https://help.autodesk.com/cloudhelp/2026/ENU/AutoCAD-Core/files/GUID-10E95216-5E3C-45F2-A6B9-79E7660A1F60.htm,no,,Controls the isometric plane for the current viewport.
sysvar,SNAPMODE,,https://help.autodesk.com/cloudhelp/2026/ENU/AutoCAD-Core/files/GUID-D6B961E9-1D95-458E-BEA1-C9997789EDC2.htm,no,,Turns the Snap mode on and off in the current viewport.
sysvar,SNAPSTYL,,https://help.autodesk.com/cloudhelp/2026/ENU/AutoCAD-Core/files/GUID-E04B7A7B-8232-44C3-BD74-20BCFEC07C2E.htm,no,,Sets the grid and grid snap to rectangular or isometric for the current viewport.
sysvar,SNAPTYPE,,https://help.autodesk.com/cloudhelp/2026/ENU/AutoCAD-Core/files/GUID-2BC423FB-0BCD-4086-91F6-BE00F695FCB6.htm,no,,"Sets the type of snap, rectangular or polar, for the current viewport."
sysvar,SNAPUNIT,,https://help.autodesk.com/cloudhelp/2026/ENU/AutoCAD-Core/files/GUID-1E54C26E-F08A-4648-87D0-62217BD6AE58.htm,no,,Sets the snap spacing for the current viewport.
sysvar,SOLIDCHECK,,https://help.autodesk.com/cloudhelp/2026/ENU/AutoCAD-Core/files/GUID-28A6E37C-17A0-432E-88E9-7A7A7ABDE75D.htm,no,,Turns 3D solid validation on and off for the current session.
sysvar,SOLIDHIST,,https://help.autodesk.com/cloudhelp/2026/ENU/AutoCAD-Core/files/GUID-956A861D-00ED-48E9-88D6-8D67C2E2AD21.htm,no,,Controls whether new composite solids retain a history of their original components.
sysvar,SORTENTS,,https://help.autodesk.com/cloudhelp/2026/ENU/AutoCAD-Core/files/GUID-56B7D915-515B-4A9C-BCB5-EF2D43C05FE5.htm,no,,Controls object sorting in support of draw order for several operations.
sysvar,SORTORDER,,https://help.autodesk.com/cloudhelp/2026/ENU/AutoCAD-Core/files/GUID-0CF4F029-C5C0-4B79-BEE8-0B0EE7068FF3.htm,no,,Specifies whether the layer list is ordered using a natural sort order or ASCII values.
sysvar,SPACESWITCH,,https://help.autodesk.com/cloudhelp/2026/ENU/AutoCAD-Core/files/GUID-02F517B0-441C-439A-9406-A251465E1992.htm,no,,Controls whether model space can be accessed by double-clicking in a layout viewport.
sysvar,SPLDEGREE,,https://help.autodesk.com/cloudhelp/2026/ENU/AutoCAD-Core/files/GUID-40B00336-C1EB-47A4-8773-FFB22B8C931C.htm,no,,Stores the last-used degree setting for splines and sets the default degree setting for the SPLINE command when specifying control vertices.
sysvar,SPLFRAME,,https://help.autodesk.com/cloudhelp/2026/ENU/AutoCAD-Core/files/GUID-9F9CC9C6-023C-44BC-A0BF-3C25F36C4259.htm,no,,Controls the display of helixes and smoothed mesh objects.
sysvar,SPLINESEGS,,https://help.autodesk.com/cloudhelp/2026/ENU/AutoCAD-Core/files/GUID-938743E7-E438-4E93-9A9B-1514E0BADB47.htm,no,,Sets the number of line segments to be generated for each spline-fit polyline generated by the Spline option of the PEDIT command.
sysvar,SPLINETYPE,,https://help.autodesk.com/cloudhelp/2026/ENU/AutoCAD-Core/files/GUID-BDD2D1EF-9A72-47A6-9AAB-8877C76F05CF.htm,no,,Sets the type of curve generated by the Spline option of the PEDIT command.
sysvar,SPLKNOTS,,https://help.autodesk.com/cloudhelp/2026/ENU/AutoCAD-Core/files/GUID-134FD0A1-4396-4748-9FF4-C82B7BC24E28.htm,no,,Stores the default knot option for the SPLINE command when specifying fit points.
sysvar,SPLMETHOD,,https://help.autodesk.com/cloudhelp/2026/ENU/AutoCAD-Core/files/GUID-300EB1EF-E101-421C-A8B8-6D91E2873787.htm,no,,Stores whether the default method used for the SPLINE command is fit points or control vertices.
sysvar,SPLPERIODIC,,https://help.autodesk.com/cloudhelp/2026/ENU/AutoCAD-Core/files/GUID-60D7953C-E22D-4CF3-B779-F776592A5F23.htm,no,,Controls whether closed splines and NURBS surfaces are generated with periodic properties to maintain the smoothest continuity at the closure point or seam.
sysvar,SSFOUND,,https://help.autodesk.com/cloudhelp/2026/ENU/AutoCAD-Core/files/GUID-3B03977F-A9AF-496B-A7B3-E8BE5CF301C1.htm,no,,Displays the sheet set path and file name if a search for a sheet set is successful.
sysvar,SSLOCATE,,https://help.autodesk.com/cloudhelp/2026/ENU/AutoCAD-Core/files/GUID-F7010346-F114-42AA-9892-0D376ECE177A.htm,no,,Controls whether the sheet set associated with a drawing is located and opened when the drawing is opened.
sysvar,SSMAUTOOPEN,,https://help.autodesk.com/cloudhelp/2026/ENU/AutoCAD-Core/files/GUID-81EC988C-AAEA-4CC8-ADC5-D636CE82F677.htm,no,,Controls the display behavior of the Sheet Set Manager when a drawing associated with a sheet is opened.
sysvar,SSMDETECTMODE,,https://help.autodesk.com/cloudhelp/2026/ENU/AutoCAD-Core/files/GUID-4A8AB2B5-F207-4E98-9CDA-1CA3E7E7A022.htm,no,,Determines which Sheet Set Manager is displayed when opening cloud-based DST files.
sysvar,SSMPOLLTIME,,https://help.autodesk.com/cloudhelp/2026/ENU/AutoCAD-Core/files/GUID-C60211DB-5323-4C06-87B5-3461DBB14712.htm,no,,Controls the time interval between automatic refreshes of the status data in a sheet set.
sysvar,SSMSHEETSTATUS,,https://help.autodesk.com/cloudhelp/2026/ENU/AutoCAD-Core/files/GUID-437E22BB-DAAE-42A7-8C7D-51B69DC4D60F.htm,no,,Controls how the status data in a sheet set is refreshed.
sysvar,SSMSTATE,,https://help.autodesk.com/cloudhelp/2026/ENU/AutoCAD-Core/files/GUID-D097B7BC-5CAC-4667-965A-4A4273355F87.htm,no,,Indicates whether the Sheet Set Manager window is open or closed.
sysvar,STANDARDSVIOLATION,,https://help.autodesk.com/cloudhelp/2026/ENU/AutoCAD-Core/files/GUID-EBF93B97-2455-41B0-B9EA-578BBE552BC1.htm,no,,Specifies whether a user is notified of standards violations in the current drawing when a nonstandard object is created or modified.
sysvar,STARTINFOLDER,,https://help.autodesk.com/cloudhelp/2026/ENU/AutoCAD-Core/files/GUID-73220E57-FC53-432F-B81B-020D8CBD8A70.htm,no,,Stores the drive and folder path from where the product was started.
sysvar,STARTMODE,,https://help.autodesk.com/cloudhelp/2026/ENU/AutoCAD-Core/files/GUID-143F3607-7D7F-4CC9-9BE4-2A221DF2D776.htm,no,,Controls the display of the Start tab.
sysvar,STARTUP,,https://help.autodesk.com/cloudhelp/2026/ENU/AutoCAD-Core/files/GUID-941B7406-2342-47EA-9881-BAFF3A554310.htm,no,,"Controls what is displayed when the application is started, or when a new drawing is opened."
sysvar,STATUSBAR,,https://help.autodesk.com/cloudhelp/2026/ENU/AutoCAD-Core/files/GUID-96BA1B54-760A-4B99-8D48-A87EC98BA2EF.htm,no,,Controls the display of the status bar.
sysvar,STEPSIZE,,https://help.autodesk.com/cloudhelp/2026/ENU/AutoCAD-Core/files/GUID-C181AF04-E45C-4468-B924-3FB4CA858664.htm,no,,"Specifies the size of each step when in walk or fly mode, in drawing units."
sysvar,STEPSPERSEC,,https://help.autodesk.com/cloudhelp/2026/ENU/AutoCAD-Core/files/GUID-1E187D94-7EF8-4494-A3E0-8BA3E613DCCF.htm,no,,Specifies the number of steps taken per second when you are in walk or fly mode.
sysvar,STUDENTDRAWING,,https://help.autodesk.com/cloudhelp/2026/ENU/AutoCAD-Core/files/GUID-A6E37575-FA05-4192-BE84-F19F8C0CE56A.htm,no,,Reports whether the current drawing was saved with an Autodesk Student Version product.
sysvar,SUBOBJSELECTIONMODE,,https://help.autodesk.com/cloudhelp/2026/ENU/AutoCAD-Core/files/GUID-7C4F6525-41DD-48A2-AE7C-45663EDD6122.htm,no,,"Filters whether faces, edges, vertices or solid history subobjects are highlighted when you roll over them."
sysvar,SUNPROPERTIESSTATE,,https://help.autodesk.com/cloudhelp/2026/ENU/AutoCAD-Core/files/GUID-74E01ADA-420C-45F6-809F-71BDD4A4730E.htm,no,,Indicates whether the Sun Properties window is open or closed.
sysvar,SUNSTATUS,,https://help.autodesk.com/cloudhelp/2026/ENU/AutoCAD-Core/files/GUID-F0A4FE6A-90B7-48FD-A713-05536469E1C3.htm,no,,Turns on and off the lighting effects of the sun in the current viewport.
sysvar,SUPPRESSALERTS,,https://help.autodesk.com/cloudhelp/2026/ENU/AutoCAD-Core/files/GUID-7B418167-5674-4BDD-9876-E9D1643DA920.htm,no,,Controls alerts about potential data loss when opening and saving newer drawings in older versions of the product.
sysvar,SURFACEASSOCIATIVITY,,https://help.autodesk.com/cloudhelp/2026/ENU/AutoCAD-Core/files/GUID-85627C06-46E2-4F94-B26D-37690199F350.htm,parked,,out of scope under SD-05
sysvar,SURFACEASSOCIATIVITYDRAG,,https://help.autodesk.com/cloudhelp/2026/ENU/AutoCAD-Core/files/GUID-413FBF23-068B-4981-93A3-66C03D7E0BDF.htm,parked,,out of scope under SD-05
sysvar,SURFACEAUTOTRIM,,https://help.autodesk.com/cloudhelp/2026/ENU/AutoCAD-Core/files/GUID-03223908-0EF5-40FB-BD34-F8EA3D03B1F8.htm,parked,,out of scope under SD-05
sysvar,SURFACEMODELINGMODE,,https://help.autodesk.com/cloudhelp/2026/ENU/AutoCAD-Core/files/GUID-C1317119-856E-4FE4-ACC5-6CA20311EAE9.htm,parked,,out of scope under SD-05
sysvar,SURFTAB1,,https://help.autodesk.com/cloudhelp/2026/ENU/AutoCAD-Core/files/GUID-8AC3C392-FCE4-432E-844F-183B3BD21303.htm,parked,,out of scope under SD-05
sysvar,SURFTAB2,,https://help.autodesk.com/cloudhelp/2026/ENU/AutoCAD-Core/files/GUID-074FCB02-CEEC-4EA2-BA61-2B01D3FD1383.htm,parked,,out of scope under SD-05
sysvar,SURFTYPE,,https://help.autodesk.com/cloudhelp/2026/ENU/AutoCAD-Core/files/GUID-C925860D-5C50-485D-8940-69902CE53211.htm,parked,,out of scope under SD-05
sysvar,SURFU,,https://help.autodesk.com/cloudhelp/2026/ENU/AutoCAD-Core/files/GUID-651DFAD4-8A22-4C48-9DD5-E5751BDBE055.htm,parked,,out of scope under SD-05
sysvar,SURFV,,https://help.autodesk.com/cloudhelp/2026/ENU/AutoCAD-Core/files/GUID-13E30946-F85A-4E74-8B2D-5A627C21093E.htm,parked,,out of scope under SD-05
sysvar,SYSCODEPAGE,,https://help.autodesk.com/cloudhelp/2026/ENU/AutoCAD-Core/files/GUID-CBFE553B-A277-4417-810D-CE7BDB50CAC1.htm,no,,"Indicates the system code page, which is determined by the operating system."
sysvar,SYSFLOATING,,https://help.autodesk.com/cloudhelp/2026/ENU/AutoCAD-Core/files/GUID-E90A61DB-71FB-4B5F-96B3-223526F26189.htm,no,,Controls the dock state of the drawing file tabs.
sysvar,SYSMON,,https://help.autodesk.com/cloudhelp/2026/ENU/AutoCAD-Core/files/GUID-4C530D78-D0EF-4FEF-ADC1-295A36655067.htm,no,,Controls whether the defined system variable list is monitored.
sysvar,TABLEINDICATOR,,https://help.autodesk.com/cloudhelp/2026/ENU/AutoCAD-Core/files/GUID-3D0A98BA-D143-4EE0-8B80-8F3BAC45C5E1.htm,no,,Controls the display of row numbers and column letters when the In-Place Text Editor is open for editing a table cell.
sysvar,TABLELAYER,,https://help.autodesk.com/cloudhelp/2026/ENU/AutoCAD-Core/files/GUID-2AFAC9CE-AA64-4534-AA52-FB111828A463.htm,no,,Specifies a default layer for new tables.
sysvar,TABLETOOLBAR,,https://help.autodesk.com/cloudhelp/2026/ENU/AutoCAD-Core/files/GUID-A8503DAF-9024-4F29-85DC-BF2E7D1E1CE7.htm,no,,Controls the display of the Table toolbar.
sysvar,TABMODE,,https://help.autodesk.com/cloudhelp/2026/ENU/AutoCAD-Core/files/GUID-D8E7DF14-67C2-484F-94CF-267E54C9AAB4.htm,no,,Controls the use of a tablet input device.
sysvar,TARGET,,https://help.autodesk.com/cloudhelp/2026/ENU/AutoCAD-Core/files/GUID-0649E4B8-B11A-411E-96CE-125BEBEB5B42.htm,no,,Stores the UCS coordinates of the target point for a perspective projection in the current viewport.
sysvar,TBCUSTOMIZE,,https://help.autodesk.com/cloudhelp/2026/ENU/AutoCAD-Core/files/GUID-CADCBAD6-A9BD-40DB-B81A-B280E88368BD.htm,no,,Controls whether tool palette groups can be customized.
sysvar,TBSHOWSHORTCUTS,,https://help.autodesk.com/cloudhelp/2026/ENU/AutoCAD-Core/files/GUID-540E7411-1048-48EF-B08A-2F9433BC28A7.htm,no,,Specifies whether shortcuts that use the Ctrl and Alt keys are displayed in the tooltips on toolbars.
sysvar,TDCREATE,,https://help.autodesk.com/cloudhelp/2026/ENU/AutoCAD-Core/files/GUID-E29DC24D-4899-4D45-A104-50703E451684.htm,no,,Stores the local time and date the drawing was created.
sysvar,TDINDWG,,https://help.autodesk.com/cloudhelp/2026/ENU/AutoCAD-Core/files/GUID-6C01D280-2906-469B-B087-49594C2FA66B.htm,no,,"Stores the total editing time, which is the total elapsed time between saves of the current drawing."
sysvar,TDUCREATE,,https://help.autodesk.com/cloudhelp/2026/ENU/AutoCAD-Core/files/GUID-7AFCF83F-5400-4617-8268-A717283A73E8.htm,no,,Stores the universal time and date that the drawing was created.
sysvar,TDUPDATE,,https://help.autodesk.com/cloudhelp/2026/ENU/AutoCAD-Core/files/GUID-CABE62CF-8DFD-416E-AEE9-A6F33EEEE657.htm,no,,Stores the local time and date of the last update/save.
sysvar,TDUSRTIMER,,https://help.autodesk.com/cloudhelp/2026/ENU/AutoCAD-Core/files/GUID-A842406A-BBE8-4A99-8B1A-101AEAB587B6.htm,no,,Stores the user-elapsed timer.
sysvar,TDUUPDATE,,https://help.autodesk.com/cloudhelp/2026/ENU/AutoCAD-Core/files/GUID-426F2C95-E860-49ED-ADFA-6F1BF0649A72.htm,no,,Stores the universal time and date of the last update or save.
sysvar,TEMPOVERRIDES,,https://help.autodesk.com/cloudhelp/2026/ENU/AutoCAD-Core/files/GUID-77C5E101-5641-4630-AB50-6D97A6FD8D24.htm,no,,Turns temporary override keys on and off for drawing aids.
sysvar,TEMPPREFIX,,https://help.autodesk.com/cloudhelp/2026/ENU/AutoCAD-Core/files/GUID-BB90DD19-C16F-4036-A50D-C49CBF91481D.htm,no,,"Stores the folder name assigned for temporary files, with a path separator appended."
sysvar,TEXTALIGNMODE,,https://help.autodesk.com/cloudhelp/2026/ENU/AutoCAD-Core/files/GUID-70F10F5E-941B-4762-9B05-5C71C77E35E9.htm,no,,Stores the alignment option for aligned text.
sysvar,TEXTALIGNSPACING,,https://help.autodesk.com/cloudhelp/2026/ENU/AutoCAD-Core/files/GUID-9C29D04E-B40F-4A46-9247-8C78892DCFCF.htm,no,,Stores the spacing option for aligned text.
sysvar,TEXTALLCAPS,,https://help.autodesk.com/cloudhelp/2026/ENU/AutoCAD-Core/files/GUID-D823CFFB-9425-46EB-8820-21E5FDAD5F09.htm,no,,Converts all new text created by TEXT or MTEXT commands to uppercase.
sysvar,TEXTAUTOCORRECTCAPS,,https://help.autodesk.com/cloudhelp/2026/ENU/AutoCAD-Core/files/GUID-210BC01B-059E-45AE-A361-AEFC4EBCE4A0.htm,no,,Corrects common text errors that result from accidentally leaving the Caps Lock turned on.
sysvar,TEXTED,,https://help.autodesk.com/cloudhelp/2026/ENU/AutoCAD-Core/files/GUID-CFBB7AF6-884C-4CC8-93E3-A0CE29B4B1C3.htm,no,,Specifies the user interface displayed for creating and editing single-line text.
sysvar,TEXTEDITMODE,,https://help.autodesk.com/cloudhelp/2026/ENU/AutoCAD-Core/files/GUID-79B69E1A-1E1C-476B-8DC1-9D255114518D.htm,no,,Controls whether the TEXTEDIT command repeats automatically.
sysvar,TEXTEVAL,,https://help.autodesk.com/cloudhelp/2026/ENU/AutoCAD-Core/files/GUID-50575C0D-3D44-4840-8B99-9FB2E294AEEA.htm,no,,Controls how text strings entered with TEXT (using AutoLISP) or with -TEXT are evaluated.
sysvar,TEXTFILL,,https://help.autodesk.com/cloudhelp/2026/ENU/AutoCAD-Core/files/GUID-8E1786B0-D31D-4A61-8A84-78E7BE34867B.htm,no,,Controls whether TrueType fonts are filled-in for plotting.
sysvar,TEXTGAPSELECTION,,https://help.autodesk.com/cloudhelp/2026/ENU/AutoCAD-Core/files/GUID-59559068-1D64-4A93-AF27-116A8CC81664.htm,no,,Controls whether you can select text or mtext objects within the gaps or spaces between the characters.
sysvar,TEXTJUSTIFY,,https://help.autodesk.com/cloudhelp/2026/ENU/AutoCAD-Core/files/GUID-223C6FB9-B498-4BA9-8710-E1CB4889B8FC.htm,no,,Displays the default justification used by the TEXT command to create single-line text.
sysvar,TEXTLAYER,,https://help.autodesk.com/cloudhelp/2026/ENU/AutoCAD-Core/files/GUID-0D66E6E5-AF29-470C-B530-60FC3312DD06.htm,no,,Specifies a default layer for new text and multiline text objects in the current drawing.
sysvar,TEXTOUTPUTFILEFORMAT,,https://help.autodesk.com/cloudhelp/2026/ENU/AutoCAD-Core/files/GUID-CC7EF29A-17E3-4752-AAC9-E1A5671EC738.htm,no,,Provides Unicode options for log files.
sysvar,TEXTQLTY,,https://help.autodesk.com/cloudhelp/2026/ENU/AutoCAD-Core/files/GUID-1B6FA34A-99DC-4666-8ECD-D9B2BBEDEEAF.htm,no,,Sets the resolution of TrueType text for plotting and rendering.
sysvar,TEXTSIZE,,https://help.autodesk.com/cloudhelp/2026/ENU/AutoCAD-Core/files/GUID-DD548317-95BA-4AEA-B54D-0D917F10D3C1.htm,no,,Sets the default text height when creating new text objects.
sysvar,TEXTSTYLE,,https://help.autodesk.com/cloudhelp/2026/ENU/AutoCAD-Core/files/GUID-4F5D952E-63B6-4965-A050-84AEF2273B25.htm,no,,Sets the name of the current text style.
sysvar,TEXTTOATTRIBUTE,,https://help.autodesk.com/cloudhelp/2026/ENU/AutoCAD-Core/files/GUID-7654D6E4-C18B-4003-8EC9-6A49768D96DF.htm,no,,"In the BSEARCH command, if text objects are selected, controls whether text variations will be searched for conversion into block attributes."
sysvar,THICKNESS,,https://help.autodesk.com/cloudhelp/2026/ENU/AutoCAD-Core/files/GUID-525A7B6F-414C-4EF7-A208-B79D9524DB66.htm,no,,Sets the default 3D thickness property when creating 2D geometric objects.
sysvar,THUMBSAVE,,https://help.autodesk.com/cloudhelp/2026/ENU/AutoCAD-Core/files/GUID-E6BA0E3A-7F9A-4C94-BF85-284309263ED0.htm,no,,Controls whether thumbnail preview images are saved within the drawing.
sysvar,THUMBSIZE,,https://help.autodesk.com/cloudhelp/2026/ENU/AutoCAD-Core/files/GUID-E295F164-A540-4B4A-9844-6159CC91BF89.htm,no,,Specifies the display resolution in pixels for all thumbnail preview images.
sysvar,THUMBSIZE2D,,https://help.autodesk.com/cloudhelp/2026/ENU/AutoCAD-Core/files/GUID-96AD0C40-535F-46E2-AF88-089AD9299C0B.htm,no,,"Specifies whether the size of 2D wireframe thumbnail preview is controlled by THUMBSIZE sysvar. If turned off, previews of drawings using the 2D wireframe visual styles are set to a display resolution of 256 x 256 pixels."
sysvar,TILEMODE,,https://help.autodesk.com/cloudhelp/2026/ENU/AutoCAD-Core/files/GUID-02F55DD8-1EB1-493C-929D-A7CFDE55C348.htm,no,,Determines whether the Model tab or the most-recently accessed named layout tab is active.
sysvar,TIMEZONE,,https://help.autodesk.com/cloudhelp/2026/ENU/AutoCAD-Core/files/GUID-E3E3BE84-74E4-40E5-9F44-AFBA6C3C7FEC.htm,no,,Sets the time zone for the sun in the drawing.
sysvar,TOOLTIPMERGE,,https://help.autodesk.com/cloudhelp/2026/ENU/AutoCAD-Core/files/GUID-FEC23FB6-F1C3-40BC-B85A-3B585FD56180.htm,no,,Combines drafting tooltips into a single tooltip.
sysvar,TOOLTIPS,,https://help.autodesk.com/cloudhelp/2026/ENU/AutoCAD-Core/files/GUID-FF7CD25B-9C88-402B-B581-7EA3A1D53407.htm,no,,"Controls the display of tooltips on the ribbon, toolbars, and other user interface elements."
sysvar,TOOLTIPSIZE,,https://help.autodesk.com/cloudhelp/2026/ENU/AutoCAD-Core/files/GUID-8C059E0F-B9CC-4E43-90F9-6BC0B5D74758.htm,no,,"Sets the display size for drafting tooltips, and dynamic input text."
sysvar,TOOLTIPTRANSPARENCY,,https://help.autodesk.com/cloudhelp/2026/ENU/AutoCAD-Core/files/GUID-26024442-3F76-4C24-BBC4-E1CB5D4A5E06.htm,no,,Sets the transparency for drafting tooltips.
sysvar,TOUCHMODE,,https://help.autodesk.com/cloudhelp/2026/ENU/AutoCAD-Core/files/GUID-7C9B1395-2191-4F6C-8655-0F7ED79DEC37.htm,no,,"For those using a touch-enabled screen or interface, controls the display of the Touch panel on the ribbon."
sysvar,TPSTATE,,https://help.autodesk.com/cloudhelp/2026/ENU/AutoCAD-Core/files/GUID-B0ED5827-EB20-42CF-9CD7-7CB5B891A651.htm,no,,Indicates whether the Tool Palettes window is open or closed.
sysvar,TRACECURRENT,,https://help.autodesk.com/cloudhelp/2026/ENU/AutoCAD-Core/files/GUID-E1AB2A1C-672A-4946-A21B-4B9C341E8F20.htm,no,,Displays the name of the active trace when TRACEMODE=1 or 2.
sysvar,TRACEDISPLAYMODE,,https://help.autodesk.com/cloudhelp/2026/ENU/AutoCAD-Core/files/GUID-BE8D20A7-4F37-4272-8B0D-B9ACBD0EDA83.htm,no,,Indicates whether the tracing paper effect is displayed (front) or not (back) while a trace is active.
sysvar,TRACEFADECTL,,https://help.autodesk.com/cloudhelp/2026/ENU/AutoCAD-Core/files/GUID-03F37CD9-53F6-4A93-87B2-868BA11D217B.htm,no,,Controls the amount of fading when TRACEMODE is active. The setting affects only the objects not being edited - the host drawing geometry or Trace geometry.
sysvar,TRACEMARKUPFADECTL,,https://help.autodesk.com/cloudhelp/2026/ENU/AutoCAD-Core/files/GUID-4A3C5739-32D4-4C46-B718-4E5F0FE0CA1E.htm,no,,"Controls the transparency of faded markups. The lower the number, the more visible the markup is."
sysvar,TRACEMODE,,https://help.autodesk.com/cloudhelp/2026/ENU/AutoCAD-Core/files/GUID-B026D045-3154-4989-9711-B31159CCF5AB.htm,no,,Indicates whether Trace is active and which mode is current - editing or viewing.
sysvar,TRACEOSNAP,,https://help.autodesk.com/cloudhelp/2026/ENU/AutoCAD-Core/files/GUID-4B220A84-9185-4213-9C07-EE36E0411546.htm,no,,Controls whether object snaps apply to trace geometry while viewing a trace.
sysvar,TRACEPALETTESTATE,,https://help.autodesk.com/cloudhelp/2026/ENU/AutoCAD-Core/files/GUID-017F3481-442D-410A-8BB7-5A79195327B0.htm,no,,Reports whether the Traces palette is open or closed.
sysvar,TRACEPAPERCTL,,https://help.autodesk.com/cloudhelp/2026/ENU/AutoCAD-Core/files/GUID-B2D2101F-F8E4-468A-9FAE-DC7BBE909985.htm,no,,Controls the opaqueness of the tracing paper effect.
sysvar,TRACEVPSUPPORT,,https://help.autodesk.com/cloudhelp/2026/ENU/AutoCAD-Core/files/GUID-5AEC6D3B-597A-41CD-A654-3A078F729FDD.htm,no,,Controls whether markup assist boxes are actionable within a currently active model space viewport.
sysvar,TRACKPATH,,https://help.autodesk.com/cloudhelp/2026/ENU/AutoCAD-Core/files/GUID-6BF0703C-28B2-4591-8337-34B8C20443F2.htm,no,,Controls the display of polar and object snap tracking alignment paths.
sysvar,TRANSPARENCYDISPLAY,,https://help.autodesk.com/cloudhelp/2026/ENU/AutoCAD-Core/files/GUID-0908F1AC-D122-4B3D-A17C-8705D03A0D0C.htm,no,,Controls whether the transparency property assigned to individual objects or bylayer is visible or suppressed.
sysvar,TRAYICONS,,https://help.autodesk.com/cloudhelp/2026/ENU/AutoCAD-Core/files/GUID-15781673-1E08-4A81-9E12-4787B80AA9C2.htm,no,,Controls whether a tray is displayed on the status bar.
sysvar,TRAYNOTIFY,,https://help.autodesk.com/cloudhelp/2026/ENU/AutoCAD-Core/files/GUID-A04959FC-2592-4A48-B82B-82A43CF14986.htm,no,,Controls whether service notifications are displayed in the status bar tray.
sysvar,TRAYTIMEOUT,,https://help.autodesk.com/cloudhelp/2026/ENU/AutoCAD-Core/files/GUID-E9E9A296-E43D-486F-AD5D-4814C5453B7F.htm,no,,Controls the length of time in seconds that service notifications are displayed.
sysvar,TREEDEPTH,,https://help.autodesk.com/cloudhelp/2026/ENU/AutoCAD-Core/files/GUID-BDC94EB9-20E9-4C97-BD8B-DB2530CB968D.htm,no,,"Specifies the maximum depth, that is, the number of times the tree-structured spatial index can divide into branches."
sysvar,TREEMAX,,https://help.autodesk.com/cloudhelp/2026/ENU/AutoCAD-Core/files/GUID-B55FB419-48CC-44B9-8CB9-B9BFA8699EF7.htm,no,,Limits memory consumption during drawing regeneration by limiting the number of nodes in the spatial index (oct-tree).
sysvar,TRIMEDGES,,https://help.autodesk.com/cloudhelp/2026/ENU/AutoCAD-Core/files/GUID-6C0E9377-9DA8-4681-A880-FCCB1EF96E14.htm,no,,Controls whether trimming and extending to hatches with Quick mode is limited to the edges of the hatches or includes the objects within hatch patterns.
sysvar,TRIMEXTENDMODE,,https://help.autodesk.com/cloudhelp/2026/ENU/AutoCAD-Core/files/GUID-52B3803E-FADC-4D7B-9BF2-A176C7FB7535.htm,no,,Controls whether the TRIM and EXTEND commands use streamlined inputs.
sysvar,TRIMMODE,,https://help.autodesk.com/cloudhelp/2026/ENU/AutoCAD-Core/files/GUID-3D639DCE-5A01-4C07-899D-0595F8DDEBF7.htm,yes,packages/kernel/src/lib.rs:202,Controls whether selected edges for chamfers and fillets are trimmed.
sysvar,TRUSTEDPATHS,,https://help.autodesk.com/cloudhelp/2026/ENU/AutoCAD-Core/files/GUID-2FB4611D-F141-48D5-9B6E-460EB59351AF.htm,no,,Specifies which folders have permission to load and execute files that contain code.
sysvar,TSPACEFAC,,https://help.autodesk.com/cloudhelp/2026/ENU/AutoCAD-Core/files/GUID-FA849C58-5C2B-433A-8A9A-F884847D1712.htm,no,,Controls the multiline text line-spacing distance measured as a factor of text height.
sysvar,TSPACETYPE,,https://help.autodesk.com/cloudhelp/2026/ENU/AutoCAD-Core/files/GUID-D3A5D0FF-1550-4D32-BA8E-857D72918F4C.htm,no,,Controls the type of line spacing used in multiline text.
sysvar,TSTACKALIGN,,https://help.autodesk.com/cloudhelp/2026/ENU/AutoCAD-Core/files/GUID-3E60C538-D2B3-42E6-ABCE-752C29521946.htm,no,,Controls the vertical alignment of stacked text.
sysvar,TSTACKSIZE,,https://help.autodesk.com/cloudhelp/2026/ENU/AutoCAD-Core/files/GUID-CDF1EF21-29DB-429F-BB7F-7DE9A6E37625.htm,no,,Controls the percentage of stacked text fraction height relative to selected text's current height.
sysvar,UCS2DDISPLAYSETTING,,https://help.autodesk.com/cloudhelp/2026/ENU/AutoCAD-Core/files/GUID-37436D1D-0662-4016-8964-DCF09E356B5D.htm,no,,Displays the UCS icon when the 2D Wireframe visual style is current.
sysvar,UCS3DPARADISPLAYSETTING,,https://help.autodesk.com/cloudhelp/2026/ENU/AutoCAD-Core/files/GUID-3F1B8B77-8C1B-4EAF-8D03-DBDE5AA067BA.htm,no,,Displays the UCS icon when perspective view is off and a 3D visual style is current.
sysvar,UCS3DPERPDISPLAYSETTING,,https://help.autodesk.com/cloudhelp/2026/ENU/AutoCAD-Core/files/GUID-37A7B259-98D6-4838-9704-CFD0F2CBB10A.htm,no,,Displays the UCS icon when perspective view is on and a 3D visual style is current.
sysvar,UCSAXISANG,,https://help.autodesk.com/cloudhelp/2026/ENU/AutoCAD-Core/files/GUID-C370B5F1-9A62-4394-9973-939BD2071904.htm,no,,"Stores the default angle when rotating the UCS around one of its axes using the X, Y, or Z option of the UCS command."
sysvar,UCSBASE,,https://help.autodesk.com/cloudhelp/2026/ENU/AutoCAD-Core/files/GUID-1ACE78C5-459C-4BC1-85DA-18FC9C5FD572.htm,no,,Stores the name of the UCS that defines the origin and orientation of orthographic UCS settings.
sysvar,UCSDETECT,,https://help.autodesk.com/cloudhelp/2026/ENU/AutoCAD-Core/files/GUID-7BFB1FF9-3498-47DE-A0DA-E0A860B62210.htm,no,,Controls whether dynamic UCS acquisition is active when creating objects involving 3D planar surfaces.
sysvar,UCSFOLLOW,,https://help.autodesk.com/cloudhelp/2026/ENU/AutoCAD-Core/files/GUID-C07B8F08-8854-4A84-94A6-98C5B9A2522A.htm,no,,Generates a plan view whenever you change from one UCS to another.
sysvar,UCSICON,,https://help.autodesk.com/cloudhelp/2026/ENU/AutoCAD-Core/files/GUID-BCC7DA63-7F74-4F61-8605-E36A010FD33A.htm,no,,Controls the visibility and placement of the UCS icon.
sysvar,UCSNAME,,https://help.autodesk.com/cloudhelp/2026/ENU/AutoCAD-Core/files/GUID-7F43D2F1-8AE0-4089-80B1-26EA037B0709.htm,no,,Stores the name of the current user coordinate system for the current viewport in the current space.
sysvar,UCSORG,,https://help.autodesk.com/cloudhelp/2026/ENU/AutoCAD-Core/files/GUID-E74F3E89-C887-44EE-9369-F0ED67607169.htm,no,,Stores the origin point of the current user coordinate system for the current viewport in the current space.
sysvar,UCSORTHO,,https://help.autodesk.com/cloudhelp/2026/ENU/AutoCAD-Core/files/GUID-A8E18ED4-F2FA-4D8D-9FEA-7F19DA3D3B43.htm,no,,Determines whether the XY plane of the UCS is automatically aligned with the plane of the current view when an orthographic view is restored.
sysvar,UCSSELECTMODE,,https://help.autodesk.com/cloudhelp/2026/ENU/AutoCAD-Core/files/GUID-5AEDA561-BE5F-42E0-9A49-0894CCFBE020.htm,no,,Controls whether the UCS icon can be selected and manipulated with grips.
sysvar,UCSVIEW,,https://help.autodesk.com/cloudhelp/2026/ENU/AutoCAD-Core/files/GUID-37336AF7-160A-4A87-9688-46DE8929975C.htm,no,,Determines whether the current UCS is saved with a named view.
sysvar,UCSVP,,https://help.autodesk.com/cloudhelp/2026/ENU/AutoCAD-Core/files/GUID-F71044DB-48DE-4D02-89E4-B1C2BC4C64A0.htm,no,,Determines whether the UCSs in other viewports are dependent or independent of the UCS of the current viewport.
sysvar,UCSXDIR,,https://help.autodesk.com/cloudhelp/2026/ENU/AutoCAD-Core/files/GUID-F2A48D4C-47E8-4147-8580-C604351A8D27.htm,no,,Stores the X direction of the current UCS for the current viewport in the current space.
sysvar,UCSYDIR,,https://help.autodesk.com/cloudhelp/2026/ENU/AutoCAD-Core/files/GUID-F2E99479-FC68-4460-BE1F-68383AC1BE98.htm,no,,Stores the Y direction of the current UCS for the current viewport in the current space.
sysvar,UNDOCTL,,https://help.autodesk.com/cloudhelp/2026/ENU/AutoCAD-Core/files/GUID-A28ACE3A-D8BB-4933-8FFC-3AF0F7BA0330.htm,no,,Displays the options used in the UNDO command.
sysvar,UNDOMARKS,,https://help.autodesk.com/cloudhelp/2026/ENU/AutoCAD-Core/files/GUID-6F47FEE0-823D-4C0A-AAA4-DA11215BCDD3.htm,no,,Displays the number of marks placed in the UNDO control stream.
sysvar,UNITMODE,,https://help.autodesk.com/cloudhelp/2026/ENU/AutoCAD-Core/files/GUID-C52134E8-10EB-4AE7-A0C0-8F798C68F823.htm,no,,Controls the display format for units.
sysvar,UOSNAP,,https://help.autodesk.com/cloudhelp/2026/ENU/AutoCAD-Core/files/GUID-4D95FB38-58B7-4F32-9F29-FC7EA49EB4E2.htm,no,,"Determines whether object snaps are available for geometry in DWF, DWFx, PDF, and DGN underlays."
sysvar,UPDATETHUMBNAIL,,https://help.autodesk.com/cloudhelp/2026/ENU/AutoCAD-Core/files/GUID-8DEFD44A-66B1-479E-9FBC-8ECADA03EFAC.htm,no,,Controls updating of the thumbnail previews for views and layouts.
sysvar,USERI1-5,,https://help.autodesk.com/cloudhelp/2026/ENU/AutoCAD-Core/files/GUID-BDC0BB08-FCDD-4E4F-AC3F-407696911F8B.htm,no,,Provides storage and retrieval of integer values.
sysvar,USERR1-5,,https://help.autodesk.com/cloudhelp/2026/ENU/AutoCAD-Core/files/GUID-DBDAD959-AAB0-4E85-87D3-A5841A5BC281.htm,no,,Provides storage and retrieval of real numbers.
sysvar,USERS1-5,,https://help.autodesk.com/cloudhelp/2026/ENU/AutoCAD-Core/files/GUID-47739A56-E39C-476E-A430-1B10509A1B43.htm,no,,Provides storage and retrieval of text string data.
sysvar,VIEWBACKSTATUS,,https://help.autodesk.com/cloudhelp/2026/ENU/AutoCAD-Core/files/GUID-11389AEA-E166-4DE5-8D32-EB764B951510.htm,no,,Stores whether a previous view is available for the VIEWBACK command.
sysvar,VIEWCTR,,https://help.autodesk.com/cloudhelp/2026/ENU/AutoCAD-Core/files/GUID-6F641FE3-8F12-491A-905B-A097D5B9718B.htm,no,,Stores the center of the view in the current viewport.
sysvar,VIEWDIR,,https://help.autodesk.com/cloudhelp/2026/ENU/AutoCAD-Core/files/GUID-30ED47BF-A7B7-4331-B1AF-976FCCD0FBCB.htm,no,,"Stores the viewing direction in the current viewport, expressed in UCS coordinates."
sysvar,VIEWFWDSTATUS,,https://help.autodesk.com/cloudhelp/2026/ENU/AutoCAD-Core/files/GUID-44A2ECBF-067F-46A8-852D-4A2E3F44130F.htm,no,,Stores whether a previous view is available for the VIEWFORWARD command.
sysvar,VIEWMODE,,https://help.autodesk.com/cloudhelp/2026/ENU/AutoCAD-Core/files/GUID-01F9D6D3-0A43-4BCB-AA5C-65459D4BBC78.htm,no,,Stores the view settings for the current viewport.
sysvar,VIEWPORTLAYER,,https://help.autodesk.com/cloudhelp/2026/ENU/AutoCAD-Core/files/GUID-0A44A8C4-298A-4C94-B1EE-14FD6EDDC3E4.htm,no,,Specifies a default layer for new viewports.
sysvar,VIEWSIZE,,https://help.autodesk.com/cloudhelp/2026/ENU/AutoCAD-Core/files/GUID-31B50CD0-4943-4E9B-8735-C15CB3C4268C.htm,no,,"Stores the height of the view displayed in the current viewport, measured in drawing units."
sysvar,VIEWSKETCHMODE,,https://help.autodesk.com/cloudhelp/2026/ENU/AutoCAD-Core/files/GUID-A5053CC6-8B1B-4CE5-A0DD-5DC3CF0CAB23.htm,no,,Indicates whether the system is in symbol sketch mode or not.
sysvar,VIEWTWIST,,https://help.autodesk.com/cloudhelp/2026/ENU/AutoCAD-Core/files/GUID-5357731F-8FC6-4413-A7B2-3E152CD3127B.htm,no,,Stores the view rotation angle for the current viewport measured relative to the WCS.
sysvar,VIEWUPDATEAUTO,,https://help.autodesk.com/cloudhelp/2026/ENU/AutoCAD-Core/files/GUID-7300BF21-512A-44F5-9F81-20B63FD21110.htm,no,,Controls whether model documentation drawing views are updated automatically when the source model changes.
sysvar,VISRETAIN,,https://help.autodesk.com/cloudhelp/2026/ENU/AutoCAD-Core/files/GUID-897B1672-4E09-42E0-B857-A9D1F96ED671.htm,no,,Controls the properties of xref-dependent layers.
sysvar,VISRETAINMODE,,https://help.autodesk.com/cloudhelp/2026/ENU/AutoCAD-Core/files/GUID-46480687-6DFF-499E-B7C0-E741AEA11D00.htm,no,,Controls the behavior of the VISRETAIN system variable when it's set to 1.
sysvar,VPCONTROL,,https://help.autodesk.com/cloudhelp/2026/ENU/AutoCAD-Core/files/GUID-61017FE1-B409-4DCA-948F-4B09903992C7.htm,no,,"Controls whether the options for viewports, views, and visual styles are displayed in the upper-left corner of every viewport."
sysvar,VPLAYEROVERRIDES,,https://help.autodesk.com/cloudhelp/2026/ENU/AutoCAD-Core/files/GUID-40CDDEA9-37A5-4530-9BCF-42CF746FB173.htm,no,,Indicates if there are any layers with viewport (VP) property overrides for the current layout viewport.
sysvar,VPLAYEROVERRIDESMODE,,https://help.autodesk.com/cloudhelp/2026/ENU/AutoCAD-Core/files/GUID-C70C14C3-7BF1-4199-BFD4-7AF172E344CB.htm,no,,Controls whether layer property overrides for layout viewports are displayed and plotted.
sysvar,VPMAXIMIZEDSTATE,,https://help.autodesk.com/cloudhelp/2026/ENU/AutoCAD-Core/files/GUID-BB58132B-1CF7-439D-B409-7EB1885E6CB8.htm,no,,Indicates whether the viewport is maximized or not.
sysvar,VPROTATEASSOC,,https://help.autodesk.com/cloudhelp/2026/ENU/AutoCAD-Core/files/GUID-D44A1A81-CE0A-49BC-BF34-42A0BF9E847B.htm,no,,Controls whether the view within a viewport is rotated with the viewport when the viewport is rotated.
sysvar,VSACURVATUREHIGH,,https://help.autodesk.com/cloudhelp/2026/ENU/AutoCAD-Core/files/GUID-E6C0D685-A93F-4DEB-A78D-4C22B2BA1735.htm,no,,Sets the value at which a surface displays as green during curvature analysis (ANALYSISCURVATURE).
sysvar,VSACURVATURELOW,,https://help.autodesk.com/cloudhelp/2026/ENU/AutoCAD-Core/files/GUID-E8717E47-F1FA-4300-AD5D-01653BAB0A4A.htm,no,,Sets the value at which a surface displays as blue during curvature analysis (ANALYSISCURVATURE).
sysvar,VSACURVATURETYPE,,https://help.autodesk.com/cloudhelp/2026/ENU/AutoCAD-Core/files/GUID-4246C216-CCEB-4077-8359-4201760A1C44.htm,no,,Controls which type of curvature analysis is used with the (ANALYSISCURVATURE).
sysvar,VSADRAFTANGLEHIGH,,https://help.autodesk.com/cloudhelp/2026/ENU/AutoCAD-Core/files/GUID-C770ECF0-1C41-4D13-B848-60FAB95740BF.htm,no,,Sets the value at which a model displays as green during draft analysis (ANALYSISDRAFT).
sysvar,VSADRAFTANGLELOW,,https://help.autodesk.com/cloudhelp/2026/ENU/AutoCAD-Core/files/GUID-5FF7D508-AC7B-4095-B386-911574EF75D5.htm,no,,Sets the value at which a model displays as blue during draft analysis (ANALYSISDRAFT).
sysvar,VSAZEBRACOLOR1,,https://help.autodesk.com/cloudhelp/2026/ENU/AutoCAD-Core/files/GUID-12BD473D-92DF-4754-998F-4FF2CABC3C74.htm,no,,Sets the first color of the zebra stripes displayed during zebra analysis (ANALYSISZEBRA).
sysvar,VSAZEBRACOLOR2,,https://help.autodesk.com/cloudhelp/2026/ENU/AutoCAD-Core/files/GUID-4B3BF9D7-C002-42FC-9748-F31DB1D65B31.htm,no,,Sets the second (contrasting) color of the zebra stripes displayed during zebra analysis (ANALYSISZEBRA).
sysvar,VSAZEBRADIRECTION,,https://help.autodesk.com/cloudhelp/2026/ENU/AutoCAD-Core/files/GUID-A4DFC27E-5533-4096-AFA6-8C76CCB8271F.htm,no,,"Controls whether zebra stripes display horizontally, vertically, or at an angle during zebra analysis (ANALYSISBRA)."
sysvar,VSAZEBRASIZE,,https://help.autodesk.com/cloudhelp/2026/ENU/AutoCAD-Core/files/GUID-C08DB688-221E-42EF-8A12-B2A62EF938C3.htm,no,,Controls the width of the zebra stripes displayed during zebra analysis (ANALYSISZEBRA).
sysvar,VSAZEBRATYPE,,https://help.autodesk.com/cloudhelp/2026/ENU/AutoCAD-Core/files/GUID-20469CB5-5D3A-494F-906A-7251930B7621.htm,no,,Sets the type of zebra display when using zebra analysis (ANALYSISZEBRA).
sysvar,VSBACKGROUNDS,,https://help.autodesk.com/cloudhelp/2026/ENU/AutoCAD-Core/files/GUID-5294FB47-1581-4DE3-BE51-21CE7493E573.htm,no,,Controls whether backgrounds are displayed in the visual style applied to the current viewport.
sysvar,VSEDGECOLOR,,https://help.autodesk.com/cloudhelp/2026/ENU/AutoCAD-Core/files/GUID-7BCDF702-521E-4B3F-BFD5-1F20B2519247.htm,no,,Sets the color of edges in the visual style in the current viewport.
sysvar,VSEDGEJITTER,,https://help.autodesk.com/cloudhelp/2026/ENU/AutoCAD-Core/files/GUID-16BCE894-58CB-4644-B5CD-CAF34EA3B968.htm,no,,"Makes the edges on objects appear with several linear strokes, as though they were sketched with a pencil."
sysvar,VSEDGELEX,,https://help.autodesk.com/cloudhelp/2026/ENU/AutoCAD-Core/files/GUID-416A46CB-4045-44ED-BFCD-310E614402A6.htm,no,,Controls the number of pixels that lines and edges appear to extend beyond their endpoints for a hand-drawn effect.
sysvar,VSEDGEOVERHANG,,https://help.autodesk.com/cloudhelp/2026/ENU/AutoCAD-Core/files/GUID-08C892BF-D630-4EE2-9259-E6CA012B1AB7.htm,no,,Obsolete. Replaced by the VSOCCLUDEDCOLOR system variable.
sysvar,VSEDGES,,https://help.autodesk.com/cloudhelp/2026/ENU/AutoCAD-Core/files/GUID-AEA68A47-48B7-412E-B2C5-9AA21EE4A669.htm,no,,Controls the types of edges that are displayed in the viewport.
sysvar,VSEDGESMOOTH,,https://help.autodesk.com/cloudhelp/2026/ENU/AutoCAD-Core/files/GUID-00E8DD9B-D7E4-4720-84BE-3E3554424F11.htm,no,,Specifies the angle at which crease edges are displayed.
sysvar,VSFACECOLORMODE,,https://help.autodesk.com/cloudhelp/2026/ENU/AutoCAD-Core/files/GUID-8DAF78F6-5088-4D86-B858-759BB7674570.htm,no,,Controls how the color of faces is calculated.
sysvar,VSFACEHIGHLIGHT,,https://help.autodesk.com/cloudhelp/2026/ENU/AutoCAD-Core/files/GUID-94547162-5EF4-4435-BCFC-4E165A302BEC.htm,no,,Controls the display of specular highlights on faces without materials in the current viewport.
sysvar,VSFACEOPACITY,,https://help.autodesk.com/cloudhelp/2026/ENU/AutoCAD-Core/files/GUID-BCBB0B39-1527-4C11-A02F-911E2C04BF2F.htm,no,,Turns on and off a preset level of transparency for 3D objects.
sysvar,VSFACESTYLE,,https://help.autodesk.com/cloudhelp/2026/ENU/AutoCAD-Core/files/GUID-26F78CF6-8164-480B-B39C-52216E5B1B88.htm,no,,"Controls how faces, solid-fill hatches, and gradients are displayed in the current viewport."
sysvar,VSHALOGAP,,https://help.autodesk.com/cloudhelp/2026/ENU/AutoCAD-Core/files/GUID-A6242C38-7507-4216-AE95-2784EE1870A4.htm,no,,Sets the halo gap in the visual style applied to the current viewport.
sysvar,VSHIDEPRECISION,,https://help.autodesk.com/cloudhelp/2026/ENU/AutoCAD-Core/files/GUID-10B81B2D-81DA-4176-9878-2539D1D0AF4D.htm,no,,Obsolete. Controls the accuracy of hides and shades in the visual style applied to the current viewport.
sysvar,VSINTERSECTIONCOLOR,,https://help.autodesk.com/cloudhelp/2026/ENU/AutoCAD-Core/files/GUID-510292F6-EB7F-4167-AF7D-2087F39DEF47.htm,no,,"Sets the color of the intersections of independent 3D solids, surfaces, and meshes for a visual style."
sysvar,VSINTERSECTIONEDGES,,https://help.autodesk.com/cloudhelp/2026/ENU/AutoCAD-Core/files/GUID-02F8B554-D1DD-437B-8AA3-64575B88BC1F.htm,no,,"Controls the display of the intersections of independent 3D solids, surfaces, and meshes for a visual style."
sysvar,VSINTERSECTIONLTYPE,,https://help.autodesk.com/cloudhelp/2026/ENU/AutoCAD-Core/files/GUID-0321160F-7487-4573-999D-1FDEAF00D6F6.htm,no,,"Sets the linetype of the intersections of independent 3D solids, surfaces, and meshes for a visual style."
sysvar,VSISOONTOP,,https://help.autodesk.com/cloudhelp/2026/ENU/AutoCAD-Core/files/GUID-9143D739-0D86-48BE-9F7E-AE3B4CACE050.htm,no,,Displays isolines on top of shaded objects in the visual style applied to the current viewport.
sysvar,VSLIGHTINGQUALITY,,https://help.autodesk.com/cloudhelp/2026/ENU/AutoCAD-Core/files/GUID-6E3771E8-7D64-4B8B-BD57-20FCD3B465D8.htm,no,,Sets the lighting quality in the current viewport.
sysvar,VSMATERIALMODE,,https://help.autodesk.com/cloudhelp/2026/ENU/AutoCAD-Core/files/GUID-06C459DA-3D4B-4796-89B4-4521795DC7CE.htm,no,,Controls the display of materials in the current viewport.
sysvar,VSMAX,,https://help.autodesk.com/cloudhelp/2026/ENU/AutoCAD-Core/files/GUID-676295A1-1CEC-4CA6-BCAA-65779EEC5B5D.htm,no,,Stores the upper-right corner of the current viewport's virtual screen.
sysvar,VSMIN,,https://help.autodesk.com/cloudhelp/2026/ENU/AutoCAD-Core/files/GUID-3C57A560-FCBB-4564-96E8-C28E5DFFF593.htm,no,,Stores the lower-left corner of the current viewport's virtual screen.
sysvar,VSMONOCOLOR,,https://help.autodesk.com/cloudhelp/2026/ENU/AutoCAD-Core/files/GUID-96A9A82E-6ED7-4009-9EBC-1C95FF709DED.htm,no,,Sets the color for monochrome and tint display of faces in the visual style applied to the current viewport.
sysvar,VSOBSCUREDCOLOR,,https://help.autodesk.com/cloudhelp/2026/ENU/AutoCAD-Core/files/GUID-97875E31-844E-48D9-BD35-AC7466B3E0F2.htm,no,,Obsolete. Replaced by the VSOCCLUDEDCOLOR system variable.
sysvar,VSOBSCUREDEDGES,,https://help.autodesk.com/cloudhelp/2026/ENU/AutoCAD-Core/files/GUID-4C029A29-088E-4589-8DC1-744B1829E5D1.htm,no,,Obsolete. Replaced by the VSOCCLUDEDEDGES system variable.
sysvar,VSOBSCUREDLTYPE,,https://help.autodesk.com/cloudhelp/2026/ENU/AutoCAD-Core/files/GUID-6EBF2295-54DE-48E2-A028-708D14F85CB4.htm,no,,Obsolete. Replaced by the VSOCCLUDEDLTYPE system variable.
sysvar,VSOCCLUDEDCOLOR,,https://help.autodesk.com/cloudhelp/2026/ENU/AutoCAD-Core/files/GUID-D5AC4805-9F95-4E93-A3CE-6A1ABAE75C4A.htm,no,,Specifies the color of hidden lines displayed for a visual style.
sysvar,VSOCCLUDEDEDGES,,https://help.autodesk.com/cloudhelp/2026/ENU/AutoCAD-Core/files/GUID-FB755451-C5C6-454E-B9E6-50B638EF9650.htm,no,,Controls whether hidden edges are displayed for a visual style.
sysvar,VSOCCLUDEDLTYPE,,https://help.autodesk.com/cloudhelp/2026/ENU/AutoCAD-Core/files/GUID-27853A50-8881-457D-BB18-F30BBA1CDB8C.htm,no,,Specifies the linetype of hidden lines displayed for a visual style.
sysvar,VSSHADOWS,,https://help.autodesk.com/cloudhelp/2026/ENU/AutoCAD-Core/files/GUID-5582A510-88D3-4113-8886-A27DD0C95F1F.htm,no,,Controls whether a visual style displays shadows.
sysvar,VSSILHEDGES,,https://help.autodesk.com/cloudhelp/2026/ENU/AutoCAD-Core/files/GUID-F5E3C87D-F43B-42D7-BF2B-AC7239906F20.htm,no,,Controls display of silhouette edges of solid objects in the visual style applied to the current viewport.
sysvar,VSSILHWIDTH,,https://help.autodesk.com/cloudhelp/2026/ENU/AutoCAD-Core/files/GUID-6673EBEC-B829-402C-A868-849985B46771.htm,no,,Specifies the width in pixels of silhouette edges in the current viewport.
sysvar,VSSTATE,,https://help.autodesk.com/cloudhelp/2026/ENU/AutoCAD-Core/files/GUID-C49FC69B-185B-4B9B-8FEC-0F0886FA5730.htm,no,,Indicates whether the Visual Styles window is open or closed.
sysvar,VTDURATION,,https://help.autodesk.com/cloudhelp/2026/ENU/AutoCAD-Core/files/GUID-6D9BC830-B194-4B07-91F5-9F9B359CF870.htm,no,,"Sets the duration of a smooth view transition, in milliseconds."
sysvar,VTENABLE,,https://help.autodesk.com/cloudhelp/2026/ENU/AutoCAD-Core/files/GUID-D0AF2638-DE82-4CB2-A7D8-C771EB5CDD6D.htm,no,,Controls when smooth view transitions are used.
sysvar,VTFPS,,https://help.autodesk.com/cloudhelp/2026/ENU/AutoCAD-Core/files/GUID-2E80345C-4F20-4C50-A7EC-0E361A388B68.htm,no,,"Sets the minimum speed of a smooth view transition, in frames per second."
sysvar,WBLOCKCREATEMODE,,https://help.autodesk.com/cloudhelp/2026/ENU/AutoCAD-Core/files/GUID-9A839134-A53C-4B84-A96C-FB12B411C649.htm,no,,Sets the behavior for selected objects after saving the blocks as a file with the WBLOCK and -WBLOCK commands.
sysvar,WHIPARC,,https://help.autodesk.com/cloudhelp/2026/ENU/AutoCAD-Core/files/GUID-DFB5E247-3ADF-4F73-9DE3-E6EA4D2F4AAA.htm,no,,Controls how circles and arcs are displayed.
sysvar,WHIPTHREAD,,https://help.autodesk.com/cloudhelp/2026/ENU/AutoCAD-Core/files/GUID-DF14446D-1EB4-44DF-859C-01977F6C4CD0.htm,no,,Controls whether to use an additional processor to improve the speed of certain operations such as those that regenerate the drawing.
sysvar,WINDOWAREACOLOR,,https://help.autodesk.com/cloudhelp/2026/ENU/AutoCAD-Core/files/GUID-67BDB659-F4F4-407F-9746-3861C4CD92A2.htm,no,,Controls the color of the transparent selection area during window selection.
sysvar,WIPEOUTFRAME,,https://help.autodesk.com/cloudhelp/2026/ENU/AutoCAD-Core/files/GUID-AF1A9E90-35FB-4A49-AA39-E3456B4F264D.htm,no,,Controls the display of frames for wipeout objects.
sysvar,WMFBKGND,,https://help.autodesk.com/cloudhelp/2026/ENU/AutoCAD-Core/files/GUID-51DB9284-EAF6-478E-8A3F-2A18E7A9263B.htm,no,,Controls the background display when objects are inserted in Windows metafile (WMF) format.
sysvar,WMFFOREGND,,https://help.autodesk.com/cloudhelp/2026/ENU/AutoCAD-Core/files/GUID-485219AF-71F4-4E7A-B5FD-BE53E358AC54.htm,no,,Controls the assignment of the foreground color when objects are inserted in Windows metafile (WMF) format.
sysvar,WORKINGFOLDER,,https://help.autodesk.com/cloudhelp/2026/ENU/AutoCAD-Core/files/GUID-45D59F0E-2F4A-4C97-A013-76E8A12D2408.htm,no,,"Stores the drive and folder path of the operating system's working folder for the process, which can be of interest to developers."
sysvar,WORKSPACELABEL,,https://help.autodesk.com/cloudhelp/2026/ENU/AutoCAD-Core/files/GUID-5B1F561B-E8ED-4868-A267-1411279A95F5.htm,no,,Controls whether to display the name of the current workspace in the status bar.
sysvar,WORLDUCS,,https://help.autodesk.com/cloudhelp/2026/ENU/AutoCAD-Core/files/GUID-2513B817-8652-49C9-87CE-9F44166F4453.htm,no,,Indicates whether the UCS is coincident with the WCS.
sysvar,WORLDVIEW,,https://help.autodesk.com/cloudhelp/2026/ENU/AutoCAD-Core/files/GUID-10E07536-F859-4253-B393-44DAF3E41D26.htm,no,,Determines whether input to the DVIEW and VPOINT commands is relative to the WCS (default) or the current UCS.
sysvar,WRITESTAT,,https://help.autodesk.com/cloudhelp/2026/ENU/AutoCAD-Core/files/GUID-508C22CF-FDDC-4D42-83CB-D604067BA57E.htm,no,,Indicates whether a drawing file is read-only or can be revised.
sysvar,WSAUTOSAVE,,https://help.autodesk.com/cloudhelp/2026/ENU/AutoCAD-Core/files/GUID-8E8D0109-CA57-4E24-A9E2-B588B0BC19CB.htm,no,,Saves changes you made to a workspace when you switch to another workspace.
sysvar,WSCURRENT,,https://help.autodesk.com/cloudhelp/2026/ENU/AutoCAD-Core/files/GUID-0A4B4485-22CC-478E-B641-2F445E4A45FD.htm,no,,Displays the current workspace name at the Command prompt and sets a specified workspace to be the current one.
sysvar,XCLIPFRAME,,https://help.autodesk.com/cloudhelp/2026/ENU/AutoCAD-Core/files/GUID-DA921BBF-A545-4144-A63D-D866772C3759.htm,no,,Determines whether xref clipping boundaries are visible or plotted in the current drawing.
sysvar,XCOMPAREBAKPATH,,https://help.autodesk.com/cloudhelp/2026/ENU/AutoCAD-Core/files/GUID-5108FF7E-4174-47FB-B0F1-0596D322B8A5.htm,no,,Specifies the path where the backup xref file is stored.
sysvar,XCOMPAREBAKSIZE,,https://help.autodesk.com/cloudhelp/2026/ENU/AutoCAD-Core/files/GUID-4296DD7A-054A-4B21-B578-42944D85ED7E.htm,no,,Sets the size of the folder where the backup xref file is stored.
sysvar,XCOMPARECOLORMODE,,https://help.autodesk.com/cloudhelp/2026/ENU/AutoCAD-Core/files/GUID-ADA1FB54-19CF-40C1-984F-B90B950B8525.htm,no,,Switches the visual effect of objects in the host drawing during an xref comparison.
sysvar,XCOMPAREENABLE,,https://help.autodesk.com/cloudhelp/2026/ENU/AutoCAD-Core/files/GUID-180ADA2F-3061-4505-965D-D1FD38F8795C.htm,no,,Enables the comparison between an xref and the referenced drawing file.
sysvar,XDWGFADECTL,,https://help.autodesk.com/cloudhelp/2026/ENU/AutoCAD-Core/files/GUID-D9B77309-E28A-4018-BE4A-92AEA550940B.htm,no,,Controls the dimming for all DWG xref objects.
sysvar,XEDIT,,https://help.autodesk.com/cloudhelp/2026/ENU/AutoCAD-Core/files/GUID-5DA336A1-59BE-4E1E-899C-9349724414E0.htm,no,,Controls whether the current drawing can be edited in-place when being referenced by another drawing.
sysvar,XFADECTL,,https://help.autodesk.com/cloudhelp/2026/ENU/AutoCAD-Core/files/GUID-8B353FAC-0AC4-43AC-8E80-18999A4A7AA1.htm,no,,Controls the amount of fading within a reference being edited in place. This setting affects only the objects that are not being edited in the reference.
sysvar,XLOADCTL,,https://help.autodesk.com/cloudhelp/2026/ENU/AutoCAD-Core/files/GUID-C89AD1A8-458B-4F51-B651-7C9A754EBF05.htm,no,,"Turns xref demand-loading on and off, and controls whether it opens the referenced drawing or a copy."
sysvar,XLOADPATH,,https://help.autodesk.com/cloudhelp/2026/ENU/AutoCAD-Core/files/GUID-9A1DE628-0C3C-498A-A301-93E514E49FD8.htm,no,,Creates a path for storing temporary copies of demand-loaded xref files.
sysvar,XREFCTL,,https://help.autodesk.com/cloudhelp/2026/ENU/AutoCAD-Core/files/GUID-566A2A7D-26C6-4192-A932-94EA0F6FE22B.htm,no,,Controls whether external reference log (XLG) files are created.
sysvar,XREFLAYER,,https://help.autodesk.com/cloudhelp/2026/ENU/AutoCAD-Core/files/GUID-ACEE7EBF-68C5-4E02-B043-90F5B4156239.htm,no,,Specifies a default layer for a new xref.
sysvar,XREFNOTIFY,,https://help.autodesk.com/cloudhelp/2026/ENU/AutoCAD-Core/files/GUID-D97BECAD-2380-4CA3-896C-A6896BE112F7.htm,no,,Controls the notification for updated or missing xrefs.
sysvar,XREFOVERRIDE,,https://help.autodesk.com/cloudhelp/2026/ENU/AutoCAD-Core/files/GUID-131E3BBB-A28A-40BC-BDC5-A4486C1E2DBE.htm,no,,Controls the display of object properties on referenced layers.
sysvar,XREFREGAPPCTL,,https://help.autodesk.com/cloudhelp/2026/ENU/AutoCAD-Core/files/GUID-71F86DA9-D519-418A-B8F6-8A6A5D920EF9.htm,no,,Controls whether the registered application (RegApp) records stored in an xref being loaded are copied to the host drawing.
sysvar,XREFTYPE,,https://help.autodesk.com/cloudhelp/2026/ENU/AutoCAD-Core/files/GUID-8BDF8BEE-0207-413F-96D9-5B067DAF6E60.htm,no,,Controls the default reference type when attaching or overlaying an external reference.
sysvar,ZOOMFACTOR,,https://help.autodesk.com/cloudhelp/2026/ENU/AutoCAD-Core/files/GUID-6A77AD55-6035-42FF-8FB1-FB0D8EFE1278.htm,no,,Controls how much the magnification changes when the mouse wheel moves forward or backward.
sysvar,ZOOMWHEEL,,https://help.autodesk.com/cloudhelp/2026/ENU/AutoCAD-Core/files/GUID-94E589B5-E9B2-4E88-9525-EC802BDEE9E9.htm,no,,Toggles the direction of transparent zoom operations when you scroll the middle mouse wheel.
